ISO-10303-21;
HEADER;
/* Generated by software containing ST-Developer
 * from STEP Tools, Inc. (www.steptools.com) 
 */

FILE_DESCRIPTION(
/* description */ ('KiCad electronic assembly'),
/* implementation_level */ '2;1');

FILE_NAME(
/* name */ 'LBottomCase.step',
/* time_stamp */ '2026-01-05T13:38:14+01:00',
/* author */ (''),
/* organization */ (''),
/* preprocessor_version */ 'ST-DEVELOPER v20.1',
/* originating_system */ 'Autodesk Translation Framework v14.21.0.0',
/* authorisation */ '');

FILE_SCHEMA (('AUTOMOTIVE_DESIGN { 1 0 10303 214 3 1 1 }'));
ENDSEC;

DATA;
#10=MECHANICAL_DESIGN_GEOMETRIC_PRESENTATION_REPRESENTATION('',(#13),#2282);
#11=SHAPE_REPRESENTATION_RELATIONSHIP('SRR','None',#2288,#12);
#12=ADVANCED_BREP_SHAPE_REPRESENTATION('',(#14),#2281);
#13=STYLED_ITEM('',(#2297),#14);
#14=MANIFOLD_SOLID_BREP('LBottomCase',#1356);
#15=CYLINDRICAL_SURFACE('',#1372,1.6);
#16=CYLINDRICAL_SURFACE('',#1376,1.6);
#17=CYLINDRICAL_SURFACE('',#1380,1.6);
#18=CYLINDRICAL_SURFACE('',#1384,1.6);
#19=CYLINDRICAL_SURFACE('',#1388,1.6);
#20=CYLINDRICAL_SURFACE('',#1392,1.6);
#21=CYLINDRICAL_SURFACE('',#1394,3.);
#22=CYLINDRICAL_SURFACE('',#1406,3.);
#23=CYLINDRICAL_SURFACE('',#1408,3.);
#24=CYLINDRICAL_SURFACE('',#1410,3.);
#25=CYLINDRICAL_SURFACE('',#1412,3.);
#26=CYLINDRICAL_SURFACE('',#1415,3.75);
#27=CYLINDRICAL_SURFACE('',#1418,3.75);
#28=CYLINDRICAL_SURFACE('',#1421,3.75);
#29=CYLINDRICAL_SURFACE('',#1424,3.75);
#30=CYLINDRICAL_SURFACE('',#1447,4.09999999999997);
#31=CYLINDRICAL_SURFACE('',#1450,3.59999999999999);
#32=CYLINDRICAL_SURFACE('',#1455,4.09999999999997);
#33=CYLINDRICAL_SURFACE('',#1458,3.59999999999999);
#34=CYLINDRICAL_SURFACE('',#1463,4.09999999999997);
#35=CYLINDRICAL_SURFACE('',#1466,3.59999999999999);
#36=CYLINDRICAL_SURFACE('',#1471,4.09999999999997);
#37=CYLINDRICAL_SURFACE('',#1476,3.59999999999999);
#38=CYLINDRICAL_SURFACE('',#1482,3.59999999999999);
#39=CYLINDRICAL_SURFACE('',#1486,4.09999999999997);
#40=CYLINDRICAL_SURFACE('',#1492,4.09999999999997);
#41=CYLINDRICAL_SURFACE('',#1493,3.59999999999999);
#42=FACE_BOUND('',#194,.T.);
#43=FACE_BOUND('',#195,.T.);
#44=FACE_BOUND('',#196,.T.);
#45=FACE_BOUND('',#197,.T.);
#46=FACE_BOUND('',#198,.T.);
#47=FACE_BOUND('',#199,.T.);
#48=FACE_BOUND('',#213,.T.);
#49=FACE_BOUND('',#215,.T.);
#50=FACE_BOUND('',#249,.T.);
#51=FACE_BOUND('',#257,.T.);
#52=FACE_BOUND('',#259,.T.);
#53=FACE_BOUND('',#263,.T.);
#54=FACE_BOUND('',#265,.T.);
#55=FACE_BOUND('',#269,.T.);
#56=FACE_BOUND('',#271,.T.);
#57=FACE_BOUND('',#274,.T.);
#58=FACE_BOUND('',#277,.T.);
#59=FACE_BOUND('',#279,.T.);
#60=FACE_BOUND('',#280,.T.);
#61=FACE_BOUND('',#281,.T.);
#62=FACE_BOUND('',#282,.T.);
#63=FACE_BOUND('',#283,.T.);
#64=FACE_BOUND('',#284,.T.);
#65=FACE_BOUND('',#287,.T.);
#66=FACE_BOUND('',#290,.T.);
#67=FACE_BOUND('',#292,.T.);
#68=FACE_BOUND('',#296,.T.);
#69=PLANE('',#1361);
#70=PLANE('',#1396);
#71=PLANE('',#1401);
#72=PLANE('',#1407);
#73=PLANE('',#1409);
#74=PLANE('',#1411);
#75=PLANE('',#1413);
#76=PLANE('',#1414);
#77=PLANE('',#1417);
#78=PLANE('',#1420);
#79=PLANE('',#1423);
#80=PLANE('',#1426);
#81=PLANE('',#1427);
#82=PLANE('',#1428);
#83=PLANE('',#1429);
#84=PLANE('',#1430);
#85=PLANE('',#1431);
#86=PLANE('',#1432);
#87=PLANE('',#1433);
#88=PLANE('',#1434);
#89=PLANE('',#1435);
#90=PLANE('',#1436);
#91=PLANE('',#1437);
#92=PLANE('',#1438);
#93=PLANE('',#1439);
#94=PLANE('',#1440);
#95=PLANE('',#1441);
#96=PLANE('',#1442);
#97=PLANE('',#1443);
#98=PLANE('',#1444);
#99=PLANE('',#1445);
#100=PLANE('',#1446);
#101=PLANE('',#1453);
#102=PLANE('',#1454);
#103=PLANE('',#1461);
#104=PLANE('',#1462);
#105=PLANE('',#1469);
#106=PLANE('',#1470);
#107=PLANE('',#1474);
#108=PLANE('',#1478);
#109=PLANE('',#1479);
#110=PLANE('',#1485);
#111=PLANE('',#1488);
#112=PLANE('',#1489);
#113=PLANE('',#1495);
#114=FACE_OUTER_BOUND('',#192,.T.);
#115=FACE_OUTER_BOUND('',#193,.T.);
#116=FACE_OUTER_BOUND('',#200,.T.);
#117=FACE_OUTER_BOUND('',#201,.T.);
#118=FACE_OUTER_BOUND('',#202,.T.);
#119=FACE_OUTER_BOUND('',#203,.T.);
#120=FACE_OUTER_BOUND('',#204,.T.);
#121=FACE_OUTER_BOUND('',#205,.T.);
#122=FACE_OUTER_BOUND('',#206,.T.);
#123=FACE_OUTER_BOUND('',#207,.T.);
#124=FACE_OUTER_BOUND('',#208,.T.);
#125=FACE_OUTER_BOUND('',#209,.T.);
#126=FACE_OUTER_BOUND('',#210,.T.);
#127=FACE_OUTER_BOUND('',#211,.T.);
#128=FACE_OUTER_BOUND('',#212,.T.);
#129=FACE_OUTER_BOUND('',#214,.T.);
#130=FACE_OUTER_BOUND('',#216,.T.);
#131=FACE_OUTER_BOUND('',#217,.T.);
#132=FACE_OUTER_BOUND('',#218,.T.);
#133=FACE_OUTER_BOUND('',#219,.T.);
#134=FACE_OUTER_BOUND('',#220,.T.);
#135=FACE_OUTER_BOUND('',#221,.T.);
#136=FACE_OUTER_BOUND('',#222,.T.);
#137=FACE_OUTER_BOUND('',#223,.T.);
#138=FACE_OUTER_BOUND('',#224,.T.);
#139=FACE_OUTER_BOUND('',#225,.T.);
#140=FACE_OUTER_BOUND('',#226,.T.);
#141=FACE_OUTER_BOUND('',#227,.T.);
#142=FACE_OUTER_BOUND('',#228,.T.);
#143=FACE_OUTER_BOUND('',#229,.T.);
#144=FACE_OUTER_BOUND('',#230,.T.);
#145=FACE_OUTER_BOUND('',#231,.T.);
#146=FACE_OUTER_BOUND('',#232,.T.);
#147=FACE_OUTER_BOUND('',#233,.T.);
#148=FACE_OUTER_BOUND('',#234,.T.);
#149=FACE_OUTER_BOUND('',#235,.T.);
#150=FACE_OUTER_BOUND('',#236,.T.);
#151=FACE_OUTER_BOUND('',#237,.T.);
#152=FACE_OUTER_BOUND('',#238,.T.);
#153=FACE_OUTER_BOUND('',#239,.T.);
#154=FACE_OUTER_BOUND('',#240,.T.);
#155=FACE_OUTER_BOUND('',#241,.T.);
#156=FACE_OUTER_BOUND('',#242,.T.);
#157=FACE_OUTER_BOUND('',#243,.T.);
#158=FACE_OUTER_BOUND('',#244,.T.);
#159=FACE_OUTER_BOUND('',#245,.T.);
#160=FACE_OUTER_BOUND('',#246,.T.);
#161=FACE_OUTER_BOUND('',#247,.T.);
#162=FACE_OUTER_BOUND('',#248,.T.);
#163=FACE_OUTER_BOUND('',#250,.T.);
#164=FACE_OUTER_BOUND('',#251,.T.);
#165=FACE_OUTER_BOUND('',#252,.T.);
#166=FACE_OUTER_BOUND('',#253,.T.);
#167=FACE_OUTER_BOUND('',#254,.T.);
#168=FACE_OUTER_BOUND('',#255,.T.);
#169=FACE_OUTER_BOUND('',#256,.T.);
#170=FACE_OUTER_BOUND('',#258,.T.);
#171=FACE_OUTER_BOUND('',#260,.T.);
#172=FACE_OUTER_BOUND('',#261,.T.);
#173=FACE_OUTER_BOUND('',#262,.T.);
#174=FACE_OUTER_BOUND('',#264,.T.);
#175=FACE_OUTER_BOUND('',#266,.T.);
#176=FACE_OUTER_BOUND('',#267,.T.);
#177=FACE_OUTER_BOUND('',#268,.T.);
#178=FACE_OUTER_BOUND('',#270,.T.);
#179=FACE_OUTER_BOUND('',#272,.T.);
#180=FACE_OUTER_BOUND('',#273,.T.);
#181=FACE_OUTER_BOUND('',#275,.T.);
#182=FACE_OUTER_BOUND('',#276,.T.);
#183=FACE_OUTER_BOUND('',#278,.T.);
#184=FACE_OUTER_BOUND('',#285,.T.);
#185=FACE_OUTER_BOUND('',#286,.T.);
#186=FACE_OUTER_BOUND('',#288,.T.);
#187=FACE_OUTER_BOUND('',#289,.T.);
#188=FACE_OUTER_BOUND('',#291,.T.);
#189=FACE_OUTER_BOUND('',#293,.T.);
#190=FACE_OUTER_BOUND('',#294,.T.);
#191=FACE_OUTER_BOUND('',#295,.T.);
#192=EDGE_LOOP('',(#906,#907,#908,#909));
#193=EDGE_LOOP('',(#910,#911,#912,#913,#914,#915,#916,#917,#918,#919,#920,
#921,#922,#923,#924,#925,#926,#927));
#194=EDGE_LOOP('',(#928));
#195=EDGE_LOOP('',(#929));
#196=EDGE_LOOP('',(#930));
#197=EDGE_LOOP('',(#931));
#198=EDGE_LOOP('',(#932));
#199=EDGE_LOOP('',(#933));
#200=EDGE_LOOP('',(#934,#935,#936,#937));
#201=EDGE_LOOP('',(#938,#939,#940,#941));
#202=EDGE_LOOP('',(#942,#943,#944,#945));
#203=EDGE_LOOP('',(#946,#947,#948,#949));
#204=EDGE_LOOP('',(#950,#951,#952,#953));
#205=EDGE_LOOP('',(#954,#955,#956,#957));
#206=EDGE_LOOP('',(#958,#959,#960,#961));
#207=EDGE_LOOP('',(#962,#963,#964,#965));
#208=EDGE_LOOP('',(#966,#967,#968,#969));
#209=EDGE_LOOP('',(#970,#971,#972,#973));
#210=EDGE_LOOP('',(#974,#975,#976,#977));
#211=EDGE_LOOP('',(#978,#979,#980,#981));
#212=EDGE_LOOP('',(#982,#983,#984,#985));
#213=EDGE_LOOP('',(#986,#987,#988,#989,#990,#991,#992,#993));
#214=EDGE_LOOP('',(#994,#995,#996,#997,#998,#999,#1000,#1001,#1002,#1003,
#1004,#1005,#1006,#1007,#1008,#1009,#1010,#1011));
#215=EDGE_LOOP('',(#1012,#1013,#1014,#1015,#1016,#1017,#1018,#1019,#1020,
#1021,#1022,#1023,#1024));
#216=EDGE_LOOP('',(#1025,#1026,#1027,#1028));
#217=EDGE_LOOP('',(#1029,#1030,#1031,#1032));
#218=EDGE_LOOP('',(#1033,#1034,#1035,#1036));
#219=EDGE_LOOP('',(#1037,#1038,#1039,#1040));
#220=EDGE_LOOP('',(#1041,#1042,#1043,#1044));
#221=EDGE_LOOP('',(#1045,#1046,#1047,#1048));
#222=EDGE_LOOP('',(#1049,#1050,#1051,#1052));
#223=EDGE_LOOP('',(#1053,#1054,#1055,#1056));
#224=EDGE_LOOP('',(#1057,#1058,#1059,#1060));
#225=EDGE_LOOP('',(#1061,#1062,#1063,#1064));
#226=EDGE_LOOP('',(#1065,#1066,#1067,#1068));
#227=EDGE_LOOP('',(#1069,#1070,#1071,#1072));
#228=EDGE_LOOP('',(#1073,#1074,#1075,#1076));
#229=EDGE_LOOP('',(#1077,#1078,#1079,#1080));
#230=EDGE_LOOP('',(#1081,#1082,#1083,#1084));
#231=EDGE_LOOP('',(#1085,#1086,#1087,#1088));
#232=EDGE_LOOP('',(#1089,#1090,#1091,#1092));
#233=EDGE_LOOP('',(#1093,#1094,#1095,#1096));
#234=EDGE_LOOP('',(#1097,#1098,#1099,#1100));
#235=EDGE_LOOP('',(#1101,#1102,#1103,#1104));
#236=EDGE_LOOP('',(#1105,#1106,#1107,#1108));
#237=EDGE_LOOP('',(#1109,#1110,#1111,#1112));
#238=EDGE_LOOP('',(#1113,#1114,#1115,#1116));
#239=EDGE_LOOP('',(#1117,#1118,#1119,#1120));
#240=EDGE_LOOP('',(#1121,#1122,#1123,#1124));
#241=EDGE_LOOP('',(#1125,#1126,#1127,#1128));
#242=EDGE_LOOP('',(#1129,#1130,#1131,#1132));
#243=EDGE_LOOP('',(#1133,#1134,#1135,#1136));
#244=EDGE_LOOP('',(#1137,#1138,#1139,#1140));
#245=EDGE_LOOP('',(#1141,#1142,#1143,#1144));
#246=EDGE_LOOP('',(#1145,#1146,#1147,#1148));
#247=EDGE_LOOP('',(#1149,#1150,#1151,#1152));
#248=EDGE_LOOP('',(#1153,#1154,#1155,#1156));
#249=EDGE_LOOP('',(#1157,#1158,#1159,#1160,#1161,#1162,#1163,#1164));
#250=EDGE_LOOP('',(#1165,#1166,#1167,#1168));
#251=EDGE_LOOP('',(#1169,#1170,#1171,#1172));
#252=EDGE_LOOP('',(#1173,#1174,#1175,#1176));
#253=EDGE_LOOP('',(#1177,#1178,#1179,#1180));
#254=EDGE_LOOP('',(#1181,#1182,#1183,#1184));
#255=EDGE_LOOP('',(#1185,#1186,#1187,#1188));
#256=EDGE_LOOP('',(#1189));
#257=EDGE_LOOP('',(#1190));
#258=EDGE_LOOP('',(#1191));
#259=EDGE_LOOP('',(#1192));
#260=EDGE_LOOP('',(#1193,#1194,#1195,#1196));
#261=EDGE_LOOP('',(#1197,#1198,#1199,#1200));
#262=EDGE_LOOP('',(#1201));
#263=EDGE_LOOP('',(#1202));
#264=EDGE_LOOP('',(#1203));
#265=EDGE_LOOP('',(#1204));
#266=EDGE_LOOP('',(#1205,#1206,#1207,#1208));
#267=EDGE_LOOP('',(#1209,#1210,#1211,#1212));
#268=EDGE_LOOP('',(#1213));
#269=EDGE_LOOP('',(#1214));
#270=EDGE_LOOP('',(#1215));
#271=EDGE_LOOP('',(#1216));
#272=EDGE_LOOP('',(#1217,#1218,#1219,#1220));
#273=EDGE_LOOP('',(#1221));
#274=EDGE_LOOP('',(#1222));
#275=EDGE_LOOP('',(#1223,#1224,#1225,#1226));
#276=EDGE_LOOP('',(#1227));
#277=EDGE_LOOP('',(#1228));
#278=EDGE_LOOP('',(#1229,#1230,#1231,#1232,#1233,#1234,#1235,#1236,#1237,
#1238,#1239,#1240,#1241));
#279=EDGE_LOOP('',(#1242));
#280=EDGE_LOOP('',(#1243));
#281=EDGE_LOOP('',(#1244));
#282=EDGE_LOOP('',(#1245));
#283=EDGE_LOOP('',(#1246));
#284=EDGE_LOOP('',(#1247));
#285=EDGE_LOOP('',(#1248,#1249,#1250,#1251));
#286=EDGE_LOOP('',(#1252));
#287=EDGE_LOOP('',(#1253));
#288=EDGE_LOOP('',(#1254,#1255,#1256,#1257));
#289=EDGE_LOOP('',(#1258));
#290=EDGE_LOOP('',(#1259));
#291=EDGE_LOOP('',(#1260));
#292=EDGE_LOOP('',(#1261));
#293=EDGE_LOOP('',(#1262,#1263,#1264,#1265));
#294=EDGE_LOOP('',(#1266,#1267,#1268,#1269));
#295=EDGE_LOOP('',(#1270));
#296=EDGE_LOOP('',(#1271));
#297=LINE('',#1902,#420);
#298=LINE('',#1909,#421);
#299=LINE('',#1913,#422);
#300=LINE('',#1915,#423);
#301=LINE('',#1917,#424);
#302=LINE('',#1919,#425);
#303=LINE('',#1921,#426);
#304=LINE('',#1923,#427);
#305=LINE('',#1927,#428);
#306=LINE('',#1929,#429);
#307=LINE('',#1931,#430);
#308=LINE('',#1935,#431);
#309=LINE('',#1937,#432);
#310=LINE('',#1940,#433);
#311=LINE('',#1953,#434);
#312=LINE('',#1957,#435);
#313=LINE('',#1961,#436);
#314=LINE('',#1965,#437);
#315=LINE('',#1969,#438);
#316=LINE('',#1973,#439);
#317=LINE('',#1977,#440);
#318=LINE('',#1981,#441);
#319=LINE('',#1985,#442);
#320=LINE('',#1989,#443);
#321=LINE('',#1993,#444);
#322=LINE('',#1999,#445);
#323=LINE('',#2000,#446);
#324=LINE('',#2003,#447);
#325=LINE('',#2004,#448);
#326=LINE('',#2007,#449);
#327=LINE('',#2011,#450);
#328=LINE('',#2015,#451);
#329=LINE('',#2019,#452);
#330=LINE('',#2023,#453);
#331=LINE('',#2027,#454);
#332=LINE('',#2029,#455);
#333=LINE('',#2033,#456);
#334=LINE('',#2035,#457);
#335=LINE('',#2037,#458);
#336=LINE('',#2041,#459);
#337=LINE('',#2043,#460);
#338=LINE('',#2045,#461);
#339=LINE('',#2047,#462);
#340=LINE('',#2049,#463);
#341=LINE('',#2051,#464);
#342=LINE('',#2055,#465);
#343=LINE('',#2057,#466);
#344=LINE('',#2059,#467);
#345=LINE('',#2061,#468);
#346=LINE('',#2063,#469);
#347=LINE('',#2065,#470);
#348=LINE('',#2067,#471);
#349=LINE('',#2069,#472);
#350=LINE('',#2071,#473);
#351=LINE('',#2073,#474);
#352=LINE('',#2075,#475);
#353=LINE('',#2077,#476);
#354=LINE('',#2078,#477);
#355=LINE('',#2080,#478);
#356=LINE('',#2082,#479);
#357=LINE('',#2084,#480);
#358=LINE('',#2085,#481);
#359=LINE('',#2088,#482);
#360=LINE('',#2089,#483);
#361=LINE('',#2091,#484);
#362=LINE('',#2093,#485);
#363=LINE('',#2094,#486);
#364=LINE('',#2096,#487);
#365=LINE('',#2099,#488);
#366=LINE('',#2101,#489);
#367=LINE('',#2102,#490);
#368=LINE('',#2106,#491);
#369=LINE('',#2109,#492);
#370=LINE('',#2110,#493);
#371=LINE('',#2114,#494);
#372=LINE('',#2117,#495);
#373=LINE('',#2118,#496);
#374=LINE('',#2122,#497);
#375=LINE('',#2125,#498);
#376=LINE('',#2126,#499);
#377=LINE('',#2131,#500);
#378=LINE('',#2133,#501);
#379=LINE('',#2134,#502);
#380=LINE('',#2137,#503);
#381=LINE('',#2138,#504);
#382=LINE('',#2141,#505);
#383=LINE('',#2142,#506);
#384=LINE('',#2145,#507);
#385=LINE('',#2146,#508);
#386=LINE('',#2149,#509);
#387=LINE('',#2150,#510);
#388=LINE('',#2153,#511);
#389=LINE('',#2154,#512);
#390=LINE('',#2156,#513);
#391=LINE('',#2158,#514);
#392=LINE('',#2160,#515);
#393=LINE('',#2162,#516);
#394=LINE('',#2165,#517);
#395=LINE('',#2166,#518);
#396=LINE('',#2169,#519);
#397=LINE('',#2170,#520);
#398=LINE('',#2173,#521);
#399=LINE('',#2174,#522);
#400=LINE('',#2177,#523);
#401=LINE('',#2178,#524);
#402=LINE('',#2181,#525);
#403=LINE('',#2182,#526);
#404=LINE('',#2185,#527);
#405=LINE('',#2186,#528);
#406=LINE('',#2188,#529);
#407=LINE('',#2192,#530);
#408=LINE('',#2198,#531);
#409=LINE('',#2204,#532);
#410=LINE('',#2212,#533);
#411=LINE('',#2218,#534);
#412=LINE('',#2226,#535);
#413=LINE('',#2232,#536);
#414=LINE('',#2240,#537);
#415=LINE('',#2247,#538);
#416=LINE('',#2259,#539);
#417=LINE('',#2264,#540);
#418=LINE('',#2273,#541);
#419=LINE('',#2276,#542);
#420=VECTOR('',#1502,2.6);
#421=VECTOR('',#1509,10.);
#422=VECTOR('',#1512,10.);
#423=VECTOR('',#1513,10.);
#424=VECTOR('',#1514,10.);
#425=VECTOR('',#1515,10.);
#426=VECTOR('',#1516,10.);
#427=VECTOR('',#1517,10.);
#428=VECTOR('',#1520,10.);
#429=VECTOR('',#1521,10.);
#430=VECTOR('',#1522,10.);
#431=VECTOR('',#1525,10.);
#432=VECTOR('',#1526,10.);
#433=VECTOR('',#1529,10.);
#434=VECTOR('',#1542,1.6);
#435=VECTOR('',#1547,2.6);
#436=VECTOR('',#1552,1.6);
#437=VECTOR('',#1557,2.6);
#438=VECTOR('',#1562,1.6);
#439=VECTOR('',#1567,2.6);
#440=VECTOR('',#1572,1.6);
#441=VECTOR('',#1577,2.6);
#442=VECTOR('',#1582,1.6);
#443=VECTOR('',#1587,2.6);
#444=VECTOR('',#1592,1.6);
#445=VECTOR('',#1599,10.);
#446=VECTOR('',#1600,10.);
#447=VECTOR('',#1603,10.);
#448=VECTOR('',#1604,10.);
#449=VECTOR('',#1605,10.);
#450=VECTOR('',#1608,10.);
#451=VECTOR('',#1611,10.);
#452=VECTOR('',#1614,10.);
#453=VECTOR('',#1619,10.);
#454=VECTOR('',#1622,10.);
#455=VECTOR('',#1623,10.);
#456=VECTOR('',#1626,10.);
#457=VECTOR('',#1627,10.);
#458=VECTOR('',#1628,10.);
#459=VECTOR('',#1631,10.);
#460=VECTOR('',#1632,10.);
#461=VECTOR('',#1633,10.);
#462=VECTOR('',#1634,10.);
#463=VECTOR('',#1635,10.);
#464=VECTOR('',#1636,10.);
#465=VECTOR('',#1639,10.);
#466=VECTOR('',#1640,10.);
#467=VECTOR('',#1641,10.);
#468=VECTOR('',#1642,10.);
#469=VECTOR('',#1643,10.);
#470=VECTOR('',#1644,10.);
#471=VECTOR('',#1645,10.);
#472=VECTOR('',#1646,10.);
#473=VECTOR('',#1647,10.);
#474=VECTOR('',#1648,10.);
#475=VECTOR('',#1649,10.);
#476=VECTOR('',#1650,10.);
#477=VECTOR('',#1651,10.);
#478=VECTOR('',#1654,10.);
#479=VECTOR('',#1657,10.);
#480=VECTOR('',#1660,10.);
#481=VECTOR('',#1661,10.);
#482=VECTOR('',#1666,10.);
#483=VECTOR('',#1667,10.);
#484=VECTOR('',#1670,10.);
#485=VECTOR('',#1673,10.);
#486=VECTOR('',#1674,10.);
#487=VECTOR('',#1677,10.);
#488=VECTOR('',#1680,10.);
#489=VECTOR('',#1681,10.);
#490=VECTOR('',#1682,10.);
#491=VECTOR('',#1687,10.);
#492=VECTOR('',#1690,10.);
#493=VECTOR('',#1691,10.);
#494=VECTOR('',#1696,10.);
#495=VECTOR('',#1699,10.);
#496=VECTOR('',#1700,10.);
#497=VECTOR('',#1705,10.);
#498=VECTOR('',#1708,10.);
#499=VECTOR('',#1709,10.);
#500=VECTOR('',#1716,10.);
#501=VECTOR('',#1717,10.);
#502=VECTOR('',#1718,10.);
#503=VECTOR('',#1721,10.);
#504=VECTOR('',#1722,10.);
#505=VECTOR('',#1725,10.);
#506=VECTOR('',#1726,10.);
#507=VECTOR('',#1729,10.);
#508=VECTOR('',#1730,10.);
#509=VECTOR('',#1733,10.);
#510=VECTOR('',#1734,10.);
#511=VECTOR('',#1737,10.);
#512=VECTOR('',#1738,10.);
#513=VECTOR('',#1741,10.);
#514=VECTOR('',#1744,10.);
#515=VECTOR('',#1747,10.);
#516=VECTOR('',#1750,10.);
#517=VECTOR('',#1753,10.);
#518=VECTOR('',#1754,10.);
#519=VECTOR('',#1757,10.);
#520=VECTOR('',#1758,10.);
#521=VECTOR('',#1761,10.);
#522=VECTOR('',#1762,10.);
#523=VECTOR('',#1765,10.);
#524=VECTOR('',#1766,10.);
#525=VECTOR('',#1769,10.);
#526=VECTOR('',#1770,10.);
#527=VECTOR('',#1773,10.);
#528=VECTOR('',#1774,10.);
#529=VECTOR('',#1777,10.);
#530=VECTOR('',#1784,10.);
#531=VECTOR('',#1791,4.09999999999997);
#532=VECTOR('',#1798,3.59999999999999);
#533=VECTOR('',#1809,4.09999999999997);
#534=VECTOR('',#1816,3.59999999999999);
#535=VECTOR('',#1827,4.09999999999997);
#536=VECTOR('',#1834,3.59999999999999);
#537=VECTOR('',#1845,4.09999999999997);
#538=VECTOR('',#1854,3.59999999999999);
#539=VECTOR('',#1869,3.59999999999999);
#540=VECTOR('',#1876,4.09999999999997);
#541=VECTOR('',#1889,4.09999999999997);
#542=VECTOR('',#1892,3.59999999999999);
#543=CIRCLE('',#1359,3.59999999999999);
#544=CIRCLE('',#1360,1.6);
#545=CIRCLE('',#1362,3.);
#546=CIRCLE('',#1363,3.);
#547=CIRCLE('',#1364,3.);
#548=CIRCLE('',#1365,3.);
#549=CIRCLE('',#1366,3.);
#550=CIRCLE('',#1367,3.59999999999999);
#551=CIRCLE('',#1368,3.59999999999999);
#552=CIRCLE('',#1369,3.59999999999999);
#553=CIRCLE('',#1370,3.59999999999999);
#554=CIRCLE('',#1371,3.59999999999999);
#555=CIRCLE('',#1373,1.6);
#556=CIRCLE('',#1375,1.6);
#557=CIRCLE('',#1377,1.6);
#558=CIRCLE('',#1379,1.6);
#559=CIRCLE('',#1381,1.6);
#560=CIRCLE('',#1383,1.6);
#561=CIRCLE('',#1385,1.6);
#562=CIRCLE('',#1387,1.6);
#563=CIRCLE('',#1389,1.6);
#564=CIRCLE('',#1391,1.6);
#565=CIRCLE('',#1393,1.6);
#566=CIRCLE('',#1395,3.);
#567=CIRCLE('',#1397,3.75);
#568=CIRCLE('',#1398,3.75);
#569=CIRCLE('',#1399,3.75);
#570=CIRCLE('',#1400,3.75);
#571=CIRCLE('',#1402,3.);
#572=CIRCLE('',#1403,3.);
#573=CIRCLE('',#1404,3.);
#574=CIRCLE('',#1405,3.);
#575=CIRCLE('',#1416,3.75);
#576=CIRCLE('',#1419,3.75);
#577=CIRCLE('',#1422,3.75);
#578=CIRCLE('',#1425,3.75);
#579=CIRCLE('',#1448,4.09999999999997);
#580=CIRCLE('',#1449,4.09999999999997);
#581=CIRCLE('',#1451,3.59999999999999);
#582=CIRCLE('',#1452,3.59999999999999);
#583=CIRCLE('',#1456,4.09999999999997);
#584=CIRCLE('',#1457,4.09999999999997);
#585=CIRCLE('',#1459,3.59999999999999);
#586=CIRCLE('',#1460,3.59999999999999);
#587=CIRCLE('',#1464,4.09999999999997);
#588=CIRCLE('',#1465,4.09999999999997);
#589=CIRCLE('',#1467,3.59999999999999);
#590=CIRCLE('',#1468,3.59999999999999);
#591=CIRCLE('',#1472,4.09999999999997);
#592=CIRCLE('',#1473,4.09999999999997);
#593=CIRCLE('',#1475,3.59999999999999);
#594=CIRCLE('',#1477,3.59999999999999);
#595=CIRCLE('',#1480,4.09999999999997);
#596=CIRCLE('',#1481,4.09999999999997);
#597=CIRCLE('',#1483,3.59999999999999);
#598=CIRCLE('',#1484,3.59999999999999);
#599=CIRCLE('',#1487,4.09999999999997);
#600=CIRCLE('',#1490,4.09999999999997);
#601=CIRCLE('',#1491,3.59999999999999);
#602=CIRCLE('',#1494,3.59999999999999);
#603=VERTEX_POINT('',#1899);
#604=VERTEX_POINT('',#1901);
#605=VERTEX_POINT('',#1905);
#606=VERTEX_POINT('',#1906);
#607=VERTEX_POINT('',#1908);
#608=VERTEX_POINT('',#1910);
#609=VERTEX_POINT('',#1912);
#610=VERTEX_POINT('',#1914);
#611=VERTEX_POINT('',#1916);
#612=VERTEX_POINT('',#1918);
#613=VERTEX_POINT('',#1920);
#614=VERTEX_POINT('',#1922);
#615=VERTEX_POINT('',#1924);
#616=VERTEX_POINT('',#1926);
#617=VERTEX_POINT('',#1928);
#618=VERTEX_POINT('',#1930);
#619=VERTEX_POINT('',#1932);
#620=VERTEX_POINT('',#1934);
#621=VERTEX_POINT('',#1936);
#622=VERTEX_POINT('',#1938);
#623=VERTEX_POINT('',#1941);
#624=VERTEX_POINT('',#1943);
#625=VERTEX_POINT('',#1945);
#626=VERTEX_POINT('',#1947);
#627=VERTEX_POINT('',#1949);
#628=VERTEX_POINT('',#1952);
#629=VERTEX_POINT('',#1956);
#630=VERTEX_POINT('',#1960);
#631=VERTEX_POINT('',#1964);
#632=VERTEX_POINT('',#1968);
#633=VERTEX_POINT('',#1972);
#634=VERTEX_POINT('',#1976);
#635=VERTEX_POINT('',#1980);
#636=VERTEX_POINT('',#1984);
#637=VERTEX_POINT('',#1988);
#638=VERTEX_POINT('',#1992);
#639=VERTEX_POINT('',#1996);
#640=VERTEX_POINT('',#1997);
#641=VERTEX_POINT('',#2002);
#642=VERTEX_POINT('',#2005);
#643=VERTEX_POINT('',#2006);
#644=VERTEX_POINT('',#2008);
#645=VERTEX_POINT('',#2010);
#646=VERTEX_POINT('',#2012);
#647=VERTEX_POINT('',#2014);
#648=VERTEX_POINT('',#2016);
#649=VERTEX_POINT('',#2018);
#650=VERTEX_POINT('',#2022);
#651=VERTEX_POINT('',#2024);
#652=VERTEX_POINT('',#2026);
#653=VERTEX_POINT('',#2028);
#654=VERTEX_POINT('',#2030);
#655=VERTEX_POINT('',#2032);
#656=VERTEX_POINT('',#2034);
#657=VERTEX_POINT('',#2036);
#658=VERTEX_POINT('',#2038);
#659=VERTEX_POINT('',#2040);
#660=VERTEX_POINT('',#2042);
#661=VERTEX_POINT('',#2044);
#662=VERTEX_POINT('',#2046);
#663=VERTEX_POINT('',#2048);
#664=VERTEX_POINT('',#2050);
#665=VERTEX_POINT('',#2053);
#666=VERTEX_POINT('',#2054);
#667=VERTEX_POINT('',#2056);
#668=VERTEX_POINT('',#2058);
#669=VERTEX_POINT('',#2060);
#670=VERTEX_POINT('',#2062);
#671=VERTEX_POINT('',#2064);
#672=VERTEX_POINT('',#2066);
#673=VERTEX_POINT('',#2068);
#674=VERTEX_POINT('',#2070);
#675=VERTEX_POINT('',#2072);
#676=VERTEX_POINT('',#2074);
#677=VERTEX_POINT('',#2076);
#678=VERTEX_POINT('',#2098);
#679=VERTEX_POINT('',#2100);
#680=VERTEX_POINT('',#2104);
#681=VERTEX_POINT('',#2108);
#682=VERTEX_POINT('',#2112);
#683=VERTEX_POINT('',#2116);
#684=VERTEX_POINT('',#2120);
#685=VERTEX_POINT('',#2124);
#686=VERTEX_POINT('',#2130);
#687=VERTEX_POINT('',#2132);
#688=VERTEX_POINT('',#2136);
#689=VERTEX_POINT('',#2140);
#690=VERTEX_POINT('',#2144);
#691=VERTEX_POINT('',#2148);
#692=VERTEX_POINT('',#2152);
#693=VERTEX_POINT('',#2164);
#694=VERTEX_POINT('',#2168);
#695=VERTEX_POINT('',#2172);
#696=VERTEX_POINT('',#2176);
#697=VERTEX_POINT('',#2180);
#698=VERTEX_POINT('',#2184);
#699=VERTEX_POINT('',#2195);
#700=VERTEX_POINT('',#2197);
#701=VERTEX_POINT('',#2201);
#702=VERTEX_POINT('',#2203);
#703=VERTEX_POINT('',#2209);
#704=VERTEX_POINT('',#2211);
#705=VERTEX_POINT('',#2215);
#706=VERTEX_POINT('',#2217);
#707=VERTEX_POINT('',#2223);
#708=VERTEX_POINT('',#2225);
#709=VERTEX_POINT('',#2229);
#710=VERTEX_POINT('',#2231);
#711=VERTEX_POINT('',#2237);
#712=VERTEX_POINT('',#2239);
#713=VERTEX_POINT('',#2243);
#714=VERTEX_POINT('',#2246);
#715=VERTEX_POINT('',#2251);
#716=VERTEX_POINT('',#2253);
#717=VERTEX_POINT('',#2256);
#718=VERTEX_POINT('',#2258);
#719=VERTEX_POINT('',#2263);
#720=VERTEX_POINT('',#2268);
#721=VERTEX_POINT('',#2270);
#722=VERTEX_POINT('',#2275);
#723=EDGE_CURVE('',#603,#603,#543,.T.);
#724=EDGE_CURVE('',#603,#604,#297,.T.);
#725=EDGE_CURVE('',#604,#604,#544,.T.);
#726=EDGE_CURVE('',#605,#606,#545,.T.);
#727=EDGE_CURVE('',#605,#607,#298,.T.);
#728=EDGE_CURVE('',#608,#607,#546,.T.);
#729=EDGE_CURVE('',#608,#609,#299,.T.);
#730=EDGE_CURVE('',#609,#610,#300,.T.);
#731=EDGE_CURVE('',#610,#611,#301,.T.);
#732=EDGE_CURVE('',#611,#612,#302,.T.);
#733=EDGE_CURVE('',#612,#613,#303,.T.);
#734=EDGE_CURVE('',#613,#614,#304,.T.);
#735=EDGE_CURVE('',#615,#614,#547,.T.);
#736=EDGE_CURVE('',#615,#616,#305,.T.);
#737=EDGE_CURVE('',#616,#617,#306,.T.);
#738=EDGE_CURVE('',#617,#618,#307,.T.);
#739=EDGE_CURVE('',#619,#618,#548,.T.);
#740=EDGE_CURVE('',#619,#620,#308,.T.);
#741=EDGE_CURVE('',#620,#621,#309,.T.);
#742=EDGE_CURVE('',#622,#621,#549,.T.);
#743=EDGE_CURVE('',#622,#606,#310,.T.);
#744=EDGE_CURVE('',#623,#623,#550,.T.);
#745=EDGE_CURVE('',#624,#624,#551,.T.);
#746=EDGE_CURVE('',#625,#625,#552,.T.);
#747=EDGE_CURVE('',#626,#626,#553,.T.);
#748=EDGE_CURVE('',#627,#627,#554,.T.);
#749=EDGE_CURVE('',#604,#628,#311,.T.);
#750=EDGE_CURVE('',#628,#628,#555,.T.);
#751=EDGE_CURVE('',#623,#629,#312,.T.);
#752=EDGE_CURVE('',#629,#629,#556,.T.);
#753=EDGE_CURVE('',#629,#630,#313,.T.);
#754=EDGE_CURVE('',#630,#630,#557,.T.);
#755=EDGE_CURVE('',#627,#631,#314,.T.);
#756=EDGE_CURVE('',#631,#631,#558,.T.);
#757=EDGE_CURVE('',#631,#632,#315,.T.);
#758=EDGE_CURVE('',#632,#632,#559,.T.);
#759=EDGE_CURVE('',#624,#633,#316,.T.);
#760=EDGE_CURVE('',#633,#633,#560,.T.);
#761=EDGE_CURVE('',#633,#634,#317,.T.);
#762=EDGE_CURVE('',#634,#634,#561,.T.);
#763=EDGE_CURVE('',#626,#635,#318,.T.);
#764=EDGE_CURVE('',#635,#635,#562,.T.);
#765=EDGE_CURVE('',#635,#636,#319,.T.);
#766=EDGE_CURVE('',#636,#636,#563,.T.);
#767=EDGE_CURVE('',#625,#637,#320,.T.);
#768=EDGE_CURVE('',#637,#637,#564,.T.);
#769=EDGE_CURVE('',#637,#638,#321,.T.);
#770=EDGE_CURVE('',#638,#638,#565,.T.);
#771=EDGE_CURVE('',#639,#640,#566,.T.);
#772=EDGE_CURVE('',#640,#605,#322,.T.);
#773=EDGE_CURVE('',#606,#639,#323,.T.);
#774=EDGE_CURVE('',#641,#640,#324,.T.);
#775=EDGE_CURVE('',#607,#641,#325,.T.);
#776=EDGE_CURVE('',#642,#643,#326,.T.);
#777=EDGE_CURVE('',#643,#644,#567,.T.);
#778=EDGE_CURVE('',#644,#645,#327,.T.);
#779=EDGE_CURVE('',#645,#646,#568,.T.);
#780=EDGE_CURVE('',#646,#647,#328,.T.);
#781=EDGE_CURVE('',#647,#648,#569,.T.);
#782=EDGE_CURVE('',#648,#649,#329,.T.);
#783=EDGE_CURVE('',#649,#642,#570,.T.);
#784=EDGE_CURVE('',#639,#650,#330,.T.);
#785=EDGE_CURVE('',#651,#650,#571,.T.);
#786=EDGE_CURVE('',#651,#652,#331,.T.);
#787=EDGE_CURVE('',#652,#653,#332,.T.);
#788=EDGE_CURVE('',#654,#653,#572,.T.);
#789=EDGE_CURVE('',#654,#655,#333,.T.);
#790=EDGE_CURVE('',#655,#656,#334,.T.);
#791=EDGE_CURVE('',#656,#657,#335,.T.);
#792=EDGE_CURVE('',#658,#657,#573,.T.);
#793=EDGE_CURVE('',#658,#659,#336,.T.);
#794=EDGE_CURVE('',#659,#660,#337,.T.);
#795=EDGE_CURVE('',#660,#661,#338,.T.);
#796=EDGE_CURVE('',#661,#662,#339,.T.);
#797=EDGE_CURVE('',#662,#663,#340,.T.);
#798=EDGE_CURVE('',#663,#664,#341,.T.);
#799=EDGE_CURVE('',#641,#664,#574,.T.);
#800=EDGE_CURVE('',#665,#666,#342,.T.);
#801=EDGE_CURVE('',#666,#667,#343,.T.);
#802=EDGE_CURVE('',#667,#668,#344,.T.);
#803=EDGE_CURVE('',#668,#669,#345,.T.);
#804=EDGE_CURVE('',#669,#670,#346,.T.);
#805=EDGE_CURVE('',#670,#671,#347,.T.);
#806=EDGE_CURVE('',#671,#672,#348,.T.);
#807=EDGE_CURVE('',#672,#673,#349,.T.);
#808=EDGE_CURVE('',#673,#674,#350,.T.);
#809=EDGE_CURVE('',#674,#675,#351,.T.);
#810=EDGE_CURVE('',#675,#676,#352,.T.);
#811=EDGE_CURVE('',#676,#677,#353,.T.);
#812=EDGE_CURVE('',#677,#665,#354,.T.);
#813=EDGE_CURVE('',#664,#608,#355,.T.);
#814=EDGE_CURVE('',#609,#663,#356,.T.);
#815=EDGE_CURVE('',#650,#622,#357,.T.);
#816=EDGE_CURVE('',#621,#651,#358,.T.);
#817=EDGE_CURVE('',#653,#619,#359,.T.);
#818=EDGE_CURVE('',#618,#654,#360,.T.);
#819=EDGE_CURVE('',#620,#652,#361,.T.);
#820=EDGE_CURVE('',#657,#615,#362,.T.);
#821=EDGE_CURVE('',#614,#658,#363,.T.);
#822=EDGE_CURVE('',#656,#616,#364,.T.);
#823=EDGE_CURVE('',#678,#646,#365,.T.);
#824=EDGE_CURVE('',#679,#678,#366,.T.);
#825=EDGE_CURVE('',#679,#647,#367,.T.);
#826=EDGE_CURVE('',#680,#679,#575,.T.);
#827=EDGE_CURVE('',#680,#648,#368,.T.);
#828=EDGE_CURVE('',#681,#680,#369,.T.);
#829=EDGE_CURVE('',#681,#649,#370,.T.);
#830=EDGE_CURVE('',#682,#681,#576,.T.);
#831=EDGE_CURVE('',#642,#682,#371,.T.);
#832=EDGE_CURVE('',#683,#682,#372,.T.);
#833=EDGE_CURVE('',#683,#643,#373,.T.);
#834=EDGE_CURVE('',#684,#683,#577,.T.);
#835=EDGE_CURVE('',#684,#644,#374,.T.);
#836=EDGE_CURVE('',#685,#684,#375,.T.);
#837=EDGE_CURVE('',#685,#645,#376,.T.);
#838=EDGE_CURVE('',#678,#685,#578,.T.);
#839=EDGE_CURVE('',#686,#672,#377,.T.);
#840=EDGE_CURVE('',#687,#686,#378,.T.);
#841=EDGE_CURVE('',#687,#673,#379,.T.);
#842=EDGE_CURVE('',#688,#671,#380,.T.);
#843=EDGE_CURVE('',#686,#688,#381,.T.);
#844=EDGE_CURVE('',#689,#670,#382,.T.);
#845=EDGE_CURVE('',#688,#689,#383,.T.);
#846=EDGE_CURVE('',#690,#669,#384,.T.);
#847=EDGE_CURVE('',#689,#690,#385,.T.);
#848=EDGE_CURVE('',#691,#668,#386,.T.);
#849=EDGE_CURVE('',#690,#691,#387,.T.);
#850=EDGE_CURVE('',#692,#667,#388,.T.);
#851=EDGE_CURVE('',#691,#692,#389,.T.);
#852=EDGE_CURVE('',#610,#662,#390,.T.);
#853=EDGE_CURVE('',#611,#661,#391,.T.);
#854=EDGE_CURVE('',#612,#660,#392,.T.);
#855=EDGE_CURVE('',#613,#659,#393,.T.);
#856=EDGE_CURVE('',#693,#687,#394,.T.);
#857=EDGE_CURVE('',#693,#674,#395,.T.);
#858=EDGE_CURVE('',#694,#693,#396,.T.);
#859=EDGE_CURVE('',#694,#675,#397,.T.);
#860=EDGE_CURVE('',#695,#694,#398,.T.);
#861=EDGE_CURVE('',#695,#676,#399,.T.);
#862=EDGE_CURVE('',#696,#695,#400,.T.);
#863=EDGE_CURVE('',#696,#677,#401,.T.);
#864=EDGE_CURVE('',#697,#696,#402,.T.);
#865=EDGE_CURVE('',#665,#697,#403,.T.);
#866=EDGE_CURVE('',#698,#666,#404,.T.);
#867=EDGE_CURVE('',#692,#698,#405,.T.);
#868=EDGE_CURVE('',#698,#697,#406,.T.);
#869=EDGE_CURVE('',#617,#655,#407,.T.);
#870=EDGE_CURVE('',#699,#699,#579,.T.);
#871=EDGE_CURVE('',#699,#700,#408,.T.);
#872=EDGE_CURVE('',#700,#700,#580,.T.);
#873=EDGE_CURVE('',#701,#701,#581,.T.);
#874=EDGE_CURVE('',#701,#702,#409,.T.);
#875=EDGE_CURVE('',#702,#702,#582,.T.);
#876=EDGE_CURVE('',#703,#703,#583,.T.);
#877=EDGE_CURVE('',#703,#704,#410,.T.);
#878=EDGE_CURVE('',#704,#704,#584,.T.);
#879=EDGE_CURVE('',#705,#705,#585,.T.);
#880=EDGE_CURVE('',#705,#706,#411,.T.);
#881=EDGE_CURVE('',#706,#706,#586,.T.);
#882=EDGE_CURVE('',#707,#707,#587,.T.);
#883=EDGE_CURVE('',#707,#708,#412,.T.);
#884=EDGE_CURVE('',#708,#708,#588,.T.);
#885=EDGE_CURVE('',#709,#709,#589,.T.);
#886=EDGE_CURVE('',#709,#710,#413,.T.);
#887=EDGE_CURVE('',#710,#710,#590,.T.);
#888=EDGE_CURVE('',#711,#711,#591,.T.);
#889=EDGE_CURVE('',#711,#712,#414,.T.);
#890=EDGE_CURVE('',#712,#712,#592,.T.);
#891=EDGE_CURVE('',#713,#713,#593,.T.);
#892=EDGE_CURVE('',#713,#714,#415,.T.);
#893=EDGE_CURVE('',#714,#714,#594,.T.);
#894=EDGE_CURVE('',#715,#715,#595,.T.);
#895=EDGE_CURVE('',#716,#716,#596,.T.);
#896=EDGE_CURVE('',#717,#717,#597,.T.);
#897=EDGE_CURVE('',#717,#718,#416,.T.);
#898=EDGE_CURVE('',#718,#718,#598,.T.);
#899=EDGE_CURVE('',#716,#719,#417,.T.);
#900=EDGE_CURVE('',#719,#719,#599,.T.);
#901=EDGE_CURVE('',#720,#720,#600,.T.);
#902=EDGE_CURVE('',#721,#721,#601,.T.);
#903=EDGE_CURVE('',#715,#720,#418,.T.);
#904=EDGE_CURVE('',#721,#722,#419,.T.);
#905=EDGE_CURVE('',#722,#722,#602,.T.);
#906=ORIENTED_EDGE('',*,*,#723,.T.);
#907=ORIENTED_EDGE('',*,*,#724,.T.);
#908=ORIENTED_EDGE('',*,*,#725,.T.);
#909=ORIENTED_EDGE('',*,*,#724,.F.);
#910=ORIENTED_EDGE('',*,*,#726,.F.);
#911=ORIENTED_EDGE('',*,*,#727,.T.);
#912=ORIENTED_EDGE('',*,*,#728,.F.);
#913=ORIENTED_EDGE('',*,*,#729,.T.);
#914=ORIENTED_EDGE('',*,*,#730,.T.);
#915=ORIENTED_EDGE('',*,*,#731,.T.);
#916=ORIENTED_EDGE('',*,*,#732,.T.);
#917=ORIENTED_EDGE('',*,*,#733,.T.);
#918=ORIENTED_EDGE('',*,*,#734,.T.);
#919=ORIENTED_EDGE('',*,*,#735,.F.);
#920=ORIENTED_EDGE('',*,*,#736,.T.);
#921=ORIENTED_EDGE('',*,*,#737,.T.);
#922=ORIENTED_EDGE('',*,*,#738,.T.);
#923=ORIENTED_EDGE('',*,*,#739,.F.);
#924=ORIENTED_EDGE('',*,*,#740,.T.);
#925=ORIENTED_EDGE('',*,*,#741,.T.);
#926=ORIENTED_EDGE('',*,*,#742,.F.);
#927=ORIENTED_EDGE('',*,*,#743,.T.);
#928=ORIENTED_EDGE('',*,*,#744,.F.);
#929=ORIENTED_EDGE('',*,*,#745,.F.);
#930=ORIENTED_EDGE('',*,*,#746,.F.);
#931=ORIENTED_EDGE('',*,*,#747,.F.);
#932=ORIENTED_EDGE('',*,*,#748,.F.);
#933=ORIENTED_EDGE('',*,*,#723,.F.);
#934=ORIENTED_EDGE('',*,*,#725,.F.);
#935=ORIENTED_EDGE('',*,*,#749,.T.);
#936=ORIENTED_EDGE('',*,*,#750,.T.);
#937=ORIENTED_EDGE('',*,*,#749,.F.);
#938=ORIENTED_EDGE('',*,*,#744,.T.);
#939=ORIENTED_EDGE('',*,*,#751,.T.);
#940=ORIENTED_EDGE('',*,*,#752,.T.);
#941=ORIENTED_EDGE('',*,*,#751,.F.);
#942=ORIENTED_EDGE('',*,*,#752,.F.);
#943=ORIENTED_EDGE('',*,*,#753,.T.);
#944=ORIENTED_EDGE('',*,*,#754,.T.);
#945=ORIENTED_EDGE('',*,*,#753,.F.);
#946=ORIENTED_EDGE('',*,*,#748,.T.);
#947=ORIENTED_EDGE('',*,*,#755,.T.);
#948=ORIENTED_EDGE('',*,*,#756,.T.);
#949=ORIENTED_EDGE('',*,*,#755,.F.);
#950=ORIENTED_EDGE('',*,*,#756,.F.);
#951=ORIENTED_EDGE('',*,*,#757,.T.);
#952=ORIENTED_EDGE('',*,*,#758,.T.);
#953=ORIENTED_EDGE('',*,*,#757,.F.);
#954=ORIENTED_EDGE('',*,*,#745,.T.);
#955=ORIENTED_EDGE('',*,*,#759,.T.);
#956=ORIENTED_EDGE('',*,*,#760,.T.);
#957=ORIENTED_EDGE('',*,*,#759,.F.);
#958=ORIENTED_EDGE('',*,*,#760,.F.);
#959=ORIENTED_EDGE('',*,*,#761,.T.);
#960=ORIENTED_EDGE('',*,*,#762,.T.);
#961=ORIENTED_EDGE('',*,*,#761,.F.);
#962=ORIENTED_EDGE('',*,*,#747,.T.);
#963=ORIENTED_EDGE('',*,*,#763,.T.);
#964=ORIENTED_EDGE('',*,*,#764,.T.);
#965=ORIENTED_EDGE('',*,*,#763,.F.);
#966=ORIENTED_EDGE('',*,*,#764,.F.);
#967=ORIENTED_EDGE('',*,*,#765,.T.);
#968=ORIENTED_EDGE('',*,*,#766,.T.);
#969=ORIENTED_EDGE('',*,*,#765,.F.);
#970=ORIENTED_EDGE('',*,*,#746,.T.);
#971=ORIENTED_EDGE('',*,*,#767,.T.);
#972=ORIENTED_EDGE('',*,*,#768,.T.);
#973=ORIENTED_EDGE('',*,*,#767,.F.);
#974=ORIENTED_EDGE('',*,*,#768,.F.);
#975=ORIENTED_EDGE('',*,*,#769,.T.);
#976=ORIENTED_EDGE('',*,*,#770,.T.);
#977=ORIENTED_EDGE('',*,*,#769,.F.);
#978=ORIENTED_EDGE('',*,*,#771,.T.);
#979=ORIENTED_EDGE('',*,*,#772,.T.);
#980=ORIENTED_EDGE('',*,*,#726,.T.);
#981=ORIENTED_EDGE('',*,*,#773,.T.);
#982=ORIENTED_EDGE('',*,*,#772,.F.);
#983=ORIENTED_EDGE('',*,*,#774,.F.);
#984=ORIENTED_EDGE('',*,*,#775,.F.);
#985=ORIENTED_EDGE('',*,*,#727,.F.);
#986=ORIENTED_EDGE('',*,*,#776,.T.);
#987=ORIENTED_EDGE('',*,*,#777,.T.);
#988=ORIENTED_EDGE('',*,*,#778,.T.);
#989=ORIENTED_EDGE('',*,*,#779,.T.);
#990=ORIENTED_EDGE('',*,*,#780,.T.);
#991=ORIENTED_EDGE('',*,*,#781,.T.);
#992=ORIENTED_EDGE('',*,*,#782,.T.);
#993=ORIENTED_EDGE('',*,*,#783,.T.);
#994=ORIENTED_EDGE('',*,*,#771,.F.);
#995=ORIENTED_EDGE('',*,*,#784,.T.);
#996=ORIENTED_EDGE('',*,*,#785,.F.);
#997=ORIENTED_EDGE('',*,*,#786,.T.);
#998=ORIENTED_EDGE('',*,*,#787,.T.);
#999=ORIENTED_EDGE('',*,*,#788,.F.);
#1000=ORIENTED_EDGE('',*,*,#789,.T.);
#1001=ORIENTED_EDGE('',*,*,#790,.T.);
#1002=ORIENTED_EDGE('',*,*,#791,.T.);
#1003=ORIENTED_EDGE('',*,*,#792,.F.);
#1004=ORIENTED_EDGE('',*,*,#793,.T.);
#1005=ORIENTED_EDGE('',*,*,#794,.T.);
#1006=ORIENTED_EDGE('',*,*,#795,.T.);
#1007=ORIENTED_EDGE('',*,*,#796,.T.);
#1008=ORIENTED_EDGE('',*,*,#797,.T.);
#1009=ORIENTED_EDGE('',*,*,#798,.T.);
#1010=ORIENTED_EDGE('',*,*,#799,.F.);
#1011=ORIENTED_EDGE('',*,*,#774,.T.);
#1012=ORIENTED_EDGE('',*,*,#800,.T.);
#1013=ORIENTED_EDGE('',*,*,#801,.T.);
#1014=ORIENTED_EDGE('',*,*,#802,.T.);
#1015=ORIENTED_EDGE('',*,*,#803,.T.);
#1016=ORIENTED_EDGE('',*,*,#804,.T.);
#1017=ORIENTED_EDGE('',*,*,#805,.T.);
#1018=ORIENTED_EDGE('',*,*,#806,.T.);
#1019=ORIENTED_EDGE('',*,*,#807,.T.);
#1020=ORIENTED_EDGE('',*,*,#808,.T.);
#1021=ORIENTED_EDGE('',*,*,#809,.T.);
#1022=ORIENTED_EDGE('',*,*,#810,.T.);
#1023=ORIENTED_EDGE('',*,*,#811,.T.);
#1024=ORIENTED_EDGE('',*,*,#812,.T.);
#1025=ORIENTED_EDGE('',*,*,#799,.T.);
#1026=ORIENTED_EDGE('',*,*,#813,.T.);
#1027=ORIENTED_EDGE('',*,*,#728,.T.);
#1028=ORIENTED_EDGE('',*,*,#775,.T.);
#1029=ORIENTED_EDGE('',*,*,#813,.F.);
#1030=ORIENTED_EDGE('',*,*,#798,.F.);
#1031=ORIENTED_EDGE('',*,*,#814,.F.);
#1032=ORIENTED_EDGE('',*,*,#729,.F.);
#1033=ORIENTED_EDGE('',*,*,#785,.T.);
#1034=ORIENTED_EDGE('',*,*,#815,.T.);
#1035=ORIENTED_EDGE('',*,*,#742,.T.);
#1036=ORIENTED_EDGE('',*,*,#816,.T.);
#1037=ORIENTED_EDGE('',*,*,#773,.F.);
#1038=ORIENTED_EDGE('',*,*,#743,.F.);
#1039=ORIENTED_EDGE('',*,*,#815,.F.);
#1040=ORIENTED_EDGE('',*,*,#784,.F.);
#1041=ORIENTED_EDGE('',*,*,#788,.T.);
#1042=ORIENTED_EDGE('',*,*,#817,.T.);
#1043=ORIENTED_EDGE('',*,*,#739,.T.);
#1044=ORIENTED_EDGE('',*,*,#818,.T.);
#1045=ORIENTED_EDGE('',*,*,#817,.F.);
#1046=ORIENTED_EDGE('',*,*,#787,.F.);
#1047=ORIENTED_EDGE('',*,*,#819,.F.);
#1048=ORIENTED_EDGE('',*,*,#740,.F.);
#1049=ORIENTED_EDGE('',*,*,#792,.T.);
#1050=ORIENTED_EDGE('',*,*,#820,.T.);
#1051=ORIENTED_EDGE('',*,*,#735,.T.);
#1052=ORIENTED_EDGE('',*,*,#821,.T.);
#1053=ORIENTED_EDGE('',*,*,#820,.F.);
#1054=ORIENTED_EDGE('',*,*,#791,.F.);
#1055=ORIENTED_EDGE('',*,*,#822,.T.);
#1056=ORIENTED_EDGE('',*,*,#736,.F.);
#1057=ORIENTED_EDGE('',*,*,#780,.F.);
#1058=ORIENTED_EDGE('',*,*,#823,.F.);
#1059=ORIENTED_EDGE('',*,*,#824,.F.);
#1060=ORIENTED_EDGE('',*,*,#825,.T.);
#1061=ORIENTED_EDGE('',*,*,#781,.F.);
#1062=ORIENTED_EDGE('',*,*,#825,.F.);
#1063=ORIENTED_EDGE('',*,*,#826,.F.);
#1064=ORIENTED_EDGE('',*,*,#827,.T.);
#1065=ORIENTED_EDGE('',*,*,#782,.F.);
#1066=ORIENTED_EDGE('',*,*,#827,.F.);
#1067=ORIENTED_EDGE('',*,*,#828,.F.);
#1068=ORIENTED_EDGE('',*,*,#829,.T.);
#1069=ORIENTED_EDGE('',*,*,#783,.F.);
#1070=ORIENTED_EDGE('',*,*,#829,.F.);
#1071=ORIENTED_EDGE('',*,*,#830,.F.);
#1072=ORIENTED_EDGE('',*,*,#831,.F.);
#1073=ORIENTED_EDGE('',*,*,#776,.F.);
#1074=ORIENTED_EDGE('',*,*,#831,.T.);
#1075=ORIENTED_EDGE('',*,*,#832,.F.);
#1076=ORIENTED_EDGE('',*,*,#833,.T.);
#1077=ORIENTED_EDGE('',*,*,#777,.F.);
#1078=ORIENTED_EDGE('',*,*,#833,.F.);
#1079=ORIENTED_EDGE('',*,*,#834,.F.);
#1080=ORIENTED_EDGE('',*,*,#835,.T.);
#1081=ORIENTED_EDGE('',*,*,#778,.F.);
#1082=ORIENTED_EDGE('',*,*,#835,.F.);
#1083=ORIENTED_EDGE('',*,*,#836,.F.);
#1084=ORIENTED_EDGE('',*,*,#837,.T.);
#1085=ORIENTED_EDGE('',*,*,#779,.F.);
#1086=ORIENTED_EDGE('',*,*,#837,.F.);
#1087=ORIENTED_EDGE('',*,*,#838,.F.);
#1088=ORIENTED_EDGE('',*,*,#823,.T.);
#1089=ORIENTED_EDGE('',*,*,#839,.F.);
#1090=ORIENTED_EDGE('',*,*,#840,.F.);
#1091=ORIENTED_EDGE('',*,*,#841,.T.);
#1092=ORIENTED_EDGE('',*,*,#807,.F.);
#1093=ORIENTED_EDGE('',*,*,#842,.F.);
#1094=ORIENTED_EDGE('',*,*,#843,.F.);
#1095=ORIENTED_EDGE('',*,*,#839,.T.);
#1096=ORIENTED_EDGE('',*,*,#806,.F.);
#1097=ORIENTED_EDGE('',*,*,#844,.F.);
#1098=ORIENTED_EDGE('',*,*,#845,.F.);
#1099=ORIENTED_EDGE('',*,*,#842,.T.);
#1100=ORIENTED_EDGE('',*,*,#805,.F.);
#1101=ORIENTED_EDGE('',*,*,#846,.F.);
#1102=ORIENTED_EDGE('',*,*,#847,.F.);
#1103=ORIENTED_EDGE('',*,*,#844,.T.);
#1104=ORIENTED_EDGE('',*,*,#804,.F.);
#1105=ORIENTED_EDGE('',*,*,#848,.F.);
#1106=ORIENTED_EDGE('',*,*,#849,.F.);
#1107=ORIENTED_EDGE('',*,*,#846,.T.);
#1108=ORIENTED_EDGE('',*,*,#803,.F.);
#1109=ORIENTED_EDGE('',*,*,#850,.F.);
#1110=ORIENTED_EDGE('',*,*,#851,.F.);
#1111=ORIENTED_EDGE('',*,*,#848,.T.);
#1112=ORIENTED_EDGE('',*,*,#802,.F.);
#1113=ORIENTED_EDGE('',*,*,#852,.F.);
#1114=ORIENTED_EDGE('',*,*,#730,.F.);
#1115=ORIENTED_EDGE('',*,*,#814,.T.);
#1116=ORIENTED_EDGE('',*,*,#797,.F.);
#1117=ORIENTED_EDGE('',*,*,#853,.F.);
#1118=ORIENTED_EDGE('',*,*,#731,.F.);
#1119=ORIENTED_EDGE('',*,*,#852,.T.);
#1120=ORIENTED_EDGE('',*,*,#796,.F.);
#1121=ORIENTED_EDGE('',*,*,#854,.F.);
#1122=ORIENTED_EDGE('',*,*,#732,.F.);
#1123=ORIENTED_EDGE('',*,*,#853,.T.);
#1124=ORIENTED_EDGE('',*,*,#795,.F.);
#1125=ORIENTED_EDGE('',*,*,#855,.F.);
#1126=ORIENTED_EDGE('',*,*,#733,.F.);
#1127=ORIENTED_EDGE('',*,*,#854,.T.);
#1128=ORIENTED_EDGE('',*,*,#794,.F.);
#1129=ORIENTED_EDGE('',*,*,#841,.F.);
#1130=ORIENTED_EDGE('',*,*,#856,.F.);
#1131=ORIENTED_EDGE('',*,*,#857,.T.);
#1132=ORIENTED_EDGE('',*,*,#808,.F.);
#1133=ORIENTED_EDGE('',*,*,#857,.F.);
#1134=ORIENTED_EDGE('',*,*,#858,.F.);
#1135=ORIENTED_EDGE('',*,*,#859,.T.);
#1136=ORIENTED_EDGE('',*,*,#809,.F.);
#1137=ORIENTED_EDGE('',*,*,#859,.F.);
#1138=ORIENTED_EDGE('',*,*,#860,.F.);
#1139=ORIENTED_EDGE('',*,*,#861,.T.);
#1140=ORIENTED_EDGE('',*,*,#810,.F.);
#1141=ORIENTED_EDGE('',*,*,#861,.F.);
#1142=ORIENTED_EDGE('',*,*,#862,.F.);
#1143=ORIENTED_EDGE('',*,*,#863,.T.);
#1144=ORIENTED_EDGE('',*,*,#811,.F.);
#1145=ORIENTED_EDGE('',*,*,#863,.F.);
#1146=ORIENTED_EDGE('',*,*,#864,.F.);
#1147=ORIENTED_EDGE('',*,*,#865,.F.);
#1148=ORIENTED_EDGE('',*,*,#812,.F.);
#1149=ORIENTED_EDGE('',*,*,#866,.F.);
#1150=ORIENTED_EDGE('',*,*,#867,.F.);
#1151=ORIENTED_EDGE('',*,*,#850,.T.);
#1152=ORIENTED_EDGE('',*,*,#801,.F.);
#1153=ORIENTED_EDGE('',*,*,#865,.T.);
#1154=ORIENTED_EDGE('',*,*,#868,.F.);
#1155=ORIENTED_EDGE('',*,*,#866,.T.);
#1156=ORIENTED_EDGE('',*,*,#800,.F.);
#1157=ORIENTED_EDGE('',*,*,#832,.T.);
#1158=ORIENTED_EDGE('',*,*,#830,.T.);
#1159=ORIENTED_EDGE('',*,*,#828,.T.);
#1160=ORIENTED_EDGE('',*,*,#826,.T.);
#1161=ORIENTED_EDGE('',*,*,#824,.T.);
#1162=ORIENTED_EDGE('',*,*,#838,.T.);
#1163=ORIENTED_EDGE('',*,*,#836,.T.);
#1164=ORIENTED_EDGE('',*,*,#834,.T.);
#1165=ORIENTED_EDGE('',*,*,#821,.F.);
#1166=ORIENTED_EDGE('',*,*,#734,.F.);
#1167=ORIENTED_EDGE('',*,*,#855,.T.);
#1168=ORIENTED_EDGE('',*,*,#793,.F.);
#1169=ORIENTED_EDGE('',*,*,#816,.F.);
#1170=ORIENTED_EDGE('',*,*,#741,.F.);
#1171=ORIENTED_EDGE('',*,*,#819,.T.);
#1172=ORIENTED_EDGE('',*,*,#786,.F.);
#1173=ORIENTED_EDGE('',*,*,#818,.F.);
#1174=ORIENTED_EDGE('',*,*,#738,.F.);
#1175=ORIENTED_EDGE('',*,*,#869,.T.);
#1176=ORIENTED_EDGE('',*,*,#789,.F.);
#1177=ORIENTED_EDGE('',*,*,#869,.F.);
#1178=ORIENTED_EDGE('',*,*,#737,.F.);
#1179=ORIENTED_EDGE('',*,*,#822,.F.);
#1180=ORIENTED_EDGE('',*,*,#790,.F.);
#1181=ORIENTED_EDGE('',*,*,#870,.F.);
#1182=ORIENTED_EDGE('',*,*,#871,.T.);
#1183=ORIENTED_EDGE('',*,*,#872,.T.);
#1184=ORIENTED_EDGE('',*,*,#871,.F.);
#1185=ORIENTED_EDGE('',*,*,#873,.F.);
#1186=ORIENTED_EDGE('',*,*,#874,.T.);
#1187=ORIENTED_EDGE('',*,*,#875,.T.);
#1188=ORIENTED_EDGE('',*,*,#874,.F.);
#1189=ORIENTED_EDGE('',*,*,#875,.F.);
#1190=ORIENTED_EDGE('',*,*,#754,.F.);
#1191=ORIENTED_EDGE('',*,*,#872,.F.);
#1192=ORIENTED_EDGE('',*,*,#873,.T.);
#1193=ORIENTED_EDGE('',*,*,#876,.F.);
#1194=ORIENTED_EDGE('',*,*,#877,.T.);
#1195=ORIENTED_EDGE('',*,*,#878,.T.);
#1196=ORIENTED_EDGE('',*,*,#877,.F.);
#1197=ORIENTED_EDGE('',*,*,#879,.F.);
#1198=ORIENTED_EDGE('',*,*,#880,.T.);
#1199=ORIENTED_EDGE('',*,*,#881,.T.);
#1200=ORIENTED_EDGE('',*,*,#880,.F.);
#1201=ORIENTED_EDGE('',*,*,#881,.F.);
#1202=ORIENTED_EDGE('',*,*,#750,.F.);
#1203=ORIENTED_EDGE('',*,*,#878,.F.);
#1204=ORIENTED_EDGE('',*,*,#879,.T.);
#1205=ORIENTED_EDGE('',*,*,#882,.F.);
#1206=ORIENTED_EDGE('',*,*,#883,.T.);
#1207=ORIENTED_EDGE('',*,*,#884,.T.);
#1208=ORIENTED_EDGE('',*,*,#883,.F.);
#1209=ORIENTED_EDGE('',*,*,#885,.F.);
#1210=ORIENTED_EDGE('',*,*,#886,.T.);
#1211=ORIENTED_EDGE('',*,*,#887,.T.);
#1212=ORIENTED_EDGE('',*,*,#886,.F.);
#1213=ORIENTED_EDGE('',*,*,#887,.F.);
#1214=ORIENTED_EDGE('',*,*,#762,.F.);
#1215=ORIENTED_EDGE('',*,*,#884,.F.);
#1216=ORIENTED_EDGE('',*,*,#885,.T.);
#1217=ORIENTED_EDGE('',*,*,#888,.F.);
#1218=ORIENTED_EDGE('',*,*,#889,.T.);
#1219=ORIENTED_EDGE('',*,*,#890,.T.);
#1220=ORIENTED_EDGE('',*,*,#889,.F.);
#1221=ORIENTED_EDGE('',*,*,#890,.F.);
#1222=ORIENTED_EDGE('',*,*,#891,.T.);
#1223=ORIENTED_EDGE('',*,*,#891,.F.);
#1224=ORIENTED_EDGE('',*,*,#892,.T.);
#1225=ORIENTED_EDGE('',*,*,#893,.T.);
#1226=ORIENTED_EDGE('',*,*,#892,.F.);
#1227=ORIENTED_EDGE('',*,*,#893,.F.);
#1228=ORIENTED_EDGE('',*,*,#758,.F.);
#1229=ORIENTED_EDGE('',*,*,#851,.T.);
#1230=ORIENTED_EDGE('',*,*,#867,.T.);
#1231=ORIENTED_EDGE('',*,*,#868,.T.);
#1232=ORIENTED_EDGE('',*,*,#864,.T.);
#1233=ORIENTED_EDGE('',*,*,#862,.T.);
#1234=ORIENTED_EDGE('',*,*,#860,.T.);
#1235=ORIENTED_EDGE('',*,*,#858,.T.);
#1236=ORIENTED_EDGE('',*,*,#856,.T.);
#1237=ORIENTED_EDGE('',*,*,#840,.T.);
#1238=ORIENTED_EDGE('',*,*,#843,.T.);
#1239=ORIENTED_EDGE('',*,*,#845,.T.);
#1240=ORIENTED_EDGE('',*,*,#847,.T.);
#1241=ORIENTED_EDGE('',*,*,#849,.T.);
#1242=ORIENTED_EDGE('',*,*,#870,.T.);
#1243=ORIENTED_EDGE('',*,*,#876,.T.);
#1244=ORIENTED_EDGE('',*,*,#894,.F.);
#1245=ORIENTED_EDGE('',*,*,#895,.F.);
#1246=ORIENTED_EDGE('',*,*,#888,.T.);
#1247=ORIENTED_EDGE('',*,*,#882,.T.);
#1248=ORIENTED_EDGE('',*,*,#896,.F.);
#1249=ORIENTED_EDGE('',*,*,#897,.T.);
#1250=ORIENTED_EDGE('',*,*,#898,.T.);
#1251=ORIENTED_EDGE('',*,*,#897,.F.);
#1252=ORIENTED_EDGE('',*,*,#898,.F.);
#1253=ORIENTED_EDGE('',*,*,#766,.F.);
#1254=ORIENTED_EDGE('',*,*,#895,.T.);
#1255=ORIENTED_EDGE('',*,*,#899,.T.);
#1256=ORIENTED_EDGE('',*,*,#900,.T.);
#1257=ORIENTED_EDGE('',*,*,#899,.F.);
#1258=ORIENTED_EDGE('',*,*,#900,.F.);
#1259=ORIENTED_EDGE('',*,*,#896,.T.);
#1260=ORIENTED_EDGE('',*,*,#901,.F.);
#1261=ORIENTED_EDGE('',*,*,#902,.T.);
#1262=ORIENTED_EDGE('',*,*,#894,.T.);
#1263=ORIENTED_EDGE('',*,*,#903,.T.);
#1264=ORIENTED_EDGE('',*,*,#901,.T.);
#1265=ORIENTED_EDGE('',*,*,#903,.F.);
#1266=ORIENTED_EDGE('',*,*,#902,.F.);
#1267=ORIENTED_EDGE('',*,*,#904,.T.);
#1268=ORIENTED_EDGE('',*,*,#905,.T.);
#1269=ORIENTED_EDGE('',*,*,#904,.F.);
#1270=ORIENTED_EDGE('',*,*,#905,.F.);
#1271=ORIENTED_EDGE('',*,*,#770,.F.);
#1272=CONICAL_SURFACE('',#1358,2.6,0.785398163397447);
#1273=CONICAL_SURFACE('',#1374,2.6,0.785398163397447);
#1274=CONICAL_SURFACE('',#1378,2.6,0.785398163397447);
#1275=CONICAL_SURFACE('',#1382,2.6,0.785398163397447);
#1276=CONICAL_SURFACE('',#1386,2.6,0.785398163397447);
#1277=CONICAL_SURFACE('',#1390,2.6,0.785398163397447);
#1278=ADVANCED_FACE('',(#114),#1272,.F.);
#1279=ADVANCED_FACE('',(#115,#42,#43,#44,#45,#46,#47),#69,.T.);
#1280=ADVANCED_FACE('',(#116),#15,.F.);
#1281=ADVANCED_FACE('',(#117),#1273,.F.);
#1282=ADVANCED_FACE('',(#118),#16,.F.);
#1283=ADVANCED_FACE('',(#119),#1274,.F.);
#1284=ADVANCED_FACE('',(#120),#17,.F.);
#1285=ADVANCED_FACE('',(#121),#1275,.F.);
#1286=ADVANCED_FACE('',(#122),#18,.F.);
#1287=ADVANCED_FACE('',(#123),#1276,.F.);
#1288=ADVANCED_FACE('',(#124),#19,.F.);
#1289=ADVANCED_FACE('',(#125),#1277,.F.);
#1290=ADVANCED_FACE('',(#126),#20,.F.);
#1291=ADVANCED_FACE('',(#127),#21,.T.);
#1292=ADVANCED_FACE('',(#128,#48),#70,.T.);
#1293=ADVANCED_FACE('',(#129,#49),#71,.T.);
#1294=ADVANCED_FACE('',(#130),#22,.T.);
#1295=ADVANCED_FACE('',(#131),#72,.T.);
#1296=ADVANCED_FACE('',(#132),#23,.T.);
#1297=ADVANCED_FACE('',(#133),#73,.T.);
#1298=ADVANCED_FACE('',(#134),#24,.T.);
#1299=ADVANCED_FACE('',(#135),#74,.T.);
#1300=ADVANCED_FACE('',(#136),#25,.T.);
#1301=ADVANCED_FACE('',(#137),#75,.T.);
#1302=ADVANCED_FACE('',(#138),#76,.F.);
#1303=ADVANCED_FACE('',(#139),#26,.F.);
#1304=ADVANCED_FACE('',(#140),#77,.F.);
#1305=ADVANCED_FACE('',(#141),#27,.F.);
#1306=ADVANCED_FACE('',(#142),#78,.F.);
#1307=ADVANCED_FACE('',(#143),#28,.F.);
#1308=ADVANCED_FACE('',(#144),#79,.F.);
#1309=ADVANCED_FACE('',(#145),#29,.F.);
#1310=ADVANCED_FACE('',(#146),#80,.T.);
#1311=ADVANCED_FACE('',(#147),#81,.T.);
#1312=ADVANCED_FACE('',(#148),#82,.T.);
#1313=ADVANCED_FACE('',(#149),#83,.T.);
#1314=ADVANCED_FACE('',(#150),#84,.T.);
#1315=ADVANCED_FACE('',(#151),#85,.T.);
#1316=ADVANCED_FACE('',(#152),#86,.T.);
#1317=ADVANCED_FACE('',(#153),#87,.T.);
#1318=ADVANCED_FACE('',(#154),#88,.T.);
#1319=ADVANCED_FACE('',(#155),#89,.T.);
#1320=ADVANCED_FACE('',(#156),#90,.T.);
#1321=ADVANCED_FACE('',(#157),#91,.T.);
#1322=ADVANCED_FACE('',(#158),#92,.T.);
#1323=ADVANCED_FACE('',(#159),#93,.T.);
#1324=ADVANCED_FACE('',(#160),#94,.T.);
#1325=ADVANCED_FACE('',(#161),#95,.T.);
#1326=ADVANCED_FACE('',(#162,#50),#96,.T.);
#1327=ADVANCED_FACE('',(#163),#97,.T.);
#1328=ADVANCED_FACE('',(#164),#98,.T.);
#1329=ADVANCED_FACE('',(#165),#99,.T.);
#1330=ADVANCED_FACE('',(#166),#100,.T.);
#1331=ADVANCED_FACE('',(#167),#30,.T.);
#1332=ADVANCED_FACE('',(#168),#31,.T.);
#1333=ADVANCED_FACE('',(#169,#51),#101,.F.);
#1334=ADVANCED_FACE('',(#170,#52),#102,.F.);
#1335=ADVANCED_FACE('',(#171),#32,.T.);
#1336=ADVANCED_FACE('',(#172),#33,.T.);
#1337=ADVANCED_FACE('',(#173,#53),#103,.F.);
#1338=ADVANCED_FACE('',(#174,#54),#104,.F.);
#1339=ADVANCED_FACE('',(#175),#34,.T.);
#1340=ADVANCED_FACE('',(#176),#35,.T.);
#1341=ADVANCED_FACE('',(#177,#55),#105,.F.);
#1342=ADVANCED_FACE('',(#178,#56),#106,.F.);
#1343=ADVANCED_FACE('',(#179),#36,.T.);
#1344=ADVANCED_FACE('',(#180,#57),#107,.F.);
#1345=ADVANCED_FACE('',(#181),#37,.T.);
#1346=ADVANCED_FACE('',(#182,#58),#108,.F.);
#1347=ADVANCED_FACE('',(#183,#59,#60,#61,#62,#63,#64),#109,.T.);
#1348=ADVANCED_FACE('',(#184),#38,.T.);
#1349=ADVANCED_FACE('',(#185,#65),#110,.F.);
#1350=ADVANCED_FACE('',(#186),#39,.T.);
#1351=ADVANCED_FACE('',(#187,#66),#111,.F.);
#1352=ADVANCED_FACE('',(#188,#67),#112,.F.);
#1353=ADVANCED_FACE('',(#189),#40,.T.);
#1354=ADVANCED_FACE('',(#190),#41,.T.);
#1355=ADVANCED_FACE('',(#191,#68),#113,.F.);
#1356=CLOSED_SHELL('',(#1278,#1279,#1280,#1281,#1282,#1283,#1284,#1285,
#1286,#1287,#1288,#1289,#1290,#1291,#1292,#1293,#1294,#1295,#1296,#1297,
#1298,#1299,#1300,#1301,#1302,#1303,#1304,#1305,#1306,#1307,#1308,#1309,
#1310,#1311,#1312,#1313,#1314,#1315,#1316,#1317,#1318,#1319,#1320,#1321,
#1322,#1323,#1324,#1325,#1326,#1327,#1328,#1329,#1330,#1331,#1332,#1333,
#1334,#1335,#1336,#1337,#1338,#1339,#1340,#1341,#1342,#1343,#1344,#1345,
#1346,#1347,#1348,#1349,#1350,#1351,#1352,#1353,#1354,#1355));
#1357=AXIS2_PLACEMENT_3D('',#1897,#1496,#1497);
#1358=AXIS2_PLACEMENT_3D('',#1898,#1498,#1499);
#1359=AXIS2_PLACEMENT_3D('',#1900,#1500,#1501);
#1360=AXIS2_PLACEMENT_3D('',#1903,#1503,#1504);
#1361=AXIS2_PLACEMENT_3D('',#1904,#1505,#1506);
#1362=AXIS2_PLACEMENT_3D('',#1907,#1507,#1508);
#1363=AXIS2_PLACEMENT_3D('',#1911,#1510,#1511);
#1364=AXIS2_PLACEMENT_3D('',#1925,#1518,#1519);
#1365=AXIS2_PLACEMENT_3D('',#1933,#1523,#1524);
#1366=AXIS2_PLACEMENT_3D('',#1939,#1527,#1528);
#1367=AXIS2_PLACEMENT_3D('',#1942,#1530,#1531);
#1368=AXIS2_PLACEMENT_3D('',#1944,#1532,#1533);
#1369=AXIS2_PLACEMENT_3D('',#1946,#1534,#1535);
#1370=AXIS2_PLACEMENT_3D('',#1948,#1536,#1537);
#1371=AXIS2_PLACEMENT_3D('',#1950,#1538,#1539);
#1372=AXIS2_PLACEMENT_3D('',#1951,#1540,#1541);
#1373=AXIS2_PLACEMENT_3D('',#1954,#1543,#1544);
#1374=AXIS2_PLACEMENT_3D('',#1955,#1545,#1546);
#1375=AXIS2_PLACEMENT_3D('',#1958,#1548,#1549);
#1376=AXIS2_PLACEMENT_3D('',#1959,#1550,#1551);
#1377=AXIS2_PLACEMENT_3D('',#1962,#1553,#1554);
#1378=AXIS2_PLACEMENT_3D('',#1963,#1555,#1556);
#1379=AXIS2_PLACEMENT_3D('',#1966,#1558,#1559);
#1380=AXIS2_PLACEMENT_3D('',#1967,#1560,#1561);
#1381=AXIS2_PLACEMENT_3D('',#1970,#1563,#1564);
#1382=AXIS2_PLACEMENT_3D('',#1971,#1565,#1566);
#1383=AXIS2_PLACEMENT_3D('',#1974,#1568,#1569);
#1384=AXIS2_PLACEMENT_3D('',#1975,#1570,#1571);
#1385=AXIS2_PLACEMENT_3D('',#1978,#1573,#1574);
#1386=AXIS2_PLACEMENT_3D('',#1979,#1575,#1576);
#1387=AXIS2_PLACEMENT_3D('',#1982,#1578,#1579);
#1388=AXIS2_PLACEMENT_3D('',#1983,#1580,#1581);
#1389=AXIS2_PLACEMENT_3D('',#1986,#1583,#1584);
#1390=AXIS2_PLACEMENT_3D('',#1987,#1585,#1586);
#1391=AXIS2_PLACEMENT_3D('',#1990,#1588,#1589);
#1392=AXIS2_PLACEMENT_3D('',#1991,#1590,#1591);
#1393=AXIS2_PLACEMENT_3D('',#1994,#1593,#1594);
#1394=AXIS2_PLACEMENT_3D('',#1995,#1595,#1596);
#1395=AXIS2_PLACEMENT_3D('',#1998,#1597,#1598);
#1396=AXIS2_PLACEMENT_3D('',#2001,#1601,#1602);
#1397=AXIS2_PLACEMENT_3D('',#2009,#1606,#1607);
#1398=AXIS2_PLACEMENT_3D('',#2013,#1609,#1610);
#1399=AXIS2_PLACEMENT_3D('',#2017,#1612,#1613);
#1400=AXIS2_PLACEMENT_3D('',#2020,#1615,#1616);
#1401=AXIS2_PLACEMENT_3D('',#2021,#1617,#1618);
#1402=AXIS2_PLACEMENT_3D('',#2025,#1620,#1621);
#1403=AXIS2_PLACEMENT_3D('',#2031,#1624,#1625);
#1404=AXIS2_PLACEMENT_3D('',#2039,#1629,#1630);
#1405=AXIS2_PLACEMENT_3D('',#2052,#1637,#1638);
#1406=AXIS2_PLACEMENT_3D('',#2079,#1652,#1653);
#1407=AXIS2_PLACEMENT_3D('',#2081,#1655,#1656);
#1408=AXIS2_PLACEMENT_3D('',#2083,#1658,#1659);
#1409=AXIS2_PLACEMENT_3D('',#2086,#1662,#1663);
#1410=AXIS2_PLACEMENT_3D('',#2087,#1664,#1665);
#1411=AXIS2_PLACEMENT_3D('',#2090,#1668,#1669);
#1412=AXIS2_PLACEMENT_3D('',#2092,#1671,#1672);
#1413=AXIS2_PLACEMENT_3D('',#2095,#1675,#1676);
#1414=AXIS2_PLACEMENT_3D('',#2097,#1678,#1679);
#1415=AXIS2_PLACEMENT_3D('',#2103,#1683,#1684);
#1416=AXIS2_PLACEMENT_3D('',#2105,#1685,#1686);
#1417=AXIS2_PLACEMENT_3D('',#2107,#1688,#1689);
#1418=AXIS2_PLACEMENT_3D('',#2111,#1692,#1693);
#1419=AXIS2_PLACEMENT_3D('',#2113,#1694,#1695);
#1420=AXIS2_PLACEMENT_3D('',#2115,#1697,#1698);
#1421=AXIS2_PLACEMENT_3D('',#2119,#1701,#1702);
#1422=AXIS2_PLACEMENT_3D('',#2121,#1703,#1704);
#1423=AXIS2_PLACEMENT_3D('',#2123,#1706,#1707);
#1424=AXIS2_PLACEMENT_3D('',#2127,#1710,#1711);
#1425=AXIS2_PLACEMENT_3D('',#2128,#1712,#1713);
#1426=AXIS2_PLACEMENT_3D('',#2129,#1714,#1715);
#1427=AXIS2_PLACEMENT_3D('',#2135,#1719,#1720);
#1428=AXIS2_PLACEMENT_3D('',#2139,#1723,#1724);
#1429=AXIS2_PLACEMENT_3D('',#2143,#1727,#1728);
#1430=AXIS2_PLACEMENT_3D('',#2147,#1731,#1732);
#1431=AXIS2_PLACEMENT_3D('',#2151,#1735,#1736);
#1432=AXIS2_PLACEMENT_3D('',#2155,#1739,#1740);
#1433=AXIS2_PLACEMENT_3D('',#2157,#1742,#1743);
#1434=AXIS2_PLACEMENT_3D('',#2159,#1745,#1746);
#1435=AXIS2_PLACEMENT_3D('',#2161,#1748,#1749);
#1436=AXIS2_PLACEMENT_3D('',#2163,#1751,#1752);
#1437=AXIS2_PLACEMENT_3D('',#2167,#1755,#1756);
#1438=AXIS2_PLACEMENT_3D('',#2171,#1759,#1760);
#1439=AXIS2_PLACEMENT_3D('',#2175,#1763,#1764);
#1440=AXIS2_PLACEMENT_3D('',#2179,#1767,#1768);
#1441=AXIS2_PLACEMENT_3D('',#2183,#1771,#1772);
#1442=AXIS2_PLACEMENT_3D('',#2187,#1775,#1776);
#1443=AXIS2_PLACEMENT_3D('',#2189,#1778,#1779);
#1444=AXIS2_PLACEMENT_3D('',#2190,#1780,#1781);
#1445=AXIS2_PLACEMENT_3D('',#2191,#1782,#1783);
#1446=AXIS2_PLACEMENT_3D('',#2193,#1785,#1786);
#1447=AXIS2_PLACEMENT_3D('',#2194,#1787,#1788);
#1448=AXIS2_PLACEMENT_3D('',#2196,#1789,#1790);
#1449=AXIS2_PLACEMENT_3D('',#2199,#1792,#1793);
#1450=AXIS2_PLACEMENT_3D('',#2200,#1794,#1795);
#1451=AXIS2_PLACEMENT_3D('',#2202,#1796,#1797);
#1452=AXIS2_PLACEMENT_3D('',#2205,#1799,#1800);
#1453=AXIS2_PLACEMENT_3D('',#2206,#1801,#1802);
#1454=AXIS2_PLACEMENT_3D('',#2207,#1803,#1804);
#1455=AXIS2_PLACEMENT_3D('',#2208,#1805,#1806);
#1456=AXIS2_PLACEMENT_3D('',#2210,#1807,#1808);
#1457=AXIS2_PLACEMENT_3D('',#2213,#1810,#1811);
#1458=AXIS2_PLACEMENT_3D('',#2214,#1812,#1813);
#1459=AXIS2_PLACEMENT_3D('',#2216,#1814,#1815);
#1460=AXIS2_PLACEMENT_3D('',#2219,#1817,#1818);
#1461=AXIS2_PLACEMENT_3D('',#2220,#1819,#1820);
#1462=AXIS2_PLACEMENT_3D('',#2221,#1821,#1822);
#1463=AXIS2_PLACEMENT_3D('',#2222,#1823,#1824);
#1464=AXIS2_PLACEMENT_3D('',#2224,#1825,#1826);
#1465=AXIS2_PLACEMENT_3D('',#2227,#1828,#1829);
#1466=AXIS2_PLACEMENT_3D('',#2228,#1830,#1831);
#1467=AXIS2_PLACEMENT_3D('',#2230,#1832,#1833);
#1468=AXIS2_PLACEMENT_3D('',#2233,#1835,#1836);
#1469=AXIS2_PLACEMENT_3D('',#2234,#1837,#1838);
#1470=AXIS2_PLACEMENT_3D('',#2235,#1839,#1840);
#1471=AXIS2_PLACEMENT_3D('',#2236,#1841,#1842);
#1472=AXIS2_PLACEMENT_3D('',#2238,#1843,#1844);
#1473=AXIS2_PLACEMENT_3D('',#2241,#1846,#1847);
#1474=AXIS2_PLACEMENT_3D('',#2242,#1848,#1849);
#1475=AXIS2_PLACEMENT_3D('',#2244,#1850,#1851);
#1476=AXIS2_PLACEMENT_3D('',#2245,#1852,#1853);
#1477=AXIS2_PLACEMENT_3D('',#2248,#1855,#1856);
#1478=AXIS2_PLACEMENT_3D('',#2249,#1857,#1858);
#1479=AXIS2_PLACEMENT_3D('',#2250,#1859,#1860);
#1480=AXIS2_PLACEMENT_3D('',#2252,#1861,#1862);
#1481=AXIS2_PLACEMENT_3D('',#2254,#1863,#1864);
#1482=AXIS2_PLACEMENT_3D('',#2255,#1865,#1866);
#1483=AXIS2_PLACEMENT_3D('',#2257,#1867,#1868);
#1484=AXIS2_PLACEMENT_3D('',#2260,#1870,#1871);
#1485=AXIS2_PLACEMENT_3D('',#2261,#1872,#1873);
#1486=AXIS2_PLACEMENT_3D('',#2262,#1874,#1875);
#1487=AXIS2_PLACEMENT_3D('',#2265,#1877,#1878);
#1488=AXIS2_PLACEMENT_3D('',#2266,#1879,#1880);
#1489=AXIS2_PLACEMENT_3D('',#2267,#1881,#1882);
#1490=AXIS2_PLACEMENT_3D('',#2269,#1883,#1884);
#1491=AXIS2_PLACEMENT_3D('',#2271,#1885,#1886);
#1492=AXIS2_PLACEMENT_3D('',#2272,#1887,#1888);
#1493=AXIS2_PLACEMENT_3D('',#2274,#1890,#1891);
#1494=AXIS2_PLACEMENT_3D('',#2277,#1893,#1894);
#1495=AXIS2_PLACEMENT_3D('',#2278,#1895,#1896);
#1496=DIRECTION('axis',(0.,0.,1.));
#1497=DIRECTION('refdir',(1.,0.,0.));
#1498=DIRECTION('center_axis',(0.,0.,-1.));
#1499=DIRECTION('ref_axis',(1.,0.,0.));
#1500=DIRECTION('center_axis',(0.,0.,-1.));
#1501=DIRECTION('ref_axis',(1.,0.,0.));
#1502=DIRECTION('',(0.707106781186546,-8.65956056235492E-17,0.707106781186549));
#1503=DIRECTION('center_axis',(0.,0.,1.));
#1504=DIRECTION('ref_axis',(1.,0.,0.));
#1505=DIRECTION('center_axis',(0.,0.,-1.));
#1506=DIRECTION('ref_axis',(1.,0.,0.));
#1507=DIRECTION('center_axis',(0.,0.,1.));
#1508=DIRECTION('ref_axis',(-0.707106781186552,0.707106781186543,0.));
#1509=DIRECTION('',(1.,0.,0.));
#1510=DIRECTION('center_axis',(0.,0.,1.));
#1511=DIRECTION('ref_axis',(0.704805418449831,0.709400678124682,0.));
#1512=DIRECTION('',(0.00649864424751287,-0.999978883588521,0.));
#1513=DIRECTION('',(0.00107790012381956,-0.999999419065493,0.));
#1514=DIRECTION('',(0.000348979214484807,-0.999999939106752,0.));
#1515=DIRECTION('',(5.50923697798268E-5,-0.999999998482415,0.));
#1516=DIRECTION('',(0.,-1.,0.));
#1517=DIRECTION('',(0.8680807110755,-0.496423084735848,0.));
#1518=DIRECTION('center_axis',(0.,0.,1.));
#1519=DIRECTION('ref_axis',(0.963395607328109,0.268083762620761,0.));
#1520=DIRECTION('',(-0.486881598530305,-0.873467978241089,0.));
#1521=DIRECTION('',(-0.489059285155238,-0.872250546347463,0.));
#1522=DIRECTION('',(-0.499253920717563,-0.866455724574626,0.));
#1523=DIRECTION('center_axis',(0.,0.,1.));
#1524=DIRECTION('ref_axis',(0.259585592469796,-0.96572010447236,0.));
#1525=DIRECTION('',(-0.866388206133301,0.499371080733678,0.));
#1526=DIRECTION('',(-0.999999324254271,-0.00116253645194197,0.));
#1527=DIRECTION('center_axis',(0.,0.,1.));
#1528=DIRECTION('ref_axis',(-0.706695642956727,-0.707517680504154,0.));
#1529=DIRECTION('',(-1.28503627118878E-16,1.,0.));
#1530=DIRECTION('center_axis',(0.,0.,-1.));
#1531=DIRECTION('ref_axis',(1.,0.,0.));
#1532=DIRECTION('center_axis',(0.,0.,-1.));
#1533=DIRECTION('ref_axis',(1.,0.,0.));
#1534=DIRECTION('center_axis',(0.,0.,-1.));
#1535=DIRECTION('ref_axis',(1.,0.,0.));
#1536=DIRECTION('center_axis',(0.,0.,-1.));
#1537=DIRECTION('ref_axis',(1.,0.,0.));
#1538=DIRECTION('center_axis',(0.,0.,-1.));
#1539=DIRECTION('ref_axis',(1.,0.,0.));
#1540=DIRECTION('center_axis',(0.,0.,-1.));
#1541=DIRECTION('ref_axis',(1.,0.,0.));
#1542=DIRECTION('',(0.,0.,1.));
#1543=DIRECTION('center_axis',(0.,0.,1.));
#1544=DIRECTION('ref_axis',(1.,0.,0.));
#1545=DIRECTION('center_axis',(0.,0.,-1.));
#1546=DIRECTION('ref_axis',(1.,0.,0.));
#1547=DIRECTION('',(0.707106781186546,-8.65956056235492E-17,0.707106781186549));
#1548=DIRECTION('center_axis',(0.,0.,1.));
#1549=DIRECTION('ref_axis',(1.,0.,0.));
#1550=DIRECTION('center_axis',(0.,0.,-1.));
#1551=DIRECTION('ref_axis',(1.,0.,0.));
#1552=DIRECTION('',(0.,0.,1.));
#1553=DIRECTION('center_axis',(0.,0.,1.));
#1554=DIRECTION('ref_axis',(1.,0.,0.));
#1555=DIRECTION('center_axis',(0.,0.,-1.));
#1556=DIRECTION('ref_axis',(1.,0.,0.));
#1557=DIRECTION('',(0.707106781186546,-8.65956056235492E-17,0.707106781186549));
#1558=DIRECTION('center_axis',(0.,0.,1.));
#1559=DIRECTION('ref_axis',(1.,0.,0.));
#1560=DIRECTION('center_axis',(0.,0.,-1.));
#1561=DIRECTION('ref_axis',(1.,0.,0.));
#1562=DIRECTION('',(0.,0.,1.));
#1563=DIRECTION('center_axis',(0.,0.,1.));
#1564=DIRECTION('ref_axis',(1.,0.,0.));
#1565=DIRECTION('center_axis',(0.,0.,-1.));
#1566=DIRECTION('ref_axis',(1.,0.,0.));
#1567=DIRECTION('',(0.707106781186546,-8.65956056235492E-17,0.707106781186549));
#1568=DIRECTION('center_axis',(0.,0.,1.));
#1569=DIRECTION('ref_axis',(1.,0.,0.));
#1570=DIRECTION('center_axis',(0.,0.,-1.));
#1571=DIRECTION('ref_axis',(1.,0.,0.));
#1572=DIRECTION('',(0.,0.,1.));
#1573=DIRECTION('center_axis',(0.,0.,1.));
#1574=DIRECTION('ref_axis',(1.,0.,0.));
#1575=DIRECTION('center_axis',(0.,0.,-1.));
#1576=DIRECTION('ref_axis',(1.,0.,0.));
#1577=DIRECTION('',(0.707106781186546,-8.65956056235492E-17,0.707106781186549));
#1578=DIRECTION('center_axis',(0.,0.,1.));
#1579=DIRECTION('ref_axis',(1.,0.,0.));
#1580=DIRECTION('center_axis',(0.,0.,-1.));
#1581=DIRECTION('ref_axis',(1.,0.,0.));
#1582=DIRECTION('',(0.,0.,1.));
#1583=DIRECTION('center_axis',(0.,0.,1.));
#1584=DIRECTION('ref_axis',(1.,0.,0.));
#1585=DIRECTION('center_axis',(0.,0.,-1.));
#1586=DIRECTION('ref_axis',(1.,0.,0.));
#1587=DIRECTION('',(0.707106781186546,-8.65956056235492E-17,0.707106781186549));
#1588=DIRECTION('center_axis',(0.,0.,1.));
#1589=DIRECTION('ref_axis',(1.,0.,0.));
#1590=DIRECTION('center_axis',(0.,0.,-1.));
#1591=DIRECTION('ref_axis',(1.,0.,0.));
#1592=DIRECTION('',(0.,0.,1.));
#1593=DIRECTION('center_axis',(0.,0.,1.));
#1594=DIRECTION('ref_axis',(1.,0.,0.));
#1595=DIRECTION('center_axis',(0.,0.,1.));
#1596=DIRECTION('ref_axis',(-0.707106781186552,0.707106781186543,0.));
#1597=DIRECTION('center_axis',(0.,0.,-1.));
#1598=DIRECTION('ref_axis',(-0.707106781186552,0.707106781186543,0.));
#1599=DIRECTION('',(0.,0.,-1.));
#1600=DIRECTION('',(0.,0.,1.));
#1601=DIRECTION('center_axis',(0.,1.,0.));
#1602=DIRECTION('ref_axis',(1.,0.,0.));
#1603=DIRECTION('',(-1.,0.,0.));
#1604=DIRECTION('',(0.,0.,1.));
#1605=DIRECTION('',(-1.,0.,-1.72394879600182E-16));
#1606=DIRECTION('center_axis',(0.,-1.,0.));
#1607=DIRECTION('ref_axis',(-1.,-1.05181454029468E-30,-1.4802973661669E-16));
#1608=DIRECTION('',(2.97734022837141E-30,0.,-1.));
#1609=DIRECTION('center_axis',(0.,-1.,0.));
#1610=DIRECTION('ref_axis',(-9.473903143468E-15,-7.43849426498855E-15,-1.));
#1611=DIRECTION('',(1.,0.,1.72394879600182E-16));
#1612=DIRECTION('center_axis',(0.,-1.,0.));
#1613=DIRECTION('ref_axis',(1.,1.1175529490631E-30,1.4802973661669E-16));
#1614=DIRECTION('',(-2.9773402283714E-30,0.,1.));
#1615=DIRECTION('center_axis',(0.,-1.,0.));
#1616=DIRECTION('ref_axis',(9.473903143468E-15,7.43849426498855E-15,1.));
#1617=DIRECTION('center_axis',(0.,0.,1.));
#1618=DIRECTION('ref_axis',(1.,0.,0.));
#1619=DIRECTION('',(1.28503627118878E-16,-1.,0.));
#1620=DIRECTION('center_axis',(0.,0.,-1.));
#1621=DIRECTION('ref_axis',(-0.706695642956727,-0.707517680504154,0.));
#1622=DIRECTION('',(0.999999324254271,0.00116253645194197,0.));
#1623=DIRECTION('',(0.866388206133301,-0.499371080733678,0.));
#1624=DIRECTION('center_axis',(0.,0.,-1.));
#1625=DIRECTION('ref_axis',(0.259585592469796,-0.96572010447236,0.));
#1626=DIRECTION('',(0.499253920717563,0.866455724574626,0.));
#1627=DIRECTION('',(0.489059285155238,0.872250546347463,0.));
#1628=DIRECTION('',(0.486881598530305,0.873467978241089,0.));
#1629=DIRECTION('center_axis',(0.,0.,-1.));
#1630=DIRECTION('ref_axis',(0.963395607328109,0.268083762620761,0.));
#1631=DIRECTION('',(-0.8680807110755,0.496423084735847,0.));
#1632=DIRECTION('',(0.,1.,0.));
#1633=DIRECTION('',(-5.50923697798268E-5,0.999999998482415,0.));
#1634=DIRECTION('',(-0.000348979214484807,0.999999939106752,0.));
#1635=DIRECTION('',(-0.00107790012381956,0.999999419065493,0.));
#1636=DIRECTION('',(-0.00649864424751287,0.999978883588521,0.));
#1637=DIRECTION('center_axis',(0.,0.,-1.));
#1638=DIRECTION('ref_axis',(0.704805418449831,0.709400678124682,0.));
#1639=DIRECTION('',(1.,0.,0.));
#1640=DIRECTION('',(0.00649864424751386,-0.999978883588521,0.));
#1641=DIRECTION('',(0.00107790012381955,-0.999999419065493,0.));
#1642=DIRECTION('',(0.000348979214485015,-0.999999939106752,0.));
#1643=DIRECTION('',(5.50923697797045E-5,-0.999999998482415,0.));
#1644=DIRECTION('',(0.,-1.,0.));
#1645=DIRECTION('',(0.8680807110755,-0.496423084735848,0.));
#1646=DIRECTION('',(-0.486881598530305,-0.873467978241089,0.));
#1647=DIRECTION('',(-0.489059285155238,-0.872250546347463,0.));
#1648=DIRECTION('',(-0.499253920717564,-0.866455724574626,0.));
#1649=DIRECTION('',(-0.866388206133301,0.499371080733677,0.));
#1650=DIRECTION('',(-0.999999324254271,-0.00116253645194163,0.));
#1651=DIRECTION('',(-1.34337910617772E-16,1.,0.));
#1652=DIRECTION('center_axis',(0.,0.,1.));
#1653=DIRECTION('ref_axis',(0.704805418449831,0.709400678124682,0.));
#1654=DIRECTION('',(0.,0.,-1.));
#1655=DIRECTION('center_axis',(0.999978883588521,0.00649864424751287,0.));
#1656=DIRECTION('ref_axis',(0.00649864424751287,-0.999978883588521,0.));
#1657=DIRECTION('',(0.,0.,1.));
#1658=DIRECTION('center_axis',(0.,0.,1.));
#1659=DIRECTION('ref_axis',(-0.706695642956727,-0.707517680504154,0.));
#1660=DIRECTION('',(0.,0.,-1.));
#1661=DIRECTION('',(0.,0.,1.));
#1662=DIRECTION('center_axis',(-1.,-1.28503627118878E-16,0.));
#1663=DIRECTION('ref_axis',(-1.28503627118878E-16,1.,0.));
#1664=DIRECTION('center_axis',(0.,0.,1.));
#1665=DIRECTION('ref_axis',(0.259585592469796,-0.96572010447236,0.));
#1666=DIRECTION('',(0.,0.,-1.));
#1667=DIRECTION('',(0.,0.,1.));
#1668=DIRECTION('center_axis',(-0.499371080733678,-0.866388206133301,0.));
#1669=DIRECTION('ref_axis',(-0.866388206133301,0.499371080733678,0.));
#1670=DIRECTION('',(0.,0.,1.));
#1671=DIRECTION('center_axis',(0.,0.,1.));
#1672=DIRECTION('ref_axis',(0.963395607328109,0.268083762620761,0.));
#1673=DIRECTION('',(0.,0.,-1.));
#1674=DIRECTION('',(0.,0.,1.));
#1675=DIRECTION('center_axis',(0.873467978241089,-0.486881598530305,0.));
#1676=DIRECTION('ref_axis',(-0.486881598530305,-0.873467978241089,0.));
#1677=DIRECTION('',(0.,0.,-1.));
#1678=DIRECTION('center_axis',(1.72394879600182E-16,-7.43849426498855E-15,
-1.));
#1679=DIRECTION('ref_axis',(-1.,-3.94737693227161E-16,-1.72394879600179E-16));
#1680=DIRECTION('',(0.,1.,-7.43849426498855E-15));
#1681=DIRECTION('',(-1.,0.,-1.72394879600182E-16));
#1682=DIRECTION('',(0.,1.,-7.43849426498855E-15));
#1683=DIRECTION('center_axis',(0.,1.,-7.43849426498855E-15));
#1684=DIRECTION('ref_axis',(1.,1.1175529490631E-30,1.4802973661669E-16));
#1685=DIRECTION('center_axis',(0.,1.,0.));
#1686=DIRECTION('ref_axis',(1.,1.1175529490631E-30,1.4802973661669E-16));
#1687=DIRECTION('',(0.,1.,-7.43849426498855E-15));
#1688=DIRECTION('center_axis',(1.,2.21469282136603E-44,2.9773402283714E-30));
#1689=DIRECTION('ref_axis',(2.9773402283714E-30,-7.48012762840982E-15,-1.));
#1690=DIRECTION('',(2.9773402283714E-30,0.,-1.));
#1691=DIRECTION('',(0.,1.,-7.43849426498855E-15));
#1692=DIRECTION('center_axis',(0.,1.,-7.43849426498855E-15));
#1693=DIRECTION('ref_axis',(9.473903143468E-15,7.43849426498855E-15,1.));
#1694=DIRECTION('center_axis',(0.,1.,0.));
#1695=DIRECTION('ref_axis',(9.473903143468E-15,7.43849426498855E-15,1.));
#1696=DIRECTION('',(0.,-1.,7.77156117237612E-15));
#1697=DIRECTION('center_axis',(-1.72394879600182E-16,7.43849426498855E-15,
1.));
#1698=DIRECTION('ref_axis',(1.,-2.36358038037571E-15,1.723948796002E-16));
#1699=DIRECTION('',(1.,0.,1.72394879600182E-16));
#1700=DIRECTION('',(0.,1.,-7.43849426498855E-15));
#1701=DIRECTION('center_axis',(0.,1.,-7.43849426498855E-15));
#1702=DIRECTION('ref_axis',(-1.,-1.05181454029468E-30,-1.4802973661669E-16));
#1703=DIRECTION('center_axis',(0.,1.,0.));
#1704=DIRECTION('ref_axis',(-1.,-1.05181454029468E-30,-1.4802973661669E-16));
#1705=DIRECTION('',(0.,1.,-7.43849426498855E-15));
#1706=DIRECTION('center_axis',(-1.,-2.21469282136604E-44,-2.97734022837141E-30));
#1707=DIRECTION('ref_axis',(-2.97734022837141E-30,7.48012762840985E-15,
1.));
#1708=DIRECTION('',(-2.97734022837141E-30,0.,1.));
#1709=DIRECTION('',(0.,1.,-7.43849426498855E-15));
#1710=DIRECTION('center_axis',(0.,1.,-7.43849426498855E-15));
#1711=DIRECTION('ref_axis',(-9.473903143468E-15,-7.43849426498855E-15,-1.));
#1712=DIRECTION('center_axis',(0.,1.,0.));
#1713=DIRECTION('ref_axis',(-9.473903143468E-15,-7.43849426498855E-15,-1.));
#1714=DIRECTION('center_axis',(-0.873467978241089,0.486881598530305,0.));
#1715=DIRECTION('ref_axis',(0.486881598530305,0.873467978241089,0.));
#1716=DIRECTION('',(0.,0.,1.));
#1717=DIRECTION('',(0.486881598530304,0.873467978241089,0.));
#1718=DIRECTION('',(0.,0.,1.));
#1719=DIRECTION('center_axis',(-0.496423084735848,-0.8680807110755,0.));
#1720=DIRECTION('ref_axis',(-0.8680807110755,0.496423084735848,0.));
#1721=DIRECTION('',(0.,0.,1.));
#1722=DIRECTION('',(-0.8680807110755,0.496423084735848,0.));
#1723=DIRECTION('center_axis',(-1.,0.,0.));
#1724=DIRECTION('ref_axis',(0.,1.,0.));
#1725=DIRECTION('',(0.,0.,1.));
#1726=DIRECTION('',(0.,1.,0.));
#1727=DIRECTION('center_axis',(-0.999999998482415,-5.50923697797045E-5,
0.));
#1728=DIRECTION('ref_axis',(-5.50923697797045E-5,0.999999998482415,0.));
#1729=DIRECTION('',(0.,0.,1.));
#1730=DIRECTION('',(-5.50923697797045E-5,0.999999998482415,0.));
#1731=DIRECTION('center_axis',(-0.999999939106752,-0.000348979214485015,
0.));
#1732=DIRECTION('ref_axis',(-0.000348979214485015,0.999999939106752,0.));
#1733=DIRECTION('',(0.,0.,1.));
#1734=DIRECTION('',(-0.000348979214485015,0.999999939106752,0.));
#1735=DIRECTION('center_axis',(-0.999999419065493,-0.00107790012381955,
0.));
#1736=DIRECTION('ref_axis',(-0.00107790012381955,0.999999419065493,0.));
#1737=DIRECTION('',(0.,0.,1.));
#1738=DIRECTION('',(-0.00107790012381955,0.999999419065493,0.));
#1739=DIRECTION('center_axis',(0.999999419065493,0.00107790012381956,0.));
#1740=DIRECTION('ref_axis',(0.00107790012381956,-0.999999419065493,0.));
#1741=DIRECTION('',(0.,0.,1.));
#1742=DIRECTION('center_axis',(0.999999939106752,0.000348979214484807,0.));
#1743=DIRECTION('ref_axis',(0.000348979214484807,-0.999999939106752,0.));
#1744=DIRECTION('',(0.,0.,1.));
#1745=DIRECTION('center_axis',(0.999999998482415,5.50923697798268E-5,0.));
#1746=DIRECTION('ref_axis',(5.50923697798268E-5,-0.999999998482415,0.));
#1747=DIRECTION('',(0.,0.,1.));
#1748=DIRECTION('center_axis',(1.,0.,0.));
#1749=DIRECTION('ref_axis',(0.,-1.,0.));
#1750=DIRECTION('',(0.,0.,1.));
#1751=DIRECTION('center_axis',(-0.872250546347463,0.489059285155238,0.));
#1752=DIRECTION('ref_axis',(0.489059285155238,0.872250546347463,0.));
#1753=DIRECTION('',(0.48905928515524,0.872250546347462,0.));
#1754=DIRECTION('',(0.,0.,1.));
#1755=DIRECTION('center_axis',(-0.866455724574626,0.499253920717564,0.));
#1756=DIRECTION('ref_axis',(0.499253920717564,0.866455724574626,0.));
#1757=DIRECTION('',(0.499253920717564,0.866455724574626,0.));
#1758=DIRECTION('',(0.,0.,1.));
#1759=DIRECTION('center_axis',(0.499371080733677,0.866388206133301,0.));
#1760=DIRECTION('ref_axis',(0.866388206133301,-0.499371080733677,0.));
#1761=DIRECTION('',(0.866388206133301,-0.499371080733677,0.));
#1762=DIRECTION('',(0.,0.,1.));
#1763=DIRECTION('center_axis',(-0.00116253645194163,0.999999324254271,0.));
#1764=DIRECTION('ref_axis',(0.999999324254271,0.00116253645194163,0.));
#1765=DIRECTION('',(0.999999324254271,0.00116253645194163,0.));
#1766=DIRECTION('',(0.,0.,1.));
#1767=DIRECTION('center_axis',(1.,1.34337910617772E-16,0.));
#1768=DIRECTION('ref_axis',(1.34337910617772E-16,-1.,0.));
#1769=DIRECTION('',(1.34337910617772E-16,-1.,0.));
#1770=DIRECTION('',(0.,0.,-1.));
#1771=DIRECTION('center_axis',(-0.999978883588521,-0.00649864424751386,
0.));
#1772=DIRECTION('ref_axis',(-0.00649864424751386,0.999978883588521,0.));
#1773=DIRECTION('',(0.,0.,1.));
#1774=DIRECTION('',(-0.00649864424751386,0.999978883588521,0.));
#1775=DIRECTION('center_axis',(0.,-1.,0.));
#1776=DIRECTION('ref_axis',(-1.,0.,0.));
#1777=DIRECTION('',(-1.,0.,0.));
#1778=DIRECTION('center_axis',(0.496423084735848,0.8680807110755,0.));
#1779=DIRECTION('ref_axis',(0.8680807110755,-0.496423084735848,0.));
#1780=DIRECTION('center_axis',(0.00116253645194197,-0.999999324254271,0.));
#1781=DIRECTION('ref_axis',(-0.999999324254271,-0.00116253645194197,0.));
#1782=DIRECTION('center_axis',(0.866455724574626,-0.499253920717563,0.));
#1783=DIRECTION('ref_axis',(-0.499253920717563,-0.866455724574626,0.));
#1784=DIRECTION('',(0.,0.,1.));
#1785=DIRECTION('center_axis',(0.872250546347463,-0.489059285155238,0.));
#1786=DIRECTION('ref_axis',(-0.489059285155238,-0.872250546347463,0.));
#1787=DIRECTION('center_axis',(0.,0.,-1.));
#1788=DIRECTION('ref_axis',(1.,0.,0.));
#1789=DIRECTION('center_axis',(0.,0.,-1.));
#1790=DIRECTION('ref_axis',(1.,0.,0.));
#1791=DIRECTION('',(0.,0.,1.));
#1792=DIRECTION('center_axis',(0.,0.,-1.));
#1793=DIRECTION('ref_axis',(1.,0.,0.));
#1794=DIRECTION('center_axis',(0.,0.,-1.));
#1795=DIRECTION('ref_axis',(1.,0.,0.));
#1796=DIRECTION('center_axis',(0.,0.,-1.));
#1797=DIRECTION('ref_axis',(1.,0.,0.));
#1798=DIRECTION('',(0.,0.,1.));
#1799=DIRECTION('center_axis',(0.,0.,-1.));
#1800=DIRECTION('ref_axis',(1.,0.,0.));
#1801=DIRECTION('center_axis',(0.,0.,-1.));
#1802=DIRECTION('ref_axis',(1.,0.,0.));
#1803=DIRECTION('center_axis',(0.,0.,-1.));
#1804=DIRECTION('ref_axis',(1.,0.,0.));
#1805=DIRECTION('center_axis',(0.,0.,-1.));
#1806=DIRECTION('ref_axis',(1.,0.,0.));
#1807=DIRECTION('center_axis',(0.,0.,-1.));
#1808=DIRECTION('ref_axis',(1.,0.,0.));
#1809=DIRECTION('',(0.,0.,1.));
#1810=DIRECTION('center_axis',(0.,0.,-1.));
#1811=DIRECTION('ref_axis',(1.,0.,0.));
#1812=DIRECTION('center_axis',(0.,0.,-1.));
#1813=DIRECTION('ref_axis',(1.,0.,0.));
#1814=DIRECTION('center_axis',(0.,0.,-1.));
#1815=DIRECTION('ref_axis',(1.,0.,0.));
#1816=DIRECTION('',(0.,0.,1.));
#1817=DIRECTION('center_axis',(0.,0.,-1.));
#1818=DIRECTION('ref_axis',(1.,0.,0.));
#1819=DIRECTION('center_axis',(0.,0.,-1.));
#1820=DIRECTION('ref_axis',(1.,0.,0.));
#1821=DIRECTION('center_axis',(0.,0.,-1.));
#1822=DIRECTION('ref_axis',(1.,0.,0.));
#1823=DIRECTION('center_axis',(0.,0.,-1.));
#1824=DIRECTION('ref_axis',(1.,0.,0.));
#1825=DIRECTION('center_axis',(0.,0.,-1.));
#1826=DIRECTION('ref_axis',(1.,0.,0.));
#1827=DIRECTION('',(0.,0.,1.));
#1828=DIRECTION('center_axis',(0.,0.,-1.));
#1829=DIRECTION('ref_axis',(1.,0.,0.));
#1830=DIRECTION('center_axis',(0.,0.,-1.));
#1831=DIRECTION('ref_axis',(1.,0.,0.));
#1832=DIRECTION('center_axis',(0.,0.,-1.));
#1833=DIRECTION('ref_axis',(1.,0.,0.));
#1834=DIRECTION('',(0.,0.,1.));
#1835=DIRECTION('center_axis',(0.,0.,-1.));
#1836=DIRECTION('ref_axis',(1.,0.,0.));
#1837=DIRECTION('center_axis',(0.,0.,-1.));
#1838=DIRECTION('ref_axis',(1.,0.,0.));
#1839=DIRECTION('center_axis',(0.,0.,-1.));
#1840=DIRECTION('ref_axis',(1.,0.,0.));
#1841=DIRECTION('center_axis',(0.,0.,-1.));
#1842=DIRECTION('ref_axis',(1.,0.,0.));
#1843=DIRECTION('center_axis',(0.,0.,-1.));
#1844=DIRECTION('ref_axis',(1.,0.,0.));
#1845=DIRECTION('',(0.,0.,1.));
#1846=DIRECTION('center_axis',(0.,0.,-1.));
#1847=DIRECTION('ref_axis',(1.,0.,0.));
#1848=DIRECTION('center_axis',(0.,0.,-1.));
#1849=DIRECTION('ref_axis',(1.,0.,0.));
#1850=DIRECTION('center_axis',(0.,0.,-1.));
#1851=DIRECTION('ref_axis',(1.,0.,0.));
#1852=DIRECTION('center_axis',(0.,0.,-1.));
#1853=DIRECTION('ref_axis',(1.,0.,0.));
#1854=DIRECTION('',(0.,0.,1.));
#1855=DIRECTION('center_axis',(0.,0.,-1.));
#1856=DIRECTION('ref_axis',(1.,0.,0.));
#1857=DIRECTION('center_axis',(0.,0.,-1.));
#1858=DIRECTION('ref_axis',(1.,0.,0.));
#1859=DIRECTION('center_axis',(0.,0.,1.));
#1860=DIRECTION('ref_axis',(1.,0.,0.));
#1861=DIRECTION('center_axis',(0.,0.,1.));
#1862=DIRECTION('ref_axis',(1.,0.,0.));
#1863=DIRECTION('center_axis',(0.,0.,1.));
#1864=DIRECTION('ref_axis',(1.,0.,0.));
#1865=DIRECTION('center_axis',(0.,0.,-1.));
#1866=DIRECTION('ref_axis',(1.,0.,0.));
#1867=DIRECTION('center_axis',(0.,0.,-1.));
#1868=DIRECTION('ref_axis',(1.,0.,0.));
#1869=DIRECTION('',(0.,0.,1.));
#1870=DIRECTION('center_axis',(0.,0.,-1.));
#1871=DIRECTION('ref_axis',(1.,0.,0.));
#1872=DIRECTION('center_axis',(0.,0.,-1.));
#1873=DIRECTION('ref_axis',(1.,0.,0.));
#1874=DIRECTION('center_axis',(0.,0.,-1.));
#1875=DIRECTION('ref_axis',(1.,0.,0.));
#1876=DIRECTION('',(0.,0.,1.));
#1877=DIRECTION('center_axis',(0.,0.,-1.));
#1878=DIRECTION('ref_axis',(1.,0.,0.));
#1879=DIRECTION('center_axis',(0.,0.,-1.));
#1880=DIRECTION('ref_axis',(1.,0.,0.));
#1881=DIRECTION('center_axis',(0.,0.,-1.));
#1882=DIRECTION('ref_axis',(1.,0.,0.));
#1883=DIRECTION('center_axis',(0.,0.,-1.));
#1884=DIRECTION('ref_axis',(1.,0.,0.));
#1885=DIRECTION('center_axis',(0.,0.,-1.));
#1886=DIRECTION('ref_axis',(1.,0.,0.));
#1887=DIRECTION('center_axis',(0.,0.,-1.));
#1888=DIRECTION('ref_axis',(1.,0.,0.));
#1889=DIRECTION('',(0.,0.,1.));
#1890=DIRECTION('center_axis',(0.,0.,-1.));
#1891=DIRECTION('ref_axis',(1.,0.,0.));
#1892=DIRECTION('',(0.,0.,1.));
#1893=DIRECTION('center_axis',(0.,0.,-1.));
#1894=DIRECTION('ref_axis',(1.,0.,0.));
#1895=DIRECTION('center_axis',(0.,0.,-1.));
#1896=DIRECTION('ref_axis',(1.,0.,0.));
#1897=CARTESIAN_POINT('',(0.,0.,0.));
#1898=CARTESIAN_POINT('Origin',(249.32,-282.03,-9.5));
#1899=CARTESIAN_POINT('',(245.72,-282.03,-10.5));
#1900=CARTESIAN_POINT('Origin',(249.32,-282.03,-10.5));
#1901=CARTESIAN_POINT('',(247.72,-282.03,-8.5));
#1902=CARTESIAN_POINT('',(246.72,-282.03,-9.5));
#1903=CARTESIAN_POINT('Origin',(249.32,-282.03,-8.5));
#1904=CARTESIAN_POINT('Origin',(101.94125,-231.1,-10.5));
#1905=CARTESIAN_POINT('',(94.855,-106.67125,-10.5));
#1906=CARTESIAN_POINT('',(91.855,-109.67125,-10.5));
#1907=CARTESIAN_POINT('Origin',(94.855,-109.67125,-10.5));
#1908=CARTESIAN_POINT('',(276.647783503068,-106.67125,-10.5));
#1909=CARTESIAN_POINT('',(279.628350509205,-106.67125,-10.5));
#1910=CARTESIAN_POINT('',(279.647720153834,-109.651754067257,-10.5));
#1911=CARTESIAN_POINT('Origin',(276.647783503068,-109.67125,-10.5));
#1912=CARTESIAN_POINT('',(279.657772995639,-111.198635099956,-10.5));
#1913=CARTESIAN_POINT('',(279.657772995639,-111.198635099956,-10.5));
#1914=CARTESIAN_POINT('',(279.668022995946,-120.707859680689,-10.5));
#1915=CARTESIAN_POINT('',(279.657772995639,-111.198635099956,-10.5));
#1916=CARTESIAN_POINT('',(279.686976593647,-175.019393892606,-10.5));
#1917=CARTESIAN_POINT('',(279.686976593647,-175.019393892606,-10.5));
#1918=CARTESIAN_POINT('',(279.6875,-184.519917361686,-10.5));
#1919=CARTESIAN_POINT('',(279.686976593647,-175.019393892606,-10.5));
#1920=CARTESIAN_POINT('',(279.6875,-211.889532920411,-10.5));
#1921=CARTESIAN_POINT('',(279.6875,-211.889532920411,-10.5));
#1922=CARTESIAN_POINT('',(294.746834736171,-220.501406572733,-10.5));
#1923=CARTESIAN_POINT('',(297.322696445891,-221.974446117878,-10.5));
#1924=CARTESIAN_POINT('',(295.877969416687,-224.56629350155,-10.5));
#1925=CARTESIAN_POINT('Origin',(293.257565481964,-223.105648705959,-10.5));
#1926=CARTESIAN_POINT('',(267.373242465579,-275.703913603553,-10.5));
#1927=CARTESIAN_POINT('',(267.373242465579,-275.703913603553,-10.5));
#1928=CARTESIAN_POINT('',(262.036285970536,-285.222520774372,-10.5));
#1929=CARTESIAN_POINT('',(267.373242465579,-275.703913603553,-10.5));
#1930=CARTESIAN_POINT('',(256.560068606882,-294.726501988846,-10.5));
#1931=CARTESIAN_POINT('',(255.062104299475,-297.32622068008,-10.5));
#1932=CARTESIAN_POINT('',(252.462588190957,-295.827904845093,-10.5));
#1933=CARTESIAN_POINT('Origin',(253.960701433158,-293.228740226693,-10.5));
#1934=CARTESIAN_POINT('',(163.968408222916,-244.821399936043,-10.5));
#1935=CARTESIAN_POINT('',(163.968408222916,-244.821399936043,-10.5));
#1936=CARTESIAN_POINT('',(94.8584876093558,-244.901742792238,-10.5));
#1937=CARTESIAN_POINT('',(91.855,-244.905234458427,-10.5));
#1938=CARTESIAN_POINT('',(91.855,-241.901744819476,-10.5));
#1939=CARTESIAN_POINT('Origin',(94.855,-241.901744819476,-10.5));
#1940=CARTESIAN_POINT('',(91.855,-106.67125,-10.5));
#1941=CARTESIAN_POINT('',(281.16125,-225.58,-10.5));
#1942=CARTESIAN_POINT('Origin',(284.76125,-225.58,-10.5));
#1943=CARTESIAN_POINT('',(239.28125,-117.19,-10.5));
#1944=CARTESIAN_POINT('Origin',(242.88125,-117.19,-10.5));
#1945=CARTESIAN_POINT('',(98.34125,-231.1,-10.5));
#1946=CARTESIAN_POINT('Origin',(101.94125,-231.1,-10.5));
#1947=CARTESIAN_POINT('',(99.50125,-117.04,-10.5));
#1948=CARTESIAN_POINT('Origin',(103.10125,-117.04,-10.5));
#1949=CARTESIAN_POINT('',(208.19125,-221.41,-10.5));
#1950=CARTESIAN_POINT('Origin',(211.79125,-221.41,-10.5));
#1951=CARTESIAN_POINT('Origin',(249.32,-282.03,0.));
#1952=CARTESIAN_POINT('',(247.72,-282.03,0.));
#1953=CARTESIAN_POINT('',(247.72,-282.03,0.));
#1954=CARTESIAN_POINT('Origin',(249.32,-282.03,0.));
#1955=CARTESIAN_POINT('Origin',(284.76125,-225.58,-9.5));
#1956=CARTESIAN_POINT('',(283.16125,-225.58,-8.5));
#1957=CARTESIAN_POINT('',(282.16125,-225.58,-9.5));
#1958=CARTESIAN_POINT('Origin',(284.76125,-225.58,-8.5));
#1959=CARTESIAN_POINT('Origin',(284.76125,-225.58,0.));
#1960=CARTESIAN_POINT('',(283.16125,-225.58,0.));
#1961=CARTESIAN_POINT('',(283.16125,-225.58,0.));
#1962=CARTESIAN_POINT('Origin',(284.76125,-225.58,0.));
#1963=CARTESIAN_POINT('Origin',(211.79125,-221.41,-9.5));
#1964=CARTESIAN_POINT('',(210.19125,-221.41,-8.5));
#1965=CARTESIAN_POINT('',(209.19125,-221.41,-9.5));
#1966=CARTESIAN_POINT('Origin',(211.79125,-221.41,-8.5));
#1967=CARTESIAN_POINT('Origin',(211.79125,-221.41,0.));
#1968=CARTESIAN_POINT('',(210.19125,-221.41,0.));
#1969=CARTESIAN_POINT('',(210.19125,-221.41,0.));
#1970=CARTESIAN_POINT('Origin',(211.79125,-221.41,0.));
#1971=CARTESIAN_POINT('Origin',(242.88125,-117.19,-9.5));
#1972=CARTESIAN_POINT('',(241.28125,-117.19,-8.5));
#1973=CARTESIAN_POINT('',(240.28125,-117.19,-9.5));
#1974=CARTESIAN_POINT('Origin',(242.88125,-117.19,-8.5));
#1975=CARTESIAN_POINT('Origin',(242.88125,-117.19,0.));
#1976=CARTESIAN_POINT('',(241.28125,-117.19,0.));
#1977=CARTESIAN_POINT('',(241.28125,-117.19,0.));
#1978=CARTESIAN_POINT('Origin',(242.88125,-117.19,0.));
#1979=CARTESIAN_POINT('Origin',(103.10125,-117.04,-9.5));
#1980=CARTESIAN_POINT('',(101.50125,-117.04,-8.5));
#1981=CARTESIAN_POINT('',(100.50125,-117.04,-9.5));
#1982=CARTESIAN_POINT('Origin',(103.10125,-117.04,-8.5));
#1983=CARTESIAN_POINT('Origin',(103.10125,-117.04,0.));
#1984=CARTESIAN_POINT('',(101.50125,-117.04,0.));
#1985=CARTESIAN_POINT('',(101.50125,-117.04,0.));
#1986=CARTESIAN_POINT('Origin',(103.10125,-117.04,0.));
#1987=CARTESIAN_POINT('Origin',(101.94125,-231.1,-9.5));
#1988=CARTESIAN_POINT('',(100.34125,-231.1,-8.5));
#1989=CARTESIAN_POINT('',(99.34125,-231.1,-9.5));
#1990=CARTESIAN_POINT('Origin',(101.94125,-231.1,-8.5));
#1991=CARTESIAN_POINT('Origin',(101.94125,-231.1,0.));
#1992=CARTESIAN_POINT('',(100.34125,-231.1,0.));
#1993=CARTESIAN_POINT('',(100.34125,-231.1,0.));
#1994=CARTESIAN_POINT('Origin',(101.94125,-231.1,0.));
#1995=CARTESIAN_POINT('Origin',(94.855,-109.67125,1.51));
#1996=CARTESIAN_POINT('',(91.855,-109.67125,8.81));
#1997=CARTESIAN_POINT('',(94.855,-106.67125,8.81));
#1998=CARTESIAN_POINT('Origin',(94.855,-109.67125,8.81));
#1999=CARTESIAN_POINT('',(94.855,-106.67125,1.51));
#2000=CARTESIAN_POINT('',(91.855,-109.67125,1.51));
#2001=CARTESIAN_POINT('Origin',(91.855,-106.67125,1.51));
#2002=CARTESIAN_POINT('',(276.647783503068,-106.67125,8.81));
#2003=CARTESIAN_POINT('',(143.221924111473,-106.67125,8.81));
#2004=CARTESIAN_POINT('',(276.647783503068,-106.67125,1.51));
#2005=CARTESIAN_POINT('',(263.742174008338,-106.67125,8.49999999999987));
#2006=CARTESIAN_POINT('',(257.302174008338,-106.67125,8.49999999999987));
#2007=CARTESIAN_POINT('',(174.578587004169,-106.67125,8.49999999999986));
#2008=CARTESIAN_POINT('',(253.552174008338,-106.67125,4.74999999999987));
#2009=CARTESIAN_POINT('Origin',(257.302174008338,-106.67125,4.74999999999987));
#2010=CARTESIAN_POINT('',(253.552174008338,-106.67125,4.03999999999987));
#2011=CARTESIAN_POINT('',(253.552174008338,-106.67125,2.77499999999995));
#2012=CARTESIAN_POINT('',(257.302174008338,-106.67125,0.289999999999872));
#2013=CARTESIAN_POINT('Origin',(257.302174008338,-106.67125,4.03999999999987));
#2014=CARTESIAN_POINT('',(263.742174008338,-106.67125,0.289999999999873));
#2015=CARTESIAN_POINT('',(177.798587004169,-106.67125,0.289999999999858));
#2016=CARTESIAN_POINT('',(267.492174008338,-106.67125,4.03999999999987));
#2017=CARTESIAN_POINT('Origin',(263.742174008338,-106.67125,4.03999999999987));
#2018=CARTESIAN_POINT('',(267.492174008338,-106.67125,4.74999999999987));
#2019=CARTESIAN_POINT('',(267.492174008338,-106.67125,3.12999999999995));
#2020=CARTESIAN_POINT('Origin',(263.742174008338,-106.67125,4.74999999999987));
#2021=CARTESIAN_POINT('Origin',(194.588848222945,-201.99873534004,8.81));
#2022=CARTESIAN_POINT('',(91.855,-241.901744819476,8.81));
#2023=CARTESIAN_POINT('',(91.855,-223.451984899233,8.81));
#2024=CARTESIAN_POINT('',(94.8584876093558,-244.901742792238,8.81));
#2025=CARTESIAN_POINT('Origin',(94.855,-241.901744819476,8.81));
#2026=CARTESIAN_POINT('',(163.968408222916,-244.821399936043,8.81));
#2027=CARTESIAN_POINT('',(179.303498968767,-244.80357232201,8.81));
#2028=CARTESIAN_POINT('',(252.462588190957,-295.827904845093,8.81));
#2029=CARTESIAN_POINT('',(211.743947990509,-272.358389425841,8.81));
#2030=CARTESIAN_POINT('',(256.560068606882,-294.726501988846,8.81));
#2031=CARTESIAN_POINT('Origin',(253.960701433158,-293.228740226693,8.81));
#2032=CARTESIAN_POINT('',(262.036285970536,-285.222520774372,8.81));
#2033=CARTESIAN_POINT('',(271.631029589816,-268.570832745959,8.81));
#2034=CARTESIAN_POINT('',(267.373242465579,-275.703913603553,8.81));
#2035=CARTESIAN_POINT('',(274.389653322337,-263.18995386703,8.81));
#2036=CARTESIAN_POINT('',(295.877969416687,-224.56629350155,8.81));
#2037=CARTESIAN_POINT('',(289.393567540332,-236.199342304667,8.81));
#2038=CARTESIAN_POINT('',(294.746834736171,-220.501406572733,8.81));
#2039=CARTESIAN_POINT('Origin',(293.257565481964,-223.105648705959,8.81));
#2040=CARTESIAN_POINT('',(279.6875,-211.889532920411,8.81));
#2041=CARTESIAN_POINT('',(245.492707707178,-192.334802518818,8.81));
#2042=CARTESIAN_POINT('',(279.6875,-184.519917361686,8.81));
#2043=CARTESIAN_POINT('',(279.6875,-193.259326350863,8.81));
#2044=CARTESIAN_POINT('',(279.686976593647,-175.019393892606,8.81));
#2045=CARTESIAN_POINT('',(279.68771964243,-188.506720446605,8.81));
#2046=CARTESIAN_POINT('',(279.668022995946,-120.707859680689,8.81));
#2047=CARTESIAN_POINT('',(279.682202227302,-161.338447129412,8.81));
#2048=CARTESIAN_POINT('',(279.657772995639,-111.198635099956,8.81));
#2049=CARTESIAN_POINT('',(279.706660267396,-156.552784595463,8.81));
#2050=CARTESIAN_POINT('',(279.647720153834,-109.651754067257,8.81));
#2051=CARTESIAN_POINT('',(279.936297965358,-154.056664815598,8.81));
#2052=CARTESIAN_POINT('Origin',(276.647783503068,-109.67125,8.81));
#2053=CARTESIAN_POINT('',(94.855,-109.67125,8.81));
#2054=CARTESIAN_POINT('',(276.647783503068,-109.67125,8.81));
#2055=CARTESIAN_POINT('',(235.618315863007,-109.67125,8.81));
#2056=CARTESIAN_POINT('',(276.657783503068,-111.21,8.81));
#2057=CARTESIAN_POINT('',(276.951046136907,-156.335787781969,8.81));
#2058=CARTESIAN_POINT('',(276.668023560193,-120.71,8.81));
#2059=CARTESIAN_POINT('',(276.711786421075,-161.310083895671,8.81));
#2060=CARTESIAN_POINT('',(276.686976622486,-175.02,8.81));
#2061=CARTESIAN_POINT('',(276.691679131911,-188.49504075789,8.81));
#2062=CARTESIAN_POINT('',(276.6875,-184.52,8.81));
#2063=CARTESIAN_POINT('',(276.687981347883,-193.257106138857,8.81));
#2064=CARTESIAN_POINT('',(276.6875,-213.629844306804,8.81));
#2065=CARTESIAN_POINT('',(276.6875,-207.814289823422,8.81));
#2066=CARTESIAN_POINT('',(293.257565481964,-223.105648705959,8.81));
#2067=CARTESIAN_POINT('',(251.533105821056,-199.244981478206,8.81));
#2068=CARTESIAN_POINT('',(264.754660603886,-274.24,8.81));
#2069=CARTESIAN_POINT('',(271.799347651968,-261.601796847932,8.81));
#2070=CARTESIAN_POINT('',(259.428136902147,-283.74,8.81));
#2071=CARTESIAN_POINT('',(269.108724721099,-266.474408137521,8.81));
#2072=CARTESIAN_POINT('',(253.960701433158,-293.228740226693,8.81));
#2073=CARTESIAN_POINT('',(266.293553734265,-271.825061591043,8.81));
#2074=CARTESIAN_POINT('',(164.769469407639,-241.820466645348,8.81));
#2075=CARTESIAN_POINT('',(167.346687165692,-243.305930099275,8.81));
#2076=CARTESIAN_POINT('',(94.855,-241.901744819476,8.81));
#2077=CARTESIAN_POINT('',(144.745051052631,-241.843745777345,8.81));
#2078=CARTESIAN_POINT('',(94.855,-155.83499267002,8.81));
#2079=CARTESIAN_POINT('Origin',(276.647783503068,-109.67125,1.51));
#2080=CARTESIAN_POINT('',(279.647720153834,-109.651754067257,1.51));
#2081=CARTESIAN_POINT('Origin',(279.628350509205,-106.67125,1.51));
#2082=CARTESIAN_POINT('',(279.657772995639,-111.198635099956,5.31));
#2083=CARTESIAN_POINT('Origin',(94.855,-241.901744819476,1.51));
#2084=CARTESIAN_POINT('',(91.855,-241.901744819476,1.51));
#2085=CARTESIAN_POINT('',(94.8584876093558,-244.901742792238,1.51));
#2086=CARTESIAN_POINT('Origin',(91.855,-244.905234458427,1.51));
#2087=CARTESIAN_POINT('Origin',(253.960701433158,-293.228740226693,1.51));
#2088=CARTESIAN_POINT('',(252.462588190957,-295.827904845093,1.51));
#2089=CARTESIAN_POINT('',(256.560068606882,-294.726501988846,1.51));
#2090=CARTESIAN_POINT('Origin',(255.062104299475,-297.32622068008,1.51));
#2091=CARTESIAN_POINT('',(163.968408222916,-244.821399936043,1.51));
#2092=CARTESIAN_POINT('Origin',(293.257565481964,-223.105648705959,1.51));
#2093=CARTESIAN_POINT('',(295.877969416687,-224.56629350155,1.51));
#2094=CARTESIAN_POINT('',(294.746834736171,-220.501406572733,1.51));
#2095=CARTESIAN_POINT('Origin',(297.322696445891,-221.974446117878,1.51));
#2096=CARTESIAN_POINT('',(267.373242465579,-275.703913603553,1.51));
#2097=CARTESIAN_POINT('Origin',(263.742174008338,-109.65381884981,0.289999999999895));
#2098=CARTESIAN_POINT('',(257.302174008338,-109.67125,0.289999999999894));
#2099=CARTESIAN_POINT('',(257.302174008338,-109.65381884981,0.289999999999894));
#2100=CARTESIAN_POINT('',(263.742174008338,-109.67125,0.289999999999895));
#2101=CARTESIAN_POINT('',(270.194978755703,-109.67125,0.289999999999897));
#2102=CARTESIAN_POINT('',(263.742174008338,-109.65381884981,0.289999999999895));
#2103=CARTESIAN_POINT('Origin',(263.742174008338,-109.65381884981,4.0399999999999));
#2104=CARTESIAN_POINT('',(267.492174008338,-109.67125,4.0399999999999));
#2105=CARTESIAN_POINT('Origin',(263.742174008338,-109.67125,4.0399999999999));
#2106=CARTESIAN_POINT('',(267.492174008338,-109.65381884981,4.0399999999999));
#2107=CARTESIAN_POINT('Origin',(267.492174008338,-109.65381884981,4.7499999999999));
#2108=CARTESIAN_POINT('',(267.492174008338,-109.67125,4.7499999999999));
#2109=CARTESIAN_POINT('',(267.492174008338,-109.67125,3.12999999999995));
#2110=CARTESIAN_POINT('',(267.492174008338,-109.65381884981,4.7499999999999));
#2111=CARTESIAN_POINT('Origin',(263.742174008338,-109.65381884981,4.7499999999999));
#2112=CARTESIAN_POINT('',(263.742174008338,-109.67125,8.4999999999999));
#2113=CARTESIAN_POINT('Origin',(263.742174008338,-109.67125,4.7499999999999));
#2114=CARTESIAN_POINT('',(263.742174008338,-109.65381884981,8.4999999999999));
#2115=CARTESIAN_POINT('Origin',(257.302174008338,-109.653818849809,8.49999999999989));
#2116=CARTESIAN_POINT('',(257.302174008338,-109.67125,8.49999999999989));
#2117=CARTESIAN_POINT('',(266.974978755703,-109.67125,8.4999999999999));
#2118=CARTESIAN_POINT('',(257.302174008338,-109.653818849809,8.49999999999989));
#2119=CARTESIAN_POINT('Origin',(257.302174008338,-109.65381884981,4.74999999999989));
#2120=CARTESIAN_POINT('',(253.552174008338,-109.67125,4.74999999999989));
#2121=CARTESIAN_POINT('Origin',(257.302174008338,-109.67125,4.74999999999989));
#2122=CARTESIAN_POINT('',(253.552174008338,-109.65381884981,4.74999999999989));
#2123=CARTESIAN_POINT('Origin',(253.552174008338,-109.65381884981,4.03999999999989));
#2124=CARTESIAN_POINT('',(253.552174008338,-109.67125,4.03999999999989));
#2125=CARTESIAN_POINT('',(253.552174008338,-109.67125,2.77499999999995));
#2126=CARTESIAN_POINT('',(253.552174008338,-109.65381884981,4.03999999999989));
#2127=CARTESIAN_POINT('Origin',(257.302174008338,-109.65381884981,4.03999999999989));
#2128=CARTESIAN_POINT('Origin',(257.302174008338,-109.67125,4.03999999999989));
#2129=CARTESIAN_POINT('Origin',(264.754660603886,-274.24,1.51));
#2130=CARTESIAN_POINT('',(293.257565481964,-223.105648705959,-7.5));
#2131=CARTESIAN_POINT('',(293.257565481964,-223.105648705959,5.31));
#2132=CARTESIAN_POINT('',(264.754660603886,-274.24,-7.5));
#2133=CARTESIAN_POINT('',(264.754660603886,-274.24,-7.5));
#2134=CARTESIAN_POINT('',(264.754660603886,-274.24,5.31));
#2135=CARTESIAN_POINT('Origin',(293.257565481964,-223.105648705959,1.51));
#2136=CARTESIAN_POINT('',(276.6875,-213.629844306804,-7.5));
#2137=CARTESIAN_POINT('',(276.6875,-213.629844306804,5.31));
#2138=CARTESIAN_POINT('',(293.257565481964,-223.105648705959,-7.5));
#2139=CARTESIAN_POINT('Origin',(276.6875,-213.629844306804,1.51));
#2140=CARTESIAN_POINT('',(276.6875,-184.52,-7.5));
#2141=CARTESIAN_POINT('',(276.6875,-184.52,5.31));
#2142=CARTESIAN_POINT('',(276.6875,-213.629844306804,-7.5));
#2143=CARTESIAN_POINT('Origin',(276.6875,-184.52,1.51));
#2144=CARTESIAN_POINT('',(276.686976622486,-175.02,-7.5));
#2145=CARTESIAN_POINT('',(276.686976622486,-175.02,5.31));
#2146=CARTESIAN_POINT('',(276.6875,-184.52,-7.5));
#2147=CARTESIAN_POINT('Origin',(276.686976622486,-175.02,1.51));
#2148=CARTESIAN_POINT('',(276.668023560193,-120.71,-7.5));
#2149=CARTESIAN_POINT('',(276.668023560193,-120.71,5.31));
#2150=CARTESIAN_POINT('',(276.686976622486,-175.02,-7.5));
#2151=CARTESIAN_POINT('Origin',(276.668023560193,-120.71,1.51));
#2152=CARTESIAN_POINT('',(276.657783503068,-111.21,-7.5));
#2153=CARTESIAN_POINT('',(276.657783503068,-111.21,5.31));
#2154=CARTESIAN_POINT('',(276.668023560193,-120.71,-7.5));
#2155=CARTESIAN_POINT('Origin',(279.657772995639,-111.198635099956,1.51));
#2156=CARTESIAN_POINT('',(279.668022995946,-120.707859680689,5.31));
#2157=CARTESIAN_POINT('Origin',(279.668022995946,-120.707859680689,1.51));
#2158=CARTESIAN_POINT('',(279.686976593647,-175.019393892606,5.31));
#2159=CARTESIAN_POINT('Origin',(279.686976593647,-175.019393892606,1.51));
#2160=CARTESIAN_POINT('',(279.6875,-184.519917361686,5.31));
#2161=CARTESIAN_POINT('Origin',(279.6875,-184.519917361686,1.51));
#2162=CARTESIAN_POINT('',(279.6875,-211.889532920411,5.31));
#2163=CARTESIAN_POINT('Origin',(259.428136902147,-283.74,1.51));
#2164=CARTESIAN_POINT('',(259.428136902147,-283.74,-7.5));
#2165=CARTESIAN_POINT('',(259.428136902147,-283.74,-7.5));
#2166=CARTESIAN_POINT('',(259.428136902147,-283.74,1.51));
#2167=CARTESIAN_POINT('Origin',(253.960701433158,-293.228740226693,1.51));
#2168=CARTESIAN_POINT('',(253.960701433158,-293.228740226693,-7.5));
#2169=CARTESIAN_POINT('',(253.960701433158,-293.228740226693,-7.5));
#2170=CARTESIAN_POINT('',(253.960701433158,-293.228740226693,1.51));
#2171=CARTESIAN_POINT('Origin',(164.769469407639,-241.820466645348,1.51));
#2172=CARTESIAN_POINT('',(164.769469407639,-241.820466645348,-7.5));
#2173=CARTESIAN_POINT('',(164.769469407639,-241.820466645348,-7.5));
#2174=CARTESIAN_POINT('',(164.769469407639,-241.820466645348,1.51));
#2175=CARTESIAN_POINT('Origin',(94.855,-241.901744819476,1.51));
#2176=CARTESIAN_POINT('',(94.855,-241.901744819476,-7.5));
#2177=CARTESIAN_POINT('',(94.855,-241.901744819476,-7.5));
#2178=CARTESIAN_POINT('',(94.855,-241.901744819476,1.51));
#2179=CARTESIAN_POINT('Origin',(94.855,-109.67125,1.51));
#2180=CARTESIAN_POINT('',(94.855,-109.67125,-7.5));
#2181=CARTESIAN_POINT('',(94.855,-109.67125,-7.5));
#2182=CARTESIAN_POINT('',(94.855,-109.67125,1.51));
#2183=CARTESIAN_POINT('Origin',(276.657783503068,-111.21,1.51));
#2184=CARTESIAN_POINT('',(276.647783503068,-109.67125,-7.5));
#2185=CARTESIAN_POINT('',(276.647783503068,-109.67125,1.51));
#2186=CARTESIAN_POINT('',(276.657783503068,-111.21,-7.5));
#2187=CARTESIAN_POINT('Origin',(276.647783503068,-109.67125,1.51));
#2188=CARTESIAN_POINT('',(276.647783503068,-109.67125,-7.5));
#2189=CARTESIAN_POINT('Origin',(279.6875,-211.889532920411,1.51));
#2190=CARTESIAN_POINT('Origin',(163.968408222916,-244.821399936043,1.51));
#2191=CARTESIAN_POINT('Origin',(262.036285970536,-285.222520774372,1.51));
#2192=CARTESIAN_POINT('',(262.036285970536,-285.222520774372,1.51));
#2193=CARTESIAN_POINT('Origin',(267.373242465579,-275.703913603553,1.51));
#2194=CARTESIAN_POINT('Origin',(284.76125,-225.58,-5.));
#2195=CARTESIAN_POINT('',(280.66125,-225.58,-7.5));
#2196=CARTESIAN_POINT('Origin',(284.76125,-225.58,-7.5));
#2197=CARTESIAN_POINT('',(280.66125,-225.58,-5.));
#2198=CARTESIAN_POINT('',(280.66125,-225.58,-5.));
#2199=CARTESIAN_POINT('Origin',(284.76125,-225.58,-5.));
#2200=CARTESIAN_POINT('Origin',(284.76125,-225.58,0.));
#2201=CARTESIAN_POINT('',(281.16125,-225.58,-5.));
#2202=CARTESIAN_POINT('Origin',(284.76125,-225.58,-5.));
#2203=CARTESIAN_POINT('',(281.16125,-225.58,0.));
#2204=CARTESIAN_POINT('',(281.16125,-225.58,0.));
#2205=CARTESIAN_POINT('Origin',(284.76125,-225.58,0.));
#2206=CARTESIAN_POINT('Origin',(284.76125,-225.58,0.));
#2207=CARTESIAN_POINT('Origin',(284.76125,-225.58,-5.));
#2208=CARTESIAN_POINT('Origin',(249.32,-282.03,-5.));
#2209=CARTESIAN_POINT('',(245.22,-282.03,-7.5));
#2210=CARTESIAN_POINT('Origin',(249.32,-282.03,-7.5));
#2211=CARTESIAN_POINT('',(245.22,-282.03,-5.));
#2212=CARTESIAN_POINT('',(245.22,-282.03,-5.));
#2213=CARTESIAN_POINT('Origin',(249.32,-282.03,-5.));
#2214=CARTESIAN_POINT('Origin',(249.32,-282.03,0.));
#2215=CARTESIAN_POINT('',(245.72,-282.03,-5.));
#2216=CARTESIAN_POINT('Origin',(249.32,-282.03,-5.));
#2217=CARTESIAN_POINT('',(245.72,-282.03,0.));
#2218=CARTESIAN_POINT('',(245.72,-282.03,0.));
#2219=CARTESIAN_POINT('Origin',(249.32,-282.03,0.));
#2220=CARTESIAN_POINT('Origin',(249.32,-282.03,0.));
#2221=CARTESIAN_POINT('Origin',(249.32,-282.03,-5.));
#2222=CARTESIAN_POINT('Origin',(242.88125,-117.19,-5.));
#2223=CARTESIAN_POINT('',(238.78125,-117.19,-7.5));
#2224=CARTESIAN_POINT('Origin',(242.88125,-117.19,-7.5));
#2225=CARTESIAN_POINT('',(238.78125,-117.19,-5.));
#2226=CARTESIAN_POINT('',(238.78125,-117.19,-5.));
#2227=CARTESIAN_POINT('Origin',(242.88125,-117.19,-5.));
#2228=CARTESIAN_POINT('Origin',(242.88125,-117.19,0.));
#2229=CARTESIAN_POINT('',(239.28125,-117.19,-5.));
#2230=CARTESIAN_POINT('Origin',(242.88125,-117.19,-5.));
#2231=CARTESIAN_POINT('',(239.28125,-117.19,0.));
#2232=CARTESIAN_POINT('',(239.28125,-117.19,0.));
#2233=CARTESIAN_POINT('Origin',(242.88125,-117.19,0.));
#2234=CARTESIAN_POINT('Origin',(242.88125,-117.19,0.));
#2235=CARTESIAN_POINT('Origin',(242.88125,-117.19,-5.));
#2236=CARTESIAN_POINT('Origin',(211.79125,-221.41,-5.));
#2237=CARTESIAN_POINT('',(207.69125,-221.41,-7.5));
#2238=CARTESIAN_POINT('Origin',(211.79125,-221.41,-7.5));
#2239=CARTESIAN_POINT('',(207.69125,-221.41,-5.));
#2240=CARTESIAN_POINT('',(207.69125,-221.41,-5.));
#2241=CARTESIAN_POINT('Origin',(211.79125,-221.41,-5.));
#2242=CARTESIAN_POINT('Origin',(211.79125,-221.41,-5.));
#2243=CARTESIAN_POINT('',(208.19125,-221.41,-5.));
#2244=CARTESIAN_POINT('Origin',(211.79125,-221.41,-5.));
#2245=CARTESIAN_POINT('Origin',(211.79125,-221.41,0.));
#2246=CARTESIAN_POINT('',(208.19125,-221.41,0.));
#2247=CARTESIAN_POINT('',(208.19125,-221.41,0.));
#2248=CARTESIAN_POINT('Origin',(211.79125,-221.41,0.));
#2249=CARTESIAN_POINT('Origin',(211.79125,-221.41,0.));
#2250=CARTESIAN_POINT('Origin',(194.056282740982,-201.449995113347,-7.5));
#2251=CARTESIAN_POINT('',(97.84125,-231.1,-7.5));
#2252=CARTESIAN_POINT('Origin',(101.94125,-231.1,-7.5));
#2253=CARTESIAN_POINT('',(99.00125,-117.04,-7.5));
#2254=CARTESIAN_POINT('Origin',(103.10125,-117.04,-7.5));
#2255=CARTESIAN_POINT('Origin',(103.10125,-117.04,0.));
#2256=CARTESIAN_POINT('',(99.50125,-117.04,-5.));
#2257=CARTESIAN_POINT('Origin',(103.10125,-117.04,-5.));
#2258=CARTESIAN_POINT('',(99.50125,-117.04,0.));
#2259=CARTESIAN_POINT('',(99.50125,-117.04,0.));
#2260=CARTESIAN_POINT('Origin',(103.10125,-117.04,0.));
#2261=CARTESIAN_POINT('Origin',(103.10125,-117.04,0.));
#2262=CARTESIAN_POINT('Origin',(103.10125,-117.04,-5.));
#2263=CARTESIAN_POINT('',(99.00125,-117.04,-5.));
#2264=CARTESIAN_POINT('',(99.00125,-117.04,-5.));
#2265=CARTESIAN_POINT('Origin',(103.10125,-117.04,-5.));
#2266=CARTESIAN_POINT('Origin',(103.10125,-117.04,-5.));
#2267=CARTESIAN_POINT('Origin',(101.94125,-231.1,-5.));
#2268=CARTESIAN_POINT('',(97.84125,-231.1,-5.));
#2269=CARTESIAN_POINT('Origin',(101.94125,-231.1,-5.));
#2270=CARTESIAN_POINT('',(98.34125,-231.1,-5.));
#2271=CARTESIAN_POINT('Origin',(101.94125,-231.1,-5.));
#2272=CARTESIAN_POINT('Origin',(101.94125,-231.1,-5.));
#2273=CARTESIAN_POINT('',(97.84125,-231.1,-5.));
#2274=CARTESIAN_POINT('Origin',(101.94125,-231.1,0.));
#2275=CARTESIAN_POINT('',(98.34125,-231.1,0.));
#2276=CARTESIAN_POINT('',(98.34125,-231.1,0.));
#2277=CARTESIAN_POINT('Origin',(101.94125,-231.1,0.));
#2278=CARTESIAN_POINT('Origin',(101.94125,-231.1,0.));
#2279=UNCERTAINTY_MEASURE_WITH_UNIT(LENGTH_MEASURE(0.01),#2283,
'DISTANCE_ACCURACY_VALUE',
'Maximum model space distance between geometric entities at asserted c
onnectivities');
#2280=UNCERTAINTY_MEASURE_WITH_UNIT(LENGTH_MEASURE(0.01),#2283,
'DISTANCE_ACCURACY_VALUE',
'Maximum model space distance between geometric entities at asserted c
onnectivities');
#2281=(
GEOMETRIC_REPRESENTATION_CONTEXT(3)
GLOBAL_UNCERTAINTY_ASSIGNED_CONTEXT((#2279))
GLOBAL_UNIT_ASSIGNED_CONTEXT((#2283,#2284,#2285))
REPRESENTATION_CONTEXT('','3D')
);
#2282=(
GEOMETRIC_REPRESENTATION_CONTEXT(3)
GLOBAL_UNCERTAINTY_ASSIGNED_CONTEXT((#2280))
GLOBAL_UNIT_ASSIGNED_CONTEXT((#2283,#2284,#2285))
REPRESENTATION_CONTEXT('','3D')
);
#2283=(
LENGTH_UNIT()
NAMED_UNIT(*)
SI_UNIT(.MILLI.,.METRE.)
);
#2284=(
NAMED_UNIT(*)
PLANE_ANGLE_UNIT()
SI_UNIT($,.RADIAN.)
);
#2285=(
NAMED_UNIT(*)
SI_UNIT($,.STERADIAN.)
SOLID_ANGLE_UNIT()
);
#2286=SHAPE_DEFINITION_REPRESENTATION(#2287,#2288);
#2287=PRODUCT_DEFINITION_SHAPE('',$,#2290);
#2288=SHAPE_REPRESENTATION('',(#1357),#2281);
#2289=PRODUCT_DEFINITION_CONTEXT('part definition',#2294,'design');
#2290=PRODUCT_DEFINITION('TwinPanda 1','TwinPanda v14',#2291,#2289);
#2291=PRODUCT_DEFINITION_FORMATION('',$,#2296);
#2292=PRODUCT_RELATED_PRODUCT_CATEGORY('TwinPanda v14','TwinPanda v14',
(#2296));
#2293=APPLICATION_PROTOCOL_DEFINITION('international standard',
'automotive_design',2009,#2294);
#2294=APPLICATION_CONTEXT(
'Core Data for Automotive Mechanical Design Process');
#2295=PRODUCT_CONTEXT('part definition',#2294,'mechanical');
#2296=PRODUCT('TwinPanda 1','TwinPanda v14','KiCad electronic assembly',
(#2295));
#2297=PRESENTATION_STYLE_ASSIGNMENT((#2298));
#2298=SURFACE_STYLE_USAGE(.BOTH.,#2299);
#2299=SURFACE_SIDE_STYLE('',(#2300));
#2300=SURFACE_STYLE_FILL_AREA(#2301);
#2301=FILL_AREA_STYLE('Acciaio - Satinato',(#2302));
#2302=FILL_AREA_STYLE_COLOUR('Acciaio - Satinato',#2303);
#2303=COLOUR_RGB('Acciaio - Satinato',0.627450980392157,0.627450980392157,
0.627450980392157);
ENDSEC;
END-ISO-10303-21;
