ISO-10303-21;
HEADER;
/* Generated by software containing ST-Developer
 * from STEP Tools, Inc. (www.steptools.com) 
 */

FILE_DESCRIPTION(
/* description */ ('KiCad electronic assembly'),
/* implementation_level */ '2;1');

FILE_NAME(
/* name */ 'LTopCase.step',
/* time_stamp */ '2026-01-05T13:37:27+01:00',
/* author */ (''),
/* organization */ (''),
/* preprocessor_version */ 'ST-DEVELOPER v20.1',
/* originating_system */ 'Autodesk Translation Framework v14.21.0.0',
/* authorisation */ '');

FILE_SCHEMA (('AUTOMOTIVE_DESIGN { 1 0 10303 214 3 1 1 }'));
ENDSEC;

DATA;
#10=MECHANICAL_DESIGN_GEOMETRIC_PRESENTATION_REPRESENTATION('',(#13),#5484);
#11=SHAPE_REPRESENTATION_RELATIONSHIP('SRR','None',#5490,#12);
#12=ADVANCED_BREP_SHAPE_REPRESENTATION('',(#14),#5483);
#13=STYLED_ITEM('',(#5499),#14);
#14=MANIFOLD_SOLID_BREP('LTopCase',#3261);
#15=FACE_BOUND('',#399,.T.);
#16=FACE_BOUND('',#400,.T.);
#17=FACE_BOUND('',#401,.T.);
#18=FACE_BOUND('',#419,.T.);
#19=FACE_BOUND('',#420,.T.);
#20=FACE_BOUND('',#421,.T.);
#21=FACE_BOUND('',#422,.T.);
#22=FACE_BOUND('',#423,.T.);
#23=FACE_BOUND('',#424,.T.);
#24=FACE_BOUND('',#425,.T.);
#25=FACE_BOUND('',#426,.T.);
#26=FACE_BOUND('',#427,.T.);
#27=FACE_BOUND('',#428,.T.);
#28=FACE_BOUND('',#429,.T.);
#29=FACE_BOUND('',#430,.T.);
#30=FACE_BOUND('',#431,.T.);
#31=FACE_BOUND('',#432,.T.);
#32=FACE_BOUND('',#433,.T.);
#33=ELLIPSE('',#3317,3.46823928263432,3.);
#34=ELLIPSE('',#3322,3.00001101939391,3.);
#35=ELLIPSE('',#3339,3.10601024416739,3.);
#36=(
BOUNDED_SURFACE()
B_SPLINE_SURFACE(2,2,((#4509,#4510,#4511),(#4512,#4513,#4514),(#4515,#4516,
#4517)),.UNSPECIFIED.,.F.,.F.,.F.)
B_SPLINE_SURFACE_WITH_KNOTS((3,3),(3,3),(-1.5707963267949,0.),(-0.779919481808881,
0.779919481808882),.UNSPECIFIED.)
GEOMETRIC_REPRESENTATION_ITEM()
RATIONAL_B_SPLINE_SURFACE(((1.,0.710970162494411,1.),(0.707106781186545,
0.502731823121098,0.707106781186545),(1.,0.710970162494411,1.)))
REPRESENTATION_ITEM('')
SURFACE()
);
#37=(
BOUNDED_SURFACE()
B_SPLINE_SURFACE(2,2,((#4592,#4593,#4594),(#4595,#4596,#4597),(#4598,#4599,
#4600)),.UNSPECIFIED.,.F.,.F.,.F.)
B_SPLINE_SURFACE_WITH_KNOTS((3,3),(3,3),(-1.57079632679491,0.),(1.5707963267949,
3.13509396359921),.UNSPECIFIED.)
GEOMETRIC_REPRESENTATION_ITEM()
RATIONAL_B_SPLINE_SURFACE(((1.,0.70940067812468,1.),(0.707106781186545,
0.501622030080295,0.707106781186545),(1.,0.70940067812468,1.)))
REPRESENTATION_ITEM('')
SURFACE()
);
#38=(
BOUNDED_SURFACE()
B_SPLINE_SURFACE(2,2,((#4612,#4613,#4614),(#4615,#4616,#4617),(#4618,#4619,
#4620)),.UNSPECIFIED.,.F.,.F.,.F.)
B_SPLINE_SURFACE_WITH_KNOTS((3,3),(3,3),(-1.5707963267949,0.),(0.,1.5707963267949),
 .UNSPECIFIED.)
GEOMETRIC_REPRESENTATION_ITEM()
RATIONAL_B_SPLINE_SURFACE(((1.,0.707106781186548,1.),(0.707106781186538,
0.499999999999993,0.707106781186538),(1.,0.707106781186548,1.)))
REPRESENTATION_ITEM('')
SURFACE()
);
#39=(
BOUNDED_SURFACE()
B_SPLINE_SURFACE(2,2,((#4632,#4633,#4634,#4635,#4636),(#4637,#4638,#4639,
#4640,#4641),(#4642,#4643,#4644,#4645,#4646)),.UNSPECIFIED.,.F.,.F.,.F.)
B_SPLINE_SURFACE_WITH_KNOTS((3,3),(3,2,3),(-1.5707963267949,0.),(-1.5719588635087,
-0.785979431754348,0.),.UNSPECIFIED.)
GEOMETRIC_REPRESENTATION_ITEM()
RATIONAL_B_SPLINE_SURFACE(((1.,0.923768272608648,1.,0.923768272608648,1.),
(0.707106781186543,0.653202809806554,0.707106781186543,0.653202809806554,
0.707106781186543),(1.,0.923768272608648,1.,0.923768272608648,1.)))
REPRESENTATION_ITEM('')
SURFACE()
);
#40=(
BOUNDED_SURFACE()
B_SPLINE_SURFACE(2,2,((#4718,#4719,#4720,#4721,#4722),(#4723,#4724,#4725,
#4726,#4727),(#4728,#4729,#4730,#4731,#4732)),.UNSPECIFIED.,.F.,.F.,.F.)
B_SPLINE_SURFACE_WITH_KNOTS((3,3),(3,2,3),(-1.5707963267949,0.),(-2.6188551621049,
-1.83338938730064,-1.04792361249639),.UNSPECIFIED.)
GEOMETRIC_REPRESENTATION_ITEM()
RATIONAL_B_SPLINE_SURFACE(((1.,0.923866595100761,1.,0.923866595100761,1.),
(0.707106781186537,0.653272334307464,0.707106781186537,0.653272334307464,
0.707106781186537),(1.,0.923866595100761,1.,0.923866595100761,1.)))
REPRESENTATION_ITEM('')
SURFACE()
);
#41=B_SPLINE_CURVE_WITH_KNOTS('',3,(#4455,#4456,#4457,#4458,#4459,#4460,
#4461,#4462,#4463,#4464,#4465,#4466,#4467,#4468,#4469,#4470,#4471,#4472,
#4473,#4474,#4475,#4476,#4477,#4478,#4479,#4480,#4481,#4482,#4483,#4484,
#4485,#4486,#4487,#4488,#4489,#4490,#4491,#4492,#4493,#4494,#4495,#4496,
#4497,#4498,#4499,#4500,#4501,#4502,#4503),.UNSPECIFIED.,.F.,.F.,(4,3,3,
3,3,3,3,3,3,3,3,3,3,3,3,3,4),(0.,0.101072008347216,0.202140982696221,0.303207125015489,
0.404270637213868,0.505331721144865,0.606390578610801,0.70744741136706,
0.808502421126262,0.909573017339466,1.01063793210546,1.11169797299301,1.21275394715529,
1.31382184566462,1.41487992696169,1.51594293633486,1.57079682212097),
 .UNSPECIFIED.);
#42=B_SPLINE_CURVE_WITH_KNOTS('',3,(#4533,#4534,#4535,#4536,#4537,#4538,
#4539,#4540,#4541,#4542,#4543,#4544),.UNSPECIFIED.,.F.,.F.,(4,2,2,2,2,4),
(0.,0.11719334522835,0.234386684696187,0.351580027930692,0.463918787227141,
0.47266826128743),.UNSPECIFIED.);
#43=B_SPLINE_CURVE_WITH_KNOTS('',3,(#4551,#4552,#4553,#4554,#4555,#4556,
#4557,#4558,#4559,#4560,#4561,#4562),.UNSPECIFIED.,.F.,.F.,(4,2,2,2,2,4),
(0.,0.117193341073426,0.23438668265827,0.351580025381066,0.46391758692368,
0.472666934704619),.UNSPECIFIED.);
#44=B_SPLINE_CURVE_WITH_KNOTS('',3,(#4568,#4569,#4570,#4571,#4572,#4573,
#4574,#4575,#4576,#4577,#4578,#4579),.UNSPECIFIED.,.F.,.F.,(4,2,2,2,2,4),
(0.,0.117193334749315,0.234386673582985,0.351580020546482,0.463917574123742,
0.472666919827765),.UNSPECIFIED.);
#45=B_SPLINE_CURVE_WITH_KNOTS('',3,(#4661,#4662,#4663,#4664,#4665,#4666,
#4667,#4668,#4669,#4670,#4671,#4672,#4673,#4674,#4675,#4676,#4677,#4678,
#4679,#4680,#4681,#4682,#4683,#4684,#4685,#4686,#4687,#4688,#4689,#4690,
#4691,#4692,#4693,#4694,#4695,#4696,#4697,#4698,#4699,#4700,#4701,#4702,
#4703,#4704,#4705,#4706,#4707,#4708,#4709),.UNSPECIFIED.,.F.,.F.,(4,3,3,
3,3,3,3,3,3,3,3,3,3,3,3,3,4),(0.,0.101072680553475,0.202142327088575,0.303209141575095,
0.404273325923243,0.50533508198784,0.606394611572602,0.707452116434183,
0.808507798286608,0.90957906669668,1.01064465362177,1.11170536663598,1.21276201289788,
1.31383058358614,1.41488933699684,1.51595301851642,1.57080726912275),
 .UNSPECIFIED.);
#46=PLANE('',#3266);
#47=PLANE('',#3270);
#48=PLANE('',#3274);
#49=PLANE('',#3278);
#50=PLANE('',#3282);
#51=PLANE('',#3286);
#52=PLANE('',#3290);
#53=PLANE('',#3294);
#54=PLANE('',#3298);
#55=PLANE('',#3302);
#56=PLANE('',#3306);
#57=PLANE('',#3310);
#58=PLANE('',#3349);
#59=PLANE('',#3350);
#60=PLANE('',#3351);
#61=PLANE('',#3352);
#62=PLANE('',#3353);
#63=PLANE('',#3354);
#64=PLANE('',#3357);
#65=PLANE('',#3358);
#66=PLANE('',#3360);
#67=PLANE('',#3370);
#68=PLANE('',#3372);
#69=PLANE('',#3374);
#70=PLANE('',#3381);
#71=PLANE('',#3384);
#72=PLANE('',#3387);
#73=PLANE('',#3390);
#74=PLANE('',#3397);
#75=PLANE('',#3401);
#76=PLANE('',#3403);
#77=PLANE('',#3405);
#78=PLANE('',#3407);
#79=PLANE('',#3408);
#80=PLANE('',#3409);
#81=PLANE('',#3410);
#82=PLANE('',#3411);
#83=PLANE('',#3412);
#84=PLANE('',#3413);
#85=PLANE('',#3414);
#86=PLANE('',#3415);
#87=PLANE('',#3416);
#88=PLANE('',#3417);
#89=PLANE('',#3418);
#90=PLANE('',#3419);
#91=PLANE('',#3420);
#92=PLANE('',#3421);
#93=PLANE('',#3422);
#94=PLANE('',#3423);
#95=PLANE('',#3424);
#96=PLANE('',#3425);
#97=PLANE('',#3426);
#98=PLANE('',#3427);
#99=PLANE('',#3428);
#100=PLANE('',#3429);
#101=PLANE('',#3430);
#102=PLANE('',#3431);
#103=PLANE('',#3432);
#104=PLANE('',#3433);
#105=PLANE('',#3434);
#106=PLANE('',#3435);
#107=PLANE('',#3436);
#108=PLANE('',#3437);
#109=PLANE('',#3438);
#110=PLANE('',#3439);
#111=PLANE('',#3440);
#112=PLANE('',#3441);
#113=PLANE('',#3442);
#114=PLANE('',#3443);
#115=PLANE('',#3444);
#116=PLANE('',#3445);
#117=PLANE('',#3446);
#118=PLANE('',#3447);
#119=PLANE('',#3448);
#120=PLANE('',#3449);
#121=PLANE('',#3450);
#122=PLANE('',#3451);
#123=PLANE('',#3452);
#124=PLANE('',#3453);
#125=PLANE('',#3454);
#126=PLANE('',#3455);
#127=PLANE('',#3456);
#128=PLANE('',#3457);
#129=PLANE('',#3458);
#130=PLANE('',#3459);
#131=PLANE('',#3460);
#132=PLANE('',#3461);
#133=PLANE('',#3462);
#134=PLANE('',#3463);
#135=PLANE('',#3464);
#136=PLANE('',#3465);
#137=PLANE('',#3466);
#138=PLANE('',#3467);
#139=PLANE('',#3468);
#140=PLANE('',#3469);
#141=PLANE('',#3470);
#142=PLANE('',#3471);
#143=PLANE('',#3472);
#144=PLANE('',#3473);
#145=PLANE('',#3474);
#146=PLANE('',#3475);
#147=PLANE('',#3476);
#148=PLANE('',#3477);
#149=PLANE('',#3478);
#150=PLANE('',#3479);
#151=PLANE('',#3480);
#152=PLANE('',#3481);
#153=PLANE('',#3482);
#154=PLANE('',#3483);
#155=PLANE('',#3484);
#156=PLANE('',#3485);
#157=PLANE('',#3486);
#158=PLANE('',#3487);
#159=PLANE('',#3488);
#160=PLANE('',#3489);
#161=PLANE('',#3490);
#162=PLANE('',#3491);
#163=PLANE('',#3492);
#164=PLANE('',#3493);
#165=PLANE('',#3494);
#166=PLANE('',#3495);
#167=PLANE('',#3496);
#168=PLANE('',#3497);
#169=PLANE('',#3498);
#170=PLANE('',#3499);
#171=PLANE('',#3500);
#172=PLANE('',#3501);
#173=PLANE('',#3502);
#174=FACE_OUTER_BOUND('',#347,.T.);
#175=FACE_OUTER_BOUND('',#348,.T.);
#176=FACE_OUTER_BOUND('',#349,.T.);
#177=FACE_OUTER_BOUND('',#350,.T.);
#178=FACE_OUTER_BOUND('',#351,.T.);
#179=FACE_OUTER_BOUND('',#352,.T.);
#180=FACE_OUTER_BOUND('',#353,.T.);
#181=FACE_OUTER_BOUND('',#354,.T.);
#182=FACE_OUTER_BOUND('',#355,.T.);
#183=FACE_OUTER_BOUND('',#356,.T.);
#184=FACE_OUTER_BOUND('',#357,.T.);
#185=FACE_OUTER_BOUND('',#358,.T.);
#186=FACE_OUTER_BOUND('',#359,.T.);
#187=FACE_OUTER_BOUND('',#360,.T.);
#188=FACE_OUTER_BOUND('',#361,.T.);
#189=FACE_OUTER_BOUND('',#362,.T.);
#190=FACE_OUTER_BOUND('',#363,.T.);
#191=FACE_OUTER_BOUND('',#364,.T.);
#192=FACE_OUTER_BOUND('',#365,.T.);
#193=FACE_OUTER_BOUND('',#366,.T.);
#194=FACE_OUTER_BOUND('',#367,.T.);
#195=FACE_OUTER_BOUND('',#368,.T.);
#196=FACE_OUTER_BOUND('',#369,.T.);
#197=FACE_OUTER_BOUND('',#370,.T.);
#198=FACE_OUTER_BOUND('',#371,.T.);
#199=FACE_OUTER_BOUND('',#372,.T.);
#200=FACE_OUTER_BOUND('',#373,.T.);
#201=FACE_OUTER_BOUND('',#374,.T.);
#202=FACE_OUTER_BOUND('',#375,.T.);
#203=FACE_OUTER_BOUND('',#376,.T.);
#204=FACE_OUTER_BOUND('',#377,.T.);
#205=FACE_OUTER_BOUND('',#378,.T.);
#206=FACE_OUTER_BOUND('',#379,.T.);
#207=FACE_OUTER_BOUND('',#380,.T.);
#208=FACE_OUTER_BOUND('',#381,.T.);
#209=FACE_OUTER_BOUND('',#382,.T.);
#210=FACE_OUTER_BOUND('',#383,.T.);
#211=FACE_OUTER_BOUND('',#384,.T.);
#212=FACE_OUTER_BOUND('',#385,.T.);
#213=FACE_OUTER_BOUND('',#386,.T.);
#214=FACE_OUTER_BOUND('',#387,.T.);
#215=FACE_OUTER_BOUND('',#388,.T.);
#216=FACE_OUTER_BOUND('',#389,.T.);
#217=FACE_OUTER_BOUND('',#390,.T.);
#218=FACE_OUTER_BOUND('',#391,.T.);
#219=FACE_OUTER_BOUND('',#392,.T.);
#220=FACE_OUTER_BOUND('',#393,.T.);
#221=FACE_OUTER_BOUND('',#394,.T.);
#222=FACE_OUTER_BOUND('',#395,.T.);
#223=FACE_OUTER_BOUND('',#396,.T.);
#224=FACE_OUTER_BOUND('',#397,.T.);
#225=FACE_OUTER_BOUND('',#398,.T.);
#226=FACE_OUTER_BOUND('',#402,.T.);
#227=FACE_OUTER_BOUND('',#403,.T.);
#228=FACE_OUTER_BOUND('',#404,.T.);
#229=FACE_OUTER_BOUND('',#405,.T.);
#230=FACE_OUTER_BOUND('',#406,.T.);
#231=FACE_OUTER_BOUND('',#407,.T.);
#232=FACE_OUTER_BOUND('',#408,.T.);
#233=FACE_OUTER_BOUND('',#409,.T.);
#234=FACE_OUTER_BOUND('',#410,.T.);
#235=FACE_OUTER_BOUND('',#411,.T.);
#236=FACE_OUTER_BOUND('',#412,.T.);
#237=FACE_OUTER_BOUND('',#413,.T.);
#238=FACE_OUTER_BOUND('',#414,.T.);
#239=FACE_OUTER_BOUND('',#415,.T.);
#240=FACE_OUTER_BOUND('',#416,.T.);
#241=FACE_OUTER_BOUND('',#417,.T.);
#242=FACE_OUTER_BOUND('',#418,.T.);
#243=FACE_OUTER_BOUND('',#434,.T.);
#244=FACE_OUTER_BOUND('',#435,.T.);
#245=FACE_OUTER_BOUND('',#436,.T.);
#246=FACE_OUTER_BOUND('',#437,.T.);
#247=FACE_OUTER_BOUND('',#438,.T.);
#248=FACE_OUTER_BOUND('',#439,.T.);
#249=FACE_OUTER_BOUND('',#440,.T.);
#250=FACE_OUTER_BOUND('',#441,.T.);
#251=FACE_OUTER_BOUND('',#442,.T.);
#252=FACE_OUTER_BOUND('',#443,.T.);
#253=FACE_OUTER_BOUND('',#444,.T.);
#254=FACE_OUTER_BOUND('',#445,.T.);
#255=FACE_OUTER_BOUND('',#446,.T.);
#256=FACE_OUTER_BOUND('',#447,.T.);
#257=FACE_OUTER_BOUND('',#448,.T.);
#258=FACE_OUTER_BOUND('',#449,.T.);
#259=FACE_OUTER_BOUND('',#450,.T.);
#260=FACE_OUTER_BOUND('',#451,.T.);
#261=FACE_OUTER_BOUND('',#452,.T.);
#262=FACE_OUTER_BOUND('',#453,.T.);
#263=FACE_OUTER_BOUND('',#454,.T.);
#264=FACE_OUTER_BOUND('',#455,.T.);
#265=FACE_OUTER_BOUND('',#456,.T.);
#266=FACE_OUTER_BOUND('',#457,.T.);
#267=FACE_OUTER_BOUND('',#458,.T.);
#268=FACE_OUTER_BOUND('',#459,.T.);
#269=FACE_OUTER_BOUND('',#460,.T.);
#270=FACE_OUTER_BOUND('',#461,.T.);
#271=FACE_OUTER_BOUND('',#462,.T.);
#272=FACE_OUTER_BOUND('',#463,.T.);
#273=FACE_OUTER_BOUND('',#464,.T.);
#274=FACE_OUTER_BOUND('',#465,.T.);
#275=FACE_OUTER_BOUND('',#466,.T.);
#276=FACE_OUTER_BOUND('',#467,.T.);
#277=FACE_OUTER_BOUND('',#468,.T.);
#278=FACE_OUTER_BOUND('',#469,.T.);
#279=FACE_OUTER_BOUND('',#470,.T.);
#280=FACE_OUTER_BOUND('',#471,.T.);
#281=FACE_OUTER_BOUND('',#472,.T.);
#282=FACE_OUTER_BOUND('',#473,.T.);
#283=FACE_OUTER_BOUND('',#474,.T.);
#284=FACE_OUTER_BOUND('',#475,.T.);
#285=FACE_OUTER_BOUND('',#476,.T.);
#286=FACE_OUTER_BOUND('',#477,.T.);
#287=FACE_OUTER_BOUND('',#478,.T.);
#288=FACE_OUTER_BOUND('',#479,.T.);
#289=FACE_OUTER_BOUND('',#480,.T.);
#290=FACE_OUTER_BOUND('',#481,.T.);
#291=FACE_OUTER_BOUND('',#482,.T.);
#292=FACE_OUTER_BOUND('',#483,.T.);
#293=FACE_OUTER_BOUND('',#484,.T.);
#294=FACE_OUTER_BOUND('',#485,.T.);
#295=FACE_OUTER_BOUND('',#486,.T.);
#296=FACE_OUTER_BOUND('',#487,.T.);
#297=FACE_OUTER_BOUND('',#488,.T.);
#298=FACE_OUTER_BOUND('',#489,.T.);
#299=FACE_OUTER_BOUND('',#490,.T.);
#300=FACE_OUTER_BOUND('',#491,.T.);
#301=FACE_OUTER_BOUND('',#492,.T.);
#302=FACE_OUTER_BOUND('',#493,.T.);
#303=FACE_OUTER_BOUND('',#494,.T.);
#304=FACE_OUTER_BOUND('',#495,.T.);
#305=FACE_OUTER_BOUND('',#496,.T.);
#306=FACE_OUTER_BOUND('',#497,.T.);
#307=FACE_OUTER_BOUND('',#498,.T.);
#308=FACE_OUTER_BOUND('',#499,.T.);
#309=FACE_OUTER_BOUND('',#500,.T.);
#310=FACE_OUTER_BOUND('',#501,.T.);
#311=FACE_OUTER_BOUND('',#502,.T.);
#312=FACE_OUTER_BOUND('',#503,.T.);
#313=FACE_OUTER_BOUND('',#504,.T.);
#314=FACE_OUTER_BOUND('',#505,.T.);
#315=FACE_OUTER_BOUND('',#506,.T.);
#316=FACE_OUTER_BOUND('',#507,.T.);
#317=FACE_OUTER_BOUND('',#508,.T.);
#318=FACE_OUTER_BOUND('',#509,.T.);
#319=FACE_OUTER_BOUND('',#510,.T.);
#320=FACE_OUTER_BOUND('',#511,.T.);
#321=FACE_OUTER_BOUND('',#512,.T.);
#322=FACE_OUTER_BOUND('',#513,.T.);
#323=FACE_OUTER_BOUND('',#514,.T.);
#324=FACE_OUTER_BOUND('',#515,.T.);
#325=FACE_OUTER_BOUND('',#516,.T.);
#326=FACE_OUTER_BOUND('',#517,.T.);
#327=FACE_OUTER_BOUND('',#518,.T.);
#328=FACE_OUTER_BOUND('',#519,.T.);
#329=FACE_OUTER_BOUND('',#520,.T.);
#330=FACE_OUTER_BOUND('',#521,.T.);
#331=FACE_OUTER_BOUND('',#522,.T.);
#332=FACE_OUTER_BOUND('',#523,.T.);
#333=FACE_OUTER_BOUND('',#524,.T.);
#334=FACE_OUTER_BOUND('',#525,.T.);
#335=FACE_OUTER_BOUND('',#526,.T.);
#336=FACE_OUTER_BOUND('',#527,.T.);
#337=FACE_OUTER_BOUND('',#528,.T.);
#338=FACE_OUTER_BOUND('',#529,.T.);
#339=FACE_OUTER_BOUND('',#530,.T.);
#340=FACE_OUTER_BOUND('',#531,.T.);
#341=FACE_OUTER_BOUND('',#532,.T.);
#342=FACE_OUTER_BOUND('',#533,.T.);
#343=FACE_OUTER_BOUND('',#534,.T.);
#344=FACE_OUTER_BOUND('',#535,.T.);
#345=FACE_OUTER_BOUND('',#536,.T.);
#346=FACE_OUTER_BOUND('',#537,.T.);
#347=EDGE_LOOP('',(#2130,#2131,#2132,#2133));
#348=EDGE_LOOP('',(#2134));
#349=EDGE_LOOP('',(#2135,#2136,#2137,#2138));
#350=EDGE_LOOP('',(#2139));
#351=EDGE_LOOP('',(#2140,#2141,#2142,#2143));
#352=EDGE_LOOP('',(#2144));
#353=EDGE_LOOP('',(#2145,#2146,#2147,#2148));
#354=EDGE_LOOP('',(#2149));
#355=EDGE_LOOP('',(#2150,#2151,#2152,#2153));
#356=EDGE_LOOP('',(#2154));
#357=EDGE_LOOP('',(#2155,#2156,#2157,#2158));
#358=EDGE_LOOP('',(#2159));
#359=EDGE_LOOP('',(#2160,#2161,#2162,#2163));
#360=EDGE_LOOP('',(#2164));
#361=EDGE_LOOP('',(#2165,#2166,#2167,#2168));
#362=EDGE_LOOP('',(#2169));
#363=EDGE_LOOP('',(#2170,#2171,#2172,#2173));
#364=EDGE_LOOP('',(#2174));
#365=EDGE_LOOP('',(#2175,#2176,#2177,#2178));
#366=EDGE_LOOP('',(#2179));
#367=EDGE_LOOP('',(#2180,#2181,#2182,#2183));
#368=EDGE_LOOP('',(#2184));
#369=EDGE_LOOP('',(#2185,#2186,#2187,#2188));
#370=EDGE_LOOP('',(#2189));
#371=EDGE_LOOP('',(#2190,#2191,#2192,#2193));
#372=EDGE_LOOP('',(#2194,#2195,#2196,#2197));
#373=EDGE_LOOP('',(#2198,#2199,#2200,#2201));
#374=EDGE_LOOP('',(#2202,#2203,#2204,#2205));
#375=EDGE_LOOP('',(#2206,#2207,#2208,#2209));
#376=EDGE_LOOP('',(#2210,#2211,#2212,#2213));
#377=EDGE_LOOP('',(#2214,#2215,#2216,#2217));
#378=EDGE_LOOP('',(#2218,#2219,#2220,#2221));
#379=EDGE_LOOP('',(#2222,#2223,#2224,#2225));
#380=EDGE_LOOP('',(#2226,#2227,#2228,#2229));
#381=EDGE_LOOP('',(#2230,#2231,#2232,#2233));
#382=EDGE_LOOP('',(#2234,#2235,#2236,#2237));
#383=EDGE_LOOP('',(#2238,#2239,#2240,#2241));
#384=EDGE_LOOP('',(#2242,#2243,#2244,#2245));
#385=EDGE_LOOP('',(#2246,#2247,#2248,#2249));
#386=EDGE_LOOP('',(#2250,#2251,#2252,#2253));
#387=EDGE_LOOP('',(#2254,#2255,#2256,#2257));
#388=EDGE_LOOP('',(#2258,#2259,#2260,#2261));
#389=EDGE_LOOP('',(#2262,#2263,#2264,#2265));
#390=EDGE_LOOP('',(#2266,#2267,#2268,#2269));
#391=EDGE_LOOP('',(#2270,#2271,#2272,#2273));
#392=EDGE_LOOP('',(#2274,#2275,#2276,#2277));
#393=EDGE_LOOP('',(#2278,#2279,#2280,#2281));
#394=EDGE_LOOP('',(#2282,#2283,#2284,#2285));
#395=EDGE_LOOP('',(#2286,#2287,#2288,#2289));
#396=EDGE_LOOP('',(#2290,#2291,#2292,#2293));
#397=EDGE_LOOP('',(#2294,#2295,#2296,#2297));
#398=EDGE_LOOP('',(#2298,#2299,#2300,#2301,#2302,#2303,#2304,#2305,#2306,
#2307,#2308,#2309,#2310,#2311,#2312,#2313,#2314,#2315));
#399=EDGE_LOOP('',(#2316,#2317,#2318,#2319,#2320,#2321,#2322,#2323,#2324,
#2325,#2326,#2327,#2328,#2329,#2330,#2331,#2332,#2333,#2334,#2335,#2336,
#2337,#2338));
#400=EDGE_LOOP('',(#2339,#2340,#2341,#2342,#2343,#2344,#2345,#2346,#2347,
#2348,#2349,#2350,#2351,#2352,#2353,#2354,#2355,#2356,#2357,#2358,#2359,
#2360,#2361,#2362,#2363,#2364,#2365,#2366,#2367,#2368,#2369,#2370,#2371,
#2372,#2373,#2374,#2375,#2376,#2377,#2378,#2379,#2380,#2381,#2382,#2383,
#2384,#2385,#2386,#2387,#2388,#2389,#2390,#2391,#2392,#2393,#2394,#2395,
#2396,#2397,#2398,#2399));
#401=EDGE_LOOP('',(#2400));
#402=EDGE_LOOP('',(#2401,#2402,#2403,#2404,#2405,#2406,#2407,#2408,#2409,
#2410,#2411,#2412,#2413,#2414,#2415,#2416,#2417,#2418,#2419,#2420,#2421,
#2422,#2423,#2424,#2425,#2426,#2427,#2428,#2429,#2430,#2431,#2432,#2433,
#2434,#2435,#2436,#2437,#2438,#2439,#2440));
#403=EDGE_LOOP('',(#2441,#2442,#2443,#2444));
#404=EDGE_LOOP('',(#2445,#2446,#2447,#2448));
#405=EDGE_LOOP('',(#2449,#2450,#2451,#2452));
#406=EDGE_LOOP('',(#2453,#2454,#2455,#2456));
#407=EDGE_LOOP('',(#2457,#2458,#2459,#2460));
#408=EDGE_LOOP('',(#2461,#2462,#2463,#2464,#2465,#2466,#2467,#2468,#2469,
#2470,#2471,#2472));
#409=EDGE_LOOP('',(#2473,#2474,#2475,#2476));
#410=EDGE_LOOP('',(#2477,#2478,#2479,#2480));
#411=EDGE_LOOP('',(#2481,#2482,#2483,#2484));
#412=EDGE_LOOP('',(#2485,#2486,#2487,#2488));
#413=EDGE_LOOP('',(#2489,#2490,#2491,#2492));
#414=EDGE_LOOP('',(#2493,#2494,#2495,#2496));
#415=EDGE_LOOP('',(#2497,#2498,#2499,#2500));
#416=EDGE_LOOP('',(#2501,#2502,#2503,#2504,#2505,#2506,#2507,#2508,#2509,
#2510,#2511,#2512));
#417=EDGE_LOOP('',(#2513,#2514,#2515,#2516));
#418=EDGE_LOOP('',(#2517,#2518,#2519,#2520,#2521,#2522,#2523,#2524,#2525,
#2526,#2527,#2528,#2529,#2530,#2531,#2532,#2533,#2534));
#419=EDGE_LOOP('',(#2535));
#420=EDGE_LOOP('',(#2536));
#421=EDGE_LOOP('',(#2537));
#422=EDGE_LOOP('',(#2538));
#423=EDGE_LOOP('',(#2539));
#424=EDGE_LOOP('',(#2540));
#425=EDGE_LOOP('',(#2541));
#426=EDGE_LOOP('',(#2542));
#427=EDGE_LOOP('',(#2543));
#428=EDGE_LOOP('',(#2544));
#429=EDGE_LOOP('',(#2545));
#430=EDGE_LOOP('',(#2546));
#431=EDGE_LOOP('',(#2547,#2548,#2549,#2550,#2551,#2552,#2553,#2554,#2555,
#2556,#2557,#2558,#2559,#2560,#2561,#2562,#2563,#2564,#2565,#2566,#2567,
#2568,#2569));
#432=EDGE_LOOP('',(#2570,#2571,#2572,#2573,#2574,#2575,#2576,#2577,#2578,
#2579,#2580,#2581,#2582,#2583,#2584,#2585,#2586,#2587,#2588,#2589,#2590,
#2591,#2592,#2593,#2594,#2595,#2596,#2597,#2598,#2599,#2600,#2601,#2602,
#2603,#2604,#2605,#2606,#2607,#2608,#2609,#2610,#2611,#2612,#2613,#2614,
#2615,#2616,#2617,#2618,#2619,#2620,#2621,#2622,#2623,#2624,#2625,#2626,
#2627,#2628,#2629,#2630));
#433=EDGE_LOOP('',(#2631));
#434=EDGE_LOOP('',(#2632,#2633,#2634,#2635));
#435=EDGE_LOOP('',(#2636,#2637,#2638,#2639));
#436=EDGE_LOOP('',(#2640,#2641,#2642,#2643));
#437=EDGE_LOOP('',(#2644,#2645,#2646,#2647));
#438=EDGE_LOOP('',(#2648,#2649,#2650,#2651));
#439=EDGE_LOOP('',(#2652,#2653,#2654,#2655));
#440=EDGE_LOOP('',(#2656,#2657,#2658,#2659));
#441=EDGE_LOOP('',(#2660,#2661,#2662,#2663));
#442=EDGE_LOOP('',(#2664,#2665,#2666,#2667));
#443=EDGE_LOOP('',(#2668,#2669,#2670,#2671));
#444=EDGE_LOOP('',(#2672,#2673,#2674,#2675));
#445=EDGE_LOOP('',(#2676,#2677,#2678,#2679));
#446=EDGE_LOOP('',(#2680,#2681,#2682,#2683));
#447=EDGE_LOOP('',(#2684,#2685,#2686,#2687));
#448=EDGE_LOOP('',(#2688,#2689,#2690,#2691));
#449=EDGE_LOOP('',(#2692,#2693,#2694,#2695));
#450=EDGE_LOOP('',(#2696,#2697,#2698,#2699));
#451=EDGE_LOOP('',(#2700,#2701,#2702,#2703));
#452=EDGE_LOOP('',(#2704,#2705,#2706,#2707));
#453=EDGE_LOOP('',(#2708,#2709,#2710,#2711));
#454=EDGE_LOOP('',(#2712,#2713,#2714,#2715));
#455=EDGE_LOOP('',(#2716,#2717,#2718,#2719));
#456=EDGE_LOOP('',(#2720,#2721,#2722,#2723));
#457=EDGE_LOOP('',(#2724,#2725,#2726,#2727));
#458=EDGE_LOOP('',(#2728,#2729,#2730,#2731));
#459=EDGE_LOOP('',(#2732,#2733,#2734,#2735));
#460=EDGE_LOOP('',(#2736,#2737,#2738,#2739));
#461=EDGE_LOOP('',(#2740,#2741,#2742,#2743));
#462=EDGE_LOOP('',(#2744,#2745,#2746,#2747));
#463=EDGE_LOOP('',(#2748,#2749,#2750,#2751));
#464=EDGE_LOOP('',(#2752,#2753,#2754,#2755));
#465=EDGE_LOOP('',(#2756,#2757,#2758,#2759));
#466=EDGE_LOOP('',(#2760,#2761,#2762,#2763));
#467=EDGE_LOOP('',(#2764,#2765,#2766,#2767));
#468=EDGE_LOOP('',(#2768,#2769,#2770,#2771));
#469=EDGE_LOOP('',(#2772,#2773,#2774,#2775));
#470=EDGE_LOOP('',(#2776,#2777,#2778,#2779));
#471=EDGE_LOOP('',(#2780,#2781,#2782,#2783));
#472=EDGE_LOOP('',(#2784,#2785,#2786,#2787));
#473=EDGE_LOOP('',(#2788,#2789,#2790,#2791));
#474=EDGE_LOOP('',(#2792,#2793,#2794,#2795));
#475=EDGE_LOOP('',(#2796,#2797,#2798,#2799));
#476=EDGE_LOOP('',(#2800,#2801,#2802,#2803));
#477=EDGE_LOOP('',(#2804,#2805,#2806,#2807));
#478=EDGE_LOOP('',(#2808,#2809,#2810,#2811));
#479=EDGE_LOOP('',(#2812,#2813,#2814,#2815));
#480=EDGE_LOOP('',(#2816,#2817,#2818,#2819));
#481=EDGE_LOOP('',(#2820,#2821,#2822,#2823));
#482=EDGE_LOOP('',(#2824,#2825,#2826,#2827));
#483=EDGE_LOOP('',(#2828,#2829,#2830,#2831));
#484=EDGE_LOOP('',(#2832,#2833,#2834,#2835));
#485=EDGE_LOOP('',(#2836,#2837,#2838,#2839));
#486=EDGE_LOOP('',(#2840,#2841,#2842,#2843));
#487=EDGE_LOOP('',(#2844,#2845,#2846,#2847));
#488=EDGE_LOOP('',(#2848,#2849,#2850,#2851));
#489=EDGE_LOOP('',(#2852,#2853,#2854,#2855));
#490=EDGE_LOOP('',(#2856,#2857,#2858,#2859));
#491=EDGE_LOOP('',(#2860,#2861,#2862,#2863));
#492=EDGE_LOOP('',(#2864,#2865,#2866,#2867));
#493=EDGE_LOOP('',(#2868,#2869,#2870,#2871));
#494=EDGE_LOOP('',(#2872,#2873,#2874,#2875));
#495=EDGE_LOOP('',(#2876,#2877,#2878,#2879));
#496=EDGE_LOOP('',(#2880,#2881,#2882,#2883));
#497=EDGE_LOOP('',(#2884,#2885,#2886,#2887));
#498=EDGE_LOOP('',(#2888,#2889,#2890,#2891));
#499=EDGE_LOOP('',(#2892,#2893,#2894,#2895));
#500=EDGE_LOOP('',(#2896,#2897,#2898,#2899));
#501=EDGE_LOOP('',(#2900,#2901,#2902,#2903));
#502=EDGE_LOOP('',(#2904,#2905,#2906,#2907));
#503=EDGE_LOOP('',(#2908,#2909,#2910,#2911));
#504=EDGE_LOOP('',(#2912,#2913,#2914,#2915));
#505=EDGE_LOOP('',(#2916,#2917,#2918,#2919));
#506=EDGE_LOOP('',(#2920,#2921,#2922,#2923));
#507=EDGE_LOOP('',(#2924,#2925,#2926,#2927));
#508=EDGE_LOOP('',(#2928,#2929,#2930,#2931));
#509=EDGE_LOOP('',(#2932,#2933,#2934,#2935));
#510=EDGE_LOOP('',(#2936,#2937,#2938,#2939));
#511=EDGE_LOOP('',(#2940,#2941,#2942,#2943));
#512=EDGE_LOOP('',(#2944,#2945,#2946,#2947));
#513=EDGE_LOOP('',(#2948,#2949,#2950,#2951));
#514=EDGE_LOOP('',(#2952,#2953,#2954,#2955));
#515=EDGE_LOOP('',(#2956,#2957,#2958,#2959));
#516=EDGE_LOOP('',(#2960,#2961,#2962,#2963));
#517=EDGE_LOOP('',(#2964,#2965,#2966,#2967));
#518=EDGE_LOOP('',(#2968,#2969,#2970,#2971));
#519=EDGE_LOOP('',(#2972,#2973,#2974,#2975));
#520=EDGE_LOOP('',(#2976,#2977,#2978,#2979));
#521=EDGE_LOOP('',(#2980,#2981,#2982,#2983));
#522=EDGE_LOOP('',(#2984,#2985,#2986,#2987));
#523=EDGE_LOOP('',(#2988,#2989,#2990,#2991));
#524=EDGE_LOOP('',(#2992,#2993,#2994,#2995));
#525=EDGE_LOOP('',(#2996,#2997,#2998,#2999));
#526=EDGE_LOOP('',(#3000,#3001,#3002,#3003));
#527=EDGE_LOOP('',(#3004,#3005,#3006,#3007));
#528=EDGE_LOOP('',(#3008,#3009,#3010,#3011));
#529=EDGE_LOOP('',(#3012,#3013,#3014,#3015));
#530=EDGE_LOOP('',(#3016,#3017,#3018,#3019));
#531=EDGE_LOOP('',(#3020,#3021,#3022,#3023));
#532=EDGE_LOOP('',(#3024,#3025,#3026,#3027));
#533=EDGE_LOOP('',(#3028,#3029,#3030,#3031));
#534=EDGE_LOOP('',(#3032,#3033,#3034,#3035));
#535=EDGE_LOOP('',(#3036,#3037,#3038,#3039));
#536=EDGE_LOOP('',(#3040,#3041,#3042,#3043));
#537=EDGE_LOOP('',(#3044,#3045,#3046,#3047));
#538=LINE('',#4372,#920);
#539=LINE('',#4379,#921);
#540=LINE('',#4386,#922);
#541=LINE('',#4393,#923);
#542=LINE('',#4400,#924);
#543=LINE('',#4407,#925);
#544=LINE('',#4414,#926);
#545=LINE('',#4421,#927);
#546=LINE('',#4428,#928);
#547=LINE('',#4435,#929);
#548=LINE('',#4442,#930);
#549=LINE('',#4449,#931);
#550=LINE('',#4505,#932);
#551=LINE('',#4508,#933);
#552=LINE('',#4525,#934);
#553=LINE('',#4527,#935);
#554=LINE('',#4531,#936);
#555=LINE('',#4545,#937);
#556=LINE('',#4548,#938);
#557=LINE('',#4550,#939);
#558=LINE('',#4565,#940);
#559=LINE('',#4567,#941);
#560=LINE('',#4582,#942);
#561=LINE('',#4584,#943);
#562=LINE('',#4588,#944);
#563=LINE('',#4591,#945);
#564=LINE('',#4610,#946);
#565=LINE('',#4611,#947);
#566=LINE('',#4630,#948);
#567=LINE('',#4631,#949);
#568=LINE('',#4654,#950);
#569=LINE('',#4656,#951);
#570=LINE('',#4710,#952);
#571=LINE('',#4711,#953);
#572=LINE('',#4714,#954);
#573=LINE('',#4717,#955);
#574=LINE('',#4739,#956);
#575=LINE('',#4740,#957);
#576=LINE('',#4743,#958);
#577=LINE('',#4746,#959);
#578=LINE('',#4749,#960);
#579=LINE('',#4750,#961);
#580=LINE('',#4753,#962);
#581=LINE('',#4754,#963);
#582=LINE('',#4757,#964);
#583=LINE('',#4758,#965);
#584=LINE('',#4761,#966);
#585=LINE('',#4762,#967);
#586=LINE('',#4765,#968);
#587=LINE('',#4766,#969);
#588=LINE('',#4769,#970);
#589=LINE('',#4770,#971);
#590=LINE('',#4773,#972);
#591=LINE('',#4777,#973);
#592=LINE('',#4778,#974);
#593=LINE('',#4782,#975);
#594=LINE('',#4784,#976);
#595=LINE('',#4786,#977);
#596=LINE('',#4788,#978);
#597=LINE('',#4790,#979);
#598=LINE('',#4792,#980);
#599=LINE('',#4794,#981);
#600=LINE('',#4796,#982);
#601=LINE('',#4798,#983);
#602=LINE('',#4800,#984);
#603=LINE('',#4802,#985);
#604=LINE('',#4804,#986);
#605=LINE('',#4806,#987);
#606=LINE('',#4808,#988);
#607=LINE('',#4810,#989);
#608=LINE('',#4812,#990);
#609=LINE('',#4814,#991);
#610=LINE('',#4816,#992);
#611=LINE('',#4818,#993);
#612=LINE('',#4820,#994);
#613=LINE('',#4822,#995);
#614=LINE('',#4824,#996);
#615=LINE('',#4825,#997);
#616=LINE('',#4828,#998);
#617=LINE('',#4830,#999);
#618=LINE('',#4832,#1000);
#619=LINE('',#4834,#1001);
#620=LINE('',#4836,#1002);
#621=LINE('',#4838,#1003);
#622=LINE('',#4840,#1004);
#623=LINE('',#4842,#1005);
#624=LINE('',#4844,#1006);
#625=LINE('',#4846,#1007);
#626=LINE('',#4848,#1008);
#627=LINE('',#4850,#1009);
#628=LINE('',#4852,#1010);
#629=LINE('',#4854,#1011);
#630=LINE('',#4856,#1012);
#631=LINE('',#4858,#1013);
#632=LINE('',#4860,#1014);
#633=LINE('',#4862,#1015);
#634=LINE('',#4864,#1016);
#635=LINE('',#4866,#1017);
#636=LINE('',#4868,#1018);
#637=LINE('',#4870,#1019);
#638=LINE('',#4872,#1020);
#639=LINE('',#4874,#1021);
#640=LINE('',#4876,#1022);
#641=LINE('',#4878,#1023);
#642=LINE('',#4880,#1024);
#643=LINE('',#4882,#1025);
#644=LINE('',#4884,#1026);
#645=LINE('',#4886,#1027);
#646=LINE('',#4888,#1028);
#647=LINE('',#4890,#1029);
#648=LINE('',#4892,#1030);
#649=LINE('',#4894,#1031);
#650=LINE('',#4896,#1032);
#651=LINE('',#4898,#1033);
#652=LINE('',#4900,#1034);
#653=LINE('',#4902,#1035);
#654=LINE('',#4904,#1036);
#655=LINE('',#4906,#1037);
#656=LINE('',#4908,#1038);
#657=LINE('',#4910,#1039);
#658=LINE('',#4912,#1040);
#659=LINE('',#4914,#1041);
#660=LINE('',#4916,#1042);
#661=LINE('',#4918,#1043);
#662=LINE('',#4920,#1044);
#663=LINE('',#4922,#1045);
#664=LINE('',#4924,#1046);
#665=LINE('',#4926,#1047);
#666=LINE('',#4928,#1048);
#667=LINE('',#4930,#1049);
#668=LINE('',#4932,#1050);
#669=LINE('',#4934,#1051);
#670=LINE('',#4936,#1052);
#671=LINE('',#4938,#1053);
#672=LINE('',#4940,#1054);
#673=LINE('',#4942,#1055);
#674=LINE('',#4944,#1056);
#675=LINE('',#4946,#1057);
#676=LINE('',#4947,#1058);
#677=LINE('',#4952,#1059);
#678=LINE('',#4954,#1060);
#679=LINE('',#4958,#1061);
#680=LINE('',#4960,#1062);
#681=LINE('',#4964,#1063);
#682=LINE('',#4968,#1064);
#683=LINE('',#4970,#1065);
#684=LINE('',#4972,#1066);
#685=LINE('',#4976,#1067);
#686=LINE('',#4980,#1068);
#687=LINE('',#4982,#1069);
#688=LINE('',#4986,#1070);
#689=LINE('',#4988,#1071);
#690=LINE('',#4990,#1072);
#691=LINE('',#4994,#1073);
#692=LINE('',#4996,#1074);
#693=LINE('',#4998,#1075);
#694=LINE('',#5000,#1076);
#695=LINE('',#5002,#1077);
#696=LINE('',#5004,#1078);
#697=LINE('',#5008,#1079);
#698=LINE('',#5010,#1080);
#699=LINE('',#5011,#1081);
#700=LINE('',#5013,#1082);
#701=LINE('',#5014,#1083);
#702=LINE('',#5016,#1084);
#703=LINE('',#5018,#1085);
#704=LINE('',#5019,#1086);
#705=LINE('',#5021,#1087);
#706=LINE('',#5023,#1088);
#707=LINE('',#5024,#1089);
#708=LINE('',#5029,#1090);
#709=LINE('',#5033,#1091);
#710=LINE('',#5037,#1092);
#711=LINE('',#5043,#1093);
#712=LINE('',#5044,#1094);
#713=LINE('',#5047,#1095);
#714=LINE('',#5048,#1096);
#715=LINE('',#5053,#1097);
#716=LINE('',#5054,#1098);
#717=LINE('',#5057,#1099);
#718=LINE('',#5058,#1100);
#719=LINE('',#5063,#1101);
#720=LINE('',#5064,#1102);
#721=LINE('',#5067,#1103);
#722=LINE('',#5068,#1104);
#723=LINE('',#5073,#1105);
#724=LINE('',#5074,#1106);
#725=LINE('',#5077,#1107);
#726=LINE('',#5078,#1108);
#727=LINE('',#5082,#1109);
#728=LINE('',#5086,#1110);
#729=LINE('',#5090,#1111);
#730=LINE('',#5095,#1112);
#731=LINE('',#5097,#1113);
#732=LINE('',#5099,#1114);
#733=LINE('',#5101,#1115);
#734=LINE('',#5103,#1116);
#735=LINE('',#5105,#1117);
#736=LINE('',#5106,#1118);
#737=LINE('',#5108,#1119);
#738=LINE('',#5109,#1120);
#739=LINE('',#5110,#1121);
#740=LINE('',#5113,#1122);
#741=LINE('',#5115,#1123);
#742=LINE('',#5117,#1124);
#743=LINE('',#5119,#1125);
#744=LINE('',#5121,#1126);
#745=LINE('',#5123,#1127);
#746=LINE('',#5125,#1128);
#747=LINE('',#5127,#1129);
#748=LINE('',#5129,#1130);
#749=LINE('',#5131,#1131);
#750=LINE('',#5133,#1132);
#751=LINE('',#5135,#1133);
#752=LINE('',#5137,#1134);
#753=LINE('',#5139,#1135);
#754=LINE('',#5141,#1136);
#755=LINE('',#5143,#1137);
#756=LINE('',#5145,#1138);
#757=LINE('',#5147,#1139);
#758=LINE('',#5149,#1140);
#759=LINE('',#5151,#1141);
#760=LINE('',#5153,#1142);
#761=LINE('',#5155,#1143);
#762=LINE('',#5156,#1144);
#763=LINE('',#5159,#1145);
#764=LINE('',#5161,#1146);
#765=LINE('',#5163,#1147);
#766=LINE('',#5165,#1148);
#767=LINE('',#5167,#1149);
#768=LINE('',#5169,#1150);
#769=LINE('',#5171,#1151);
#770=LINE('',#5173,#1152);
#771=LINE('',#5175,#1153);
#772=LINE('',#5177,#1154);
#773=LINE('',#5179,#1155);
#774=LINE('',#5181,#1156);
#775=LINE('',#5183,#1157);
#776=LINE('',#5185,#1158);
#777=LINE('',#5187,#1159);
#778=LINE('',#5189,#1160);
#779=LINE('',#5191,#1161);
#780=LINE('',#5193,#1162);
#781=LINE('',#5195,#1163);
#782=LINE('',#5197,#1164);
#783=LINE('',#5199,#1165);
#784=LINE('',#5201,#1166);
#785=LINE('',#5203,#1167);
#786=LINE('',#5205,#1168);
#787=LINE('',#5207,#1169);
#788=LINE('',#5209,#1170);
#789=LINE('',#5211,#1171);
#790=LINE('',#5213,#1172);
#791=LINE('',#5215,#1173);
#792=LINE('',#5217,#1174);
#793=LINE('',#5219,#1175);
#794=LINE('',#5221,#1176);
#795=LINE('',#5223,#1177);
#796=LINE('',#5225,#1178);
#797=LINE('',#5227,#1179);
#798=LINE('',#5229,#1180);
#799=LINE('',#5231,#1181);
#800=LINE('',#5233,#1182);
#801=LINE('',#5235,#1183);
#802=LINE('',#5237,#1184);
#803=LINE('',#5239,#1185);
#804=LINE('',#5241,#1186);
#805=LINE('',#5243,#1187);
#806=LINE('',#5245,#1188);
#807=LINE('',#5247,#1189);
#808=LINE('',#5249,#1190);
#809=LINE('',#5251,#1191);
#810=LINE('',#5253,#1192);
#811=LINE('',#5255,#1193);
#812=LINE('',#5257,#1194);
#813=LINE('',#5259,#1195);
#814=LINE('',#5261,#1196);
#815=LINE('',#5263,#1197);
#816=LINE('',#5265,#1198);
#817=LINE('',#5267,#1199);
#818=LINE('',#5269,#1200);
#819=LINE('',#5271,#1201);
#820=LINE('',#5273,#1202);
#821=LINE('',#5275,#1203);
#822=LINE('',#5277,#1204);
#823=LINE('',#5278,#1205);
#824=LINE('',#5282,#1206);
#825=LINE('',#5284,#1207);
#826=LINE('',#5286,#1208);
#827=LINE('',#5287,#1209);
#828=LINE('',#5289,#1210);
#829=LINE('',#5292,#1211);
#830=LINE('',#5294,#1212);
#831=LINE('',#5297,#1213);
#832=LINE('',#5299,#1214);
#833=LINE('',#5301,#1215);
#834=LINE('',#5303,#1216);
#835=LINE('',#5306,#1217);
#836=LINE('',#5314,#1218);
#837=LINE('',#5315,#1219);
#838=LINE('',#5317,#1220);
#839=LINE('',#5319,#1221);
#840=LINE('',#5321,#1222);
#841=LINE('',#5323,#1223);
#842=LINE('',#5325,#1224);
#843=LINE('',#5327,#1225);
#844=LINE('',#5329,#1226);
#845=LINE('',#5331,#1227);
#846=LINE('',#5333,#1228);
#847=LINE('',#5335,#1229);
#848=LINE('',#5337,#1230);
#849=LINE('',#5339,#1231);
#850=LINE('',#5341,#1232);
#851=LINE('',#5343,#1233);
#852=LINE('',#5345,#1234);
#853=LINE('',#5347,#1235);
#854=LINE('',#5349,#1236);
#855=LINE('',#5351,#1237);
#856=LINE('',#5353,#1238);
#857=LINE('',#5355,#1239);
#858=LINE('',#5357,#1240);
#859=LINE('',#5360,#1241);
#860=LINE('',#5361,#1242);
#861=LINE('',#5363,#1243);
#862=LINE('',#5365,#1244);
#863=LINE('',#5367,#1245);
#864=LINE('',#5369,#1246);
#865=LINE('',#5371,#1247);
#866=LINE('',#5373,#1248);
#867=LINE('',#5375,#1249);
#868=LINE('',#5377,#1250);
#869=LINE('',#5379,#1251);
#870=LINE('',#5381,#1252);
#871=LINE('',#5383,#1253);
#872=LINE('',#5385,#1254);
#873=LINE('',#5387,#1255);
#874=LINE('',#5389,#1256);
#875=LINE('',#5391,#1257);
#876=LINE('',#5393,#1258);
#877=LINE('',#5395,#1259);
#878=LINE('',#5397,#1260);
#879=LINE('',#5399,#1261);
#880=LINE('',#5401,#1262);
#881=LINE('',#5403,#1263);
#882=LINE('',#5405,#1264);
#883=LINE('',#5407,#1265);
#884=LINE('',#5409,#1266);
#885=LINE('',#5411,#1267);
#886=LINE('',#5413,#1268);
#887=LINE('',#5415,#1269);
#888=LINE('',#5417,#1270);
#889=LINE('',#5419,#1271);
#890=LINE('',#5421,#1272);
#891=LINE('',#5423,#1273);
#892=LINE('',#5425,#1274);
#893=LINE('',#5427,#1275);
#894=LINE('',#5429,#1276);
#895=LINE('',#5431,#1277);
#896=LINE('',#5433,#1278);
#897=LINE('',#5435,#1279);
#898=LINE('',#5437,#1280);
#899=LINE('',#5439,#1281);
#900=LINE('',#5441,#1282);
#901=LINE('',#5443,#1283);
#902=LINE('',#5445,#1284);
#903=LINE('',#5447,#1285);
#904=LINE('',#5449,#1286);
#905=LINE('',#5451,#1287);
#906=LINE('',#5453,#1288);
#907=LINE('',#5455,#1289);
#908=LINE('',#5457,#1290);
#909=LINE('',#5459,#1291);
#910=LINE('',#5461,#1292);
#911=LINE('',#5463,#1293);
#912=LINE('',#5465,#1294);
#913=LINE('',#5467,#1295);
#914=LINE('',#5469,#1296);
#915=LINE('',#5471,#1297);
#916=LINE('',#5473,#1298);
#917=LINE('',#5475,#1299);
#918=LINE('',#5477,#1300);
#919=LINE('',#5479,#1301);
#920=VECTOR('',#3509,1.99999999999999);
#921=VECTOR('',#3518,2.00000000000003);
#922=VECTOR('',#3527,1.99999999999999);
#923=VECTOR('',#3536,1.99999999999999);
#924=VECTOR('',#3545,1.99999999999999);
#925=VECTOR('',#3554,1.99999999999999);
#926=VECTOR('',#3563,2.10000000000001);
#927=VECTOR('',#3572,2.10000000000001);
#928=VECTOR('',#3581,2.10000000000001);
#929=VECTOR('',#3590,2.10000000000001);
#930=VECTOR('',#3599,2.09999999999999);
#931=VECTOR('',#3608,2.10000000000001);
#932=VECTOR('',#3615,10.);
#933=VECTOR('',#3618,10.);
#934=VECTOR('',#3627,10.);
#935=VECTOR('',#3628,10.);
#936=VECTOR('',#3633,10.);
#937=VECTOR('',#3634,10.);
#938=VECTOR('',#3637,10.);
#939=VECTOR('',#3638,10.);
#940=VECTOR('',#3641,10.);
#941=VECTOR('',#3642,10.);
#942=VECTOR('',#3645,10.);
#943=VECTOR('',#3646,10.);
#944=VECTOR('',#3651,10.);
#945=VECTOR('',#3654,10.);
#946=VECTOR('',#3665,10.);
#947=VECTOR('',#3666,10.);
#948=VECTOR('',#3677,10.);
#949=VECTOR('',#3678,10.);
#950=VECTOR('',#3687,10.);
#951=VECTOR('',#3688,10.);
#952=VECTOR('',#3693,10.);
#953=VECTOR('',#3694,10.);
#954=VECTOR('',#3697,10.);
#955=VECTOR('',#3700,10.);
#956=VECTOR('',#3709,10.);
#957=VECTOR('',#3710,10.);
#958=VECTOR('',#3713,10.);
#959=VECTOR('',#3716,10.);
#960=VECTOR('',#3719,10.);
#961=VECTOR('',#3720,10.);
#962=VECTOR('',#3723,10.);
#963=VECTOR('',#3724,10.);
#964=VECTOR('',#3727,10.);
#965=VECTOR('',#3728,10.);
#966=VECTOR('',#3731,10.);
#967=VECTOR('',#3732,10.);
#968=VECTOR('',#3735,10.);
#969=VECTOR('',#3736,10.);
#970=VECTOR('',#3739,10.);
#971=VECTOR('',#3740,10.);
#972=VECTOR('',#3743,10.);
#973=VECTOR('',#3748,10.);
#974=VECTOR('',#3749,10.);
#975=VECTOR('',#3752,10.);
#976=VECTOR('',#3753,10.);
#977=VECTOR('',#3754,10.);
#978=VECTOR('',#3755,10.);
#979=VECTOR('',#3756,10.);
#980=VECTOR('',#3757,10.);
#981=VECTOR('',#3758,10.);
#982=VECTOR('',#3759,10.);
#983=VECTOR('',#3760,10.);
#984=VECTOR('',#3761,10.);
#985=VECTOR('',#3762,10.);
#986=VECTOR('',#3763,10.);
#987=VECTOR('',#3764,10.);
#988=VECTOR('',#3765,10.);
#989=VECTOR('',#3766,10.);
#990=VECTOR('',#3767,10.);
#991=VECTOR('',#3768,10.);
#992=VECTOR('',#3769,10.);
#993=VECTOR('',#3770,10.);
#994=VECTOR('',#3771,10.);
#995=VECTOR('',#3772,10.);
#996=VECTOR('',#3773,10.);
#997=VECTOR('',#3774,10.);
#998=VECTOR('',#3775,10.);
#999=VECTOR('',#3776,10.);
#1000=VECTOR('',#3777,10.);
#1001=VECTOR('',#3778,10.);
#1002=VECTOR('',#3779,10.);
#1003=VECTOR('',#3780,10.);
#1004=VECTOR('',#3781,10.);
#1005=VECTOR('',#3782,10.);
#1006=VECTOR('',#3783,10.);
#1007=VECTOR('',#3784,10.);
#1008=VECTOR('',#3785,10.);
#1009=VECTOR('',#3786,10.);
#1010=VECTOR('',#3787,10.);
#1011=VECTOR('',#3788,10.);
#1012=VECTOR('',#3789,10.);
#1013=VECTOR('',#3790,10.);
#1014=VECTOR('',#3791,10.);
#1015=VECTOR('',#3792,10.);
#1016=VECTOR('',#3793,10.);
#1017=VECTOR('',#3794,10.);
#1018=VECTOR('',#3795,10.);
#1019=VECTOR('',#3796,10.);
#1020=VECTOR('',#3797,10.);
#1021=VECTOR('',#3798,10.);
#1022=VECTOR('',#3799,10.);
#1023=VECTOR('',#3800,10.);
#1024=VECTOR('',#3801,10.);
#1025=VECTOR('',#3802,10.);
#1026=VECTOR('',#3803,10.);
#1027=VECTOR('',#3804,10.);
#1028=VECTOR('',#3805,10.);
#1029=VECTOR('',#3806,10.);
#1030=VECTOR('',#3807,10.);
#1031=VECTOR('',#3808,10.);
#1032=VECTOR('',#3809,10.);
#1033=VECTOR('',#3810,10.);
#1034=VECTOR('',#3811,10.);
#1035=VECTOR('',#3812,10.);
#1036=VECTOR('',#3813,10.);
#1037=VECTOR('',#3814,10.);
#1038=VECTOR('',#3815,10.);
#1039=VECTOR('',#3816,10.);
#1040=VECTOR('',#3817,10.);
#1041=VECTOR('',#3818,10.);
#1042=VECTOR('',#3819,10.);
#1043=VECTOR('',#3820,10.);
#1044=VECTOR('',#3821,10.);
#1045=VECTOR('',#3822,10.);
#1046=VECTOR('',#3823,10.);
#1047=VECTOR('',#3824,10.);
#1048=VECTOR('',#3825,10.);
#1049=VECTOR('',#3826,10.);
#1050=VECTOR('',#3827,10.);
#1051=VECTOR('',#3828,10.);
#1052=VECTOR('',#3829,10.);
#1053=VECTOR('',#3830,10.);
#1054=VECTOR('',#3831,10.);
#1055=VECTOR('',#3832,10.);
#1056=VECTOR('',#3833,10.);
#1057=VECTOR('',#3834,10.);
#1058=VECTOR('',#3835,10.);
#1059=VECTOR('',#3840,10.);
#1060=VECTOR('',#3841,10.);
#1061=VECTOR('',#3844,10.);
#1062=VECTOR('',#3845,10.);
#1063=VECTOR('',#3848,10.);
#1064=VECTOR('',#3851,10.);
#1065=VECTOR('',#3852,10.);
#1066=VECTOR('',#3853,10.);
#1067=VECTOR('',#3856,10.);
#1068=VECTOR('',#3859,10.);
#1069=VECTOR('',#3860,10.);
#1070=VECTOR('',#3863,10.);
#1071=VECTOR('',#3864,10.);
#1072=VECTOR('',#3865,10.);
#1073=VECTOR('',#3868,10.);
#1074=VECTOR('',#3869,10.);
#1075=VECTOR('',#3870,10.);
#1076=VECTOR('',#3871,10.);
#1077=VECTOR('',#3872,10.);
#1078=VECTOR('',#3873,10.);
#1079=VECTOR('',#3876,10.);
#1080=VECTOR('',#3877,10.);
#1081=VECTOR('',#3878,10.);
#1082=VECTOR('',#3881,10.);
#1083=VECTOR('',#3882,10.);
#1084=VECTOR('',#3885,10.);
#1085=VECTOR('',#3888,10.);
#1086=VECTOR('',#3889,10.);
#1087=VECTOR('',#3892,10.);
#1088=VECTOR('',#3895,10.);
#1089=VECTOR('',#3896,10.);
#1090=VECTOR('',#3901,10.);
#1091=VECTOR('',#3904,10.);
#1092=VECTOR('',#3907,10.);
#1093=VECTOR('',#3914,10.);
#1094=VECTOR('',#3915,10.);
#1095=VECTOR('',#3918,10.);
#1096=VECTOR('',#3919,10.);
#1097=VECTOR('',#3924,10.);
#1098=VECTOR('',#3925,10.);
#1099=VECTOR('',#3928,10.);
#1100=VECTOR('',#3929,10.);
#1101=VECTOR('',#3934,10.);
#1102=VECTOR('',#3935,10.);
#1103=VECTOR('',#3938,10.);
#1104=VECTOR('',#3939,10.);
#1105=VECTOR('',#3944,10.);
#1106=VECTOR('',#3945,10.);
#1107=VECTOR('',#3948,10.);
#1108=VECTOR('',#3949,10.);
#1109=VECTOR('',#3952,10.);
#1110=VECTOR('',#3955,10.);
#1111=VECTOR('',#3958,10.);
#1112=VECTOR('',#3965,10.);
#1113=VECTOR('',#3968,10.);
#1114=VECTOR('',#3969,10.);
#1115=VECTOR('',#3970,10.);
#1116=VECTOR('',#3971,10.);
#1117=VECTOR('',#3972,10.);
#1118=VECTOR('',#3973,10.);
#1119=VECTOR('',#3974,10.);
#1120=VECTOR('',#3975,10.);
#1121=VECTOR('',#3976,10.);
#1122=VECTOR('',#3977,10.);
#1123=VECTOR('',#3978,10.);
#1124=VECTOR('',#3979,10.);
#1125=VECTOR('',#3980,10.);
#1126=VECTOR('',#3981,10.);
#1127=VECTOR('',#3982,10.);
#1128=VECTOR('',#3983,10.);
#1129=VECTOR('',#3984,10.);
#1130=VECTOR('',#3985,10.);
#1131=VECTOR('',#3986,10.);
#1132=VECTOR('',#3987,10.);
#1133=VECTOR('',#3988,10.);
#1134=VECTOR('',#3989,10.);
#1135=VECTOR('',#3990,10.);
#1136=VECTOR('',#3991,10.);
#1137=VECTOR('',#3992,10.);
#1138=VECTOR('',#3993,10.);
#1139=VECTOR('',#3994,10.);
#1140=VECTOR('',#3995,10.);
#1141=VECTOR('',#3996,10.);
#1142=VECTOR('',#3997,10.);
#1143=VECTOR('',#3998,10.);
#1144=VECTOR('',#3999,10.);
#1145=VECTOR('',#4000,10.);
#1146=VECTOR('',#4001,10.);
#1147=VECTOR('',#4002,10.);
#1148=VECTOR('',#4003,10.);
#1149=VECTOR('',#4004,10.);
#1150=VECTOR('',#4005,10.);
#1151=VECTOR('',#4006,10.);
#1152=VECTOR('',#4007,10.);
#1153=VECTOR('',#4008,10.);
#1154=VECTOR('',#4009,10.);
#1155=VECTOR('',#4010,10.);
#1156=VECTOR('',#4011,10.);
#1157=VECTOR('',#4012,10.);
#1158=VECTOR('',#4013,10.);
#1159=VECTOR('',#4014,10.);
#1160=VECTOR('',#4015,10.);
#1161=VECTOR('',#4016,10.);
#1162=VECTOR('',#4017,10.);
#1163=VECTOR('',#4018,10.);
#1164=VECTOR('',#4019,10.);
#1165=VECTOR('',#4020,10.);
#1166=VECTOR('',#4021,10.);
#1167=VECTOR('',#4022,10.);
#1168=VECTOR('',#4023,10.);
#1169=VECTOR('',#4024,10.);
#1170=VECTOR('',#4025,10.);
#1171=VECTOR('',#4026,10.);
#1172=VECTOR('',#4027,10.);
#1173=VECTOR('',#4028,10.);
#1174=VECTOR('',#4029,10.);
#1175=VECTOR('',#4030,10.);
#1176=VECTOR('',#4031,10.);
#1177=VECTOR('',#4032,10.);
#1178=VECTOR('',#4033,10.);
#1179=VECTOR('',#4034,10.);
#1180=VECTOR('',#4035,10.);
#1181=VECTOR('',#4036,10.);
#1182=VECTOR('',#4037,10.);
#1183=VECTOR('',#4038,10.);
#1184=VECTOR('',#4039,10.);
#1185=VECTOR('',#4040,10.);
#1186=VECTOR('',#4041,10.);
#1187=VECTOR('',#4042,10.);
#1188=VECTOR('',#4043,10.);
#1189=VECTOR('',#4044,10.);
#1190=VECTOR('',#4045,10.);
#1191=VECTOR('',#4046,10.);
#1192=VECTOR('',#4047,10.);
#1193=VECTOR('',#4048,10.);
#1194=VECTOR('',#4049,10.);
#1195=VECTOR('',#4050,10.);
#1196=VECTOR('',#4051,10.);
#1197=VECTOR('',#4052,10.);
#1198=VECTOR('',#4053,10.);
#1199=VECTOR('',#4054,10.);
#1200=VECTOR('',#4055,10.);
#1201=VECTOR('',#4056,10.);
#1202=VECTOR('',#4057,10.);
#1203=VECTOR('',#4058,10.);
#1204=VECTOR('',#4059,10.);
#1205=VECTOR('',#4060,10.);
#1206=VECTOR('',#4065,4.25000000000001);
#1207=VECTOR('',#4068,10.);
#1208=VECTOR('',#4071,10.);
#1209=VECTOR('',#4072,10.);
#1210=VECTOR('',#4075,10.);
#1211=VECTOR('',#4080,10.);
#1212=VECTOR('',#4083,10.);
#1213=VECTOR('',#4088,10.);
#1214=VECTOR('',#4091,10.);
#1215=VECTOR('',#4094,10.);
#1216=VECTOR('',#4097,10.);
#1217=VECTOR('',#4102,10.);
#1218=VECTOR('',#4117,10.);
#1219=VECTOR('',#4118,10.);
#1220=VECTOR('',#4121,10.);
#1221=VECTOR('',#4124,10.);
#1222=VECTOR('',#4127,10.);
#1223=VECTOR('',#4130,10.);
#1224=VECTOR('',#4133,10.);
#1225=VECTOR('',#4136,10.);
#1226=VECTOR('',#4139,10.);
#1227=VECTOR('',#4142,10.);
#1228=VECTOR('',#4145,10.);
#1229=VECTOR('',#4148,10.);
#1230=VECTOR('',#4151,10.);
#1231=VECTOR('',#4154,10.);
#1232=VECTOR('',#4157,10.);
#1233=VECTOR('',#4160,10.);
#1234=VECTOR('',#4163,10.);
#1235=VECTOR('',#4166,10.);
#1236=VECTOR('',#4169,10.);
#1237=VECTOR('',#4172,10.);
#1238=VECTOR('',#4175,10.);
#1239=VECTOR('',#4178,10.);
#1240=VECTOR('',#4181,10.);
#1241=VECTOR('',#4186,10.);
#1242=VECTOR('',#4187,10.);
#1243=VECTOR('',#4190,10.);
#1244=VECTOR('',#4193,10.);
#1245=VECTOR('',#4196,10.);
#1246=VECTOR('',#4199,10.);
#1247=VECTOR('',#4202,10.);
#1248=VECTOR('',#4205,10.);
#1249=VECTOR('',#4208,10.);
#1250=VECTOR('',#4211,10.);
#1251=VECTOR('',#4214,10.);
#1252=VECTOR('',#4217,10.);
#1253=VECTOR('',#4220,10.);
#1254=VECTOR('',#4223,10.);
#1255=VECTOR('',#4226,10.);
#1256=VECTOR('',#4229,10.);
#1257=VECTOR('',#4232,10.);
#1258=VECTOR('',#4235,10.);
#1259=VECTOR('',#4238,10.);
#1260=VECTOR('',#4241,10.);
#1261=VECTOR('',#4244,10.);
#1262=VECTOR('',#4247,10.);
#1263=VECTOR('',#4250,10.);
#1264=VECTOR('',#4253,10.);
#1265=VECTOR('',#4256,10.);
#1266=VECTOR('',#4259,10.);
#1267=VECTOR('',#4262,10.);
#1268=VECTOR('',#4265,10.);
#1269=VECTOR('',#4268,10.);
#1270=VECTOR('',#4271,10.);
#1271=VECTOR('',#4274,10.);
#1272=VECTOR('',#4277,10.);
#1273=VECTOR('',#4280,10.);
#1274=VECTOR('',#4283,10.);
#1275=VECTOR('',#4286,10.);
#1276=VECTOR('',#4289,10.);
#1277=VECTOR('',#4292,10.);
#1278=VECTOR('',#4295,10.);
#1279=VECTOR('',#4298,10.);
#1280=VECTOR('',#4301,10.);
#1281=VECTOR('',#4304,10.);
#1282=VECTOR('',#4307,10.);
#1283=VECTOR('',#4310,10.);
#1284=VECTOR('',#4313,10.);
#1285=VECTOR('',#4316,10.);
#1286=VECTOR('',#4319,10.);
#1287=VECTOR('',#4322,10.);
#1288=VECTOR('',#4325,10.);
#1289=VECTOR('',#4328,10.);
#1290=VECTOR('',#4331,10.);
#1291=VECTOR('',#4334,10.);
#1292=VECTOR('',#4337,10.);
#1293=VECTOR('',#4340,10.);
#1294=VECTOR('',#4343,10.);
#1295=VECTOR('',#4346,10.);
#1296=VECTOR('',#4349,10.);
#1297=VECTOR('',#4352,10.);
#1298=VECTOR('',#4355,10.);
#1299=VECTOR('',#4358,10.);
#1300=VECTOR('',#4361,10.);
#1301=VECTOR('',#4364,10.);
#1302=CIRCLE('',#3264,1.99999999999999);
#1303=CIRCLE('',#3265,1.99999999999999);
#1304=CIRCLE('',#3268,2.00000000000003);
#1305=CIRCLE('',#3269,2.00000000000003);
#1306=CIRCLE('',#3272,1.99999999999999);
#1307=CIRCLE('',#3273,1.99999999999999);
#1308=CIRCLE('',#3276,1.99999999999999);
#1309=CIRCLE('',#3277,1.99999999999999);
#1310=CIRCLE('',#3280,1.99999999999999);
#1311=CIRCLE('',#3281,1.99999999999999);
#1312=CIRCLE('',#3284,1.99999999999999);
#1313=CIRCLE('',#3285,1.99999999999999);
#1314=CIRCLE('',#3288,2.10000000000001);
#1315=CIRCLE('',#3289,2.10000000000001);
#1316=CIRCLE('',#3292,2.10000000000001);
#1317=CIRCLE('',#3293,2.10000000000001);
#1318=CIRCLE('',#3296,2.10000000000001);
#1319=CIRCLE('',#3297,2.10000000000001);
#1320=CIRCLE('',#3300,2.10000000000001);
#1321=CIRCLE('',#3301,2.10000000000001);
#1322=CIRCLE('',#3304,2.09999999999999);
#1323=CIRCLE('',#3305,2.09999999999999);
#1324=CIRCLE('',#3308,2.10000000000001);
#1325=CIRCLE('',#3309,2.10000000000001);
#1326=CIRCLE('',#3312,2.99999999999999);
#1327=CIRCLE('',#3313,3.);
#1328=CIRCLE('',#3314,2.);
#1329=CIRCLE('',#3315,5.);
#1330=CIRCLE('',#3324,3.);
#1331=CIRCLE('',#3325,3.00000000000001);
#1332=CIRCLE('',#3326,2.);
#1333=CIRCLE('',#3327,5.);
#1334=CIRCLE('',#3329,3.00000000000001);
#1335=CIRCLE('',#3330,3.00000000000001);
#1336=CIRCLE('',#3331,2.);
#1337=CIRCLE('',#3332,5.);
#1338=CIRCLE('',#3334,3.00000000000001);
#1339=CIRCLE('',#3335,3.00000000000001);
#1340=CIRCLE('',#3336,2.);
#1341=CIRCLE('',#3337,5.);
#1342=CIRCLE('',#3342,2.99999999999999);
#1343=CIRCLE('',#3343,2.99999999999999);
#1344=CIRCLE('',#3344,2.);
#1345=CIRCLE('',#3345,5.);
#1346=CIRCLE('',#3348,5.);
#1347=CIRCLE('',#3356,5.);
#1348=CIRCLE('',#3359,4.25000000000001);
#1349=CIRCLE('',#3361,5.);
#1350=CIRCLE('',#3362,5.);
#1351=CIRCLE('',#3363,5.);
#1352=CIRCLE('',#3364,3.);
#1353=CIRCLE('',#3365,3.);
#1354=CIRCLE('',#3366,3.);
#1355=CIRCLE('',#3367,3.);
#1356=CIRCLE('',#3368,3.);
#1357=CIRCLE('',#3375,3.75);
#1358=CIRCLE('',#3376,3.75);
#1359=CIRCLE('',#3377,3.75);
#1360=CIRCLE('',#3378,3.75);
#1361=CIRCLE('',#3380,3.);
#1362=CIRCLE('',#3383,3.);
#1363=CIRCLE('',#3386,3.);
#1364=CIRCLE('',#3389,3.);
#1365=CIRCLE('',#3391,3.75);
#1366=CIRCLE('',#3392,3.75);
#1367=CIRCLE('',#3393,3.75);
#1368=CIRCLE('',#3394,3.75);
#1369=CIRCLE('',#3396,3.);
#1370=CIRCLE('',#3398,4.25000000000001);
#1371=VERTEX_POINT('',#4369);
#1372=VERTEX_POINT('',#4371);
#1373=VERTEX_POINT('',#4376);
#1374=VERTEX_POINT('',#4378);
#1375=VERTEX_POINT('',#4383);
#1376=VERTEX_POINT('',#4385);
#1377=VERTEX_POINT('',#4390);
#1378=VERTEX_POINT('',#4392);
#1379=VERTEX_POINT('',#4397);
#1380=VERTEX_POINT('',#4399);
#1381=VERTEX_POINT('',#4404);
#1382=VERTEX_POINT('',#4406);
#1383=VERTEX_POINT('',#4411);
#1384=VERTEX_POINT('',#4413);
#1385=VERTEX_POINT('',#4418);
#1386=VERTEX_POINT('',#4420);
#1387=VERTEX_POINT('',#4425);
#1388=VERTEX_POINT('',#4427);
#1389=VERTEX_POINT('',#4432);
#1390=VERTEX_POINT('',#4434);
#1391=VERTEX_POINT('',#4439);
#1392=VERTEX_POINT('',#4441);
#1393=VERTEX_POINT('',#4446);
#1394=VERTEX_POINT('',#4448);
#1395=VERTEX_POINT('',#4453);
#1396=VERTEX_POINT('',#4454);
#1397=VERTEX_POINT('',#4504);
#1398=VERTEX_POINT('',#4506);
#1399=VERTEX_POINT('',#4518);
#1400=VERTEX_POINT('',#4519);
#1401=VERTEX_POINT('',#4524);
#1402=VERTEX_POINT('',#4526);
#1403=VERTEX_POINT('',#4530);
#1404=VERTEX_POINT('',#4532);
#1405=VERTEX_POINT('',#4547);
#1406=VERTEX_POINT('',#4549);
#1407=VERTEX_POINT('',#4564);
#1408=VERTEX_POINT('',#4566);
#1409=VERTEX_POINT('',#4581);
#1410=VERTEX_POINT('',#4583);
#1411=VERTEX_POINT('',#4587);
#1412=VERTEX_POINT('',#4589);
#1413=VERTEX_POINT('',#4601);
#1414=VERTEX_POINT('',#4602);
#1415=VERTEX_POINT('',#4607);
#1416=VERTEX_POINT('',#4608);
#1417=VERTEX_POINT('',#4621);
#1418=VERTEX_POINT('',#4622);
#1419=VERTEX_POINT('',#4627);
#1420=VERTEX_POINT('',#4628);
#1421=VERTEX_POINT('',#4647);
#1422=VERTEX_POINT('',#4648);
#1423=VERTEX_POINT('',#4653);
#1424=VERTEX_POINT('',#4655);
#1425=VERTEX_POINT('',#4659);
#1426=VERTEX_POINT('',#4660);
#1427=VERTEX_POINT('',#4713);
#1428=VERTEX_POINT('',#4715);
#1429=VERTEX_POINT('',#4733);
#1430=VERTEX_POINT('',#4734);
#1431=VERTEX_POINT('',#4742);
#1432=VERTEX_POINT('',#4744);
#1433=VERTEX_POINT('',#4748);
#1434=VERTEX_POINT('',#4752);
#1435=VERTEX_POINT('',#4756);
#1436=VERTEX_POINT('',#4760);
#1437=VERTEX_POINT('',#4764);
#1438=VERTEX_POINT('',#4768);
#1439=VERTEX_POINT('',#4772);
#1440=VERTEX_POINT('',#4776);
#1441=VERTEX_POINT('',#4780);
#1442=VERTEX_POINT('',#4781);
#1443=VERTEX_POINT('',#4783);
#1444=VERTEX_POINT('',#4785);
#1445=VERTEX_POINT('',#4787);
#1446=VERTEX_POINT('',#4789);
#1447=VERTEX_POINT('',#4791);
#1448=VERTEX_POINT('',#4793);
#1449=VERTEX_POINT('',#4795);
#1450=VERTEX_POINT('',#4797);
#1451=VERTEX_POINT('',#4799);
#1452=VERTEX_POINT('',#4801);
#1453=VERTEX_POINT('',#4803);
#1454=VERTEX_POINT('',#4805);
#1455=VERTEX_POINT('',#4807);
#1456=VERTEX_POINT('',#4809);
#1457=VERTEX_POINT('',#4811);
#1458=VERTEX_POINT('',#4813);
#1459=VERTEX_POINT('',#4815);
#1460=VERTEX_POINT('',#4817);
#1461=VERTEX_POINT('',#4819);
#1462=VERTEX_POINT('',#4821);
#1463=VERTEX_POINT('',#4823);
#1464=VERTEX_POINT('',#4826);
#1465=VERTEX_POINT('',#4827);
#1466=VERTEX_POINT('',#4829);
#1467=VERTEX_POINT('',#4831);
#1468=VERTEX_POINT('',#4833);
#1469=VERTEX_POINT('',#4835);
#1470=VERTEX_POINT('',#4837);
#1471=VERTEX_POINT('',#4839);
#1472=VERTEX_POINT('',#4841);
#1473=VERTEX_POINT('',#4843);
#1474=VERTEX_POINT('',#4845);
#1475=VERTEX_POINT('',#4847);
#1476=VERTEX_POINT('',#4849);
#1477=VERTEX_POINT('',#4851);
#1478=VERTEX_POINT('',#4853);
#1479=VERTEX_POINT('',#4855);
#1480=VERTEX_POINT('',#4857);
#1481=VERTEX_POINT('',#4859);
#1482=VERTEX_POINT('',#4861);
#1483=VERTEX_POINT('',#4863);
#1484=VERTEX_POINT('',#4865);
#1485=VERTEX_POINT('',#4867);
#1486=VERTEX_POINT('',#4869);
#1487=VERTEX_POINT('',#4871);
#1488=VERTEX_POINT('',#4873);
#1489=VERTEX_POINT('',#4875);
#1490=VERTEX_POINT('',#4877);
#1491=VERTEX_POINT('',#4879);
#1492=VERTEX_POINT('',#4881);
#1493=VERTEX_POINT('',#4883);
#1494=VERTEX_POINT('',#4885);
#1495=VERTEX_POINT('',#4887);
#1496=VERTEX_POINT('',#4889);
#1497=VERTEX_POINT('',#4891);
#1498=VERTEX_POINT('',#4893);
#1499=VERTEX_POINT('',#4895);
#1500=VERTEX_POINT('',#4897);
#1501=VERTEX_POINT('',#4899);
#1502=VERTEX_POINT('',#4901);
#1503=VERTEX_POINT('',#4903);
#1504=VERTEX_POINT('',#4905);
#1505=VERTEX_POINT('',#4907);
#1506=VERTEX_POINT('',#4909);
#1507=VERTEX_POINT('',#4911);
#1508=VERTEX_POINT('',#4913);
#1509=VERTEX_POINT('',#4915);
#1510=VERTEX_POINT('',#4917);
#1511=VERTEX_POINT('',#4919);
#1512=VERTEX_POINT('',#4921);
#1513=VERTEX_POINT('',#4923);
#1514=VERTEX_POINT('',#4925);
#1515=VERTEX_POINT('',#4927);
#1516=VERTEX_POINT('',#4929);
#1517=VERTEX_POINT('',#4931);
#1518=VERTEX_POINT('',#4933);
#1519=VERTEX_POINT('',#4935);
#1520=VERTEX_POINT('',#4937);
#1521=VERTEX_POINT('',#4939);
#1522=VERTEX_POINT('',#4941);
#1523=VERTEX_POINT('',#4943);
#1524=VERTEX_POINT('',#4945);
#1525=VERTEX_POINT('',#4948);
#1526=VERTEX_POINT('',#4951);
#1527=VERTEX_POINT('',#4953);
#1528=VERTEX_POINT('',#4955);
#1529=VERTEX_POINT('',#4957);
#1530=VERTEX_POINT('',#4959);
#1531=VERTEX_POINT('',#4961);
#1532=VERTEX_POINT('',#4963);
#1533=VERTEX_POINT('',#4965);
#1534=VERTEX_POINT('',#4967);
#1535=VERTEX_POINT('',#4969);
#1536=VERTEX_POINT('',#4971);
#1537=VERTEX_POINT('',#4973);
#1538=VERTEX_POINT('',#4975);
#1539=VERTEX_POINT('',#4977);
#1540=VERTEX_POINT('',#4979);
#1541=VERTEX_POINT('',#4981);
#1542=VERTEX_POINT('',#4983);
#1543=VERTEX_POINT('',#4985);
#1544=VERTEX_POINT('',#4987);
#1545=VERTEX_POINT('',#4989);
#1546=VERTEX_POINT('',#4991);
#1547=VERTEX_POINT('',#4993);
#1548=VERTEX_POINT('',#4995);
#1549=VERTEX_POINT('',#4997);
#1550=VERTEX_POINT('',#4999);
#1551=VERTEX_POINT('',#5001);
#1552=VERTEX_POINT('',#5003);
#1553=VERTEX_POINT('',#5005);
#1554=VERTEX_POINT('',#5007);
#1555=VERTEX_POINT('',#5009);
#1556=VERTEX_POINT('',#5026);
#1557=VERTEX_POINT('',#5028);
#1558=VERTEX_POINT('',#5030);
#1559=VERTEX_POINT('',#5032);
#1560=VERTEX_POINT('',#5034);
#1561=VERTEX_POINT('',#5036);
#1562=VERTEX_POINT('',#5040);
#1563=VERTEX_POINT('',#5041);
#1564=VERTEX_POINT('',#5046);
#1565=VERTEX_POINT('',#5050);
#1566=VERTEX_POINT('',#5051);
#1567=VERTEX_POINT('',#5056);
#1568=VERTEX_POINT('',#5060);
#1569=VERTEX_POINT('',#5061);
#1570=VERTEX_POINT('',#5066);
#1571=VERTEX_POINT('',#5070);
#1572=VERTEX_POINT('',#5071);
#1573=VERTEX_POINT('',#5076);
#1574=VERTEX_POINT('',#5079);
#1575=VERTEX_POINT('',#5081);
#1576=VERTEX_POINT('',#5083);
#1577=VERTEX_POINT('',#5085);
#1578=VERTEX_POINT('',#5087);
#1579=VERTEX_POINT('',#5089);
#1580=VERTEX_POINT('',#5093);
#1581=VERTEX_POINT('',#5098);
#1582=VERTEX_POINT('',#5100);
#1583=VERTEX_POINT('',#5102);
#1584=VERTEX_POINT('',#5104);
#1585=VERTEX_POINT('',#5107);
#1586=VERTEX_POINT('',#5111);
#1587=VERTEX_POINT('',#5112);
#1588=VERTEX_POINT('',#5114);
#1589=VERTEX_POINT('',#5116);
#1590=VERTEX_POINT('',#5118);
#1591=VERTEX_POINT('',#5120);
#1592=VERTEX_POINT('',#5122);
#1593=VERTEX_POINT('',#5124);
#1594=VERTEX_POINT('',#5126);
#1595=VERTEX_POINT('',#5128);
#1596=VERTEX_POINT('',#5130);
#1597=VERTEX_POINT('',#5132);
#1598=VERTEX_POINT('',#5134);
#1599=VERTEX_POINT('',#5136);
#1600=VERTEX_POINT('',#5138);
#1601=VERTEX_POINT('',#5140);
#1602=VERTEX_POINT('',#5142);
#1603=VERTEX_POINT('',#5144);
#1604=VERTEX_POINT('',#5146);
#1605=VERTEX_POINT('',#5148);
#1606=VERTEX_POINT('',#5150);
#1607=VERTEX_POINT('',#5152);
#1608=VERTEX_POINT('',#5154);
#1609=VERTEX_POINT('',#5157);
#1610=VERTEX_POINT('',#5158);
#1611=VERTEX_POINT('',#5160);
#1612=VERTEX_POINT('',#5162);
#1613=VERTEX_POINT('',#5164);
#1614=VERTEX_POINT('',#5166);
#1615=VERTEX_POINT('',#5168);
#1616=VERTEX_POINT('',#5170);
#1617=VERTEX_POINT('',#5172);
#1618=VERTEX_POINT('',#5174);
#1619=VERTEX_POINT('',#5176);
#1620=VERTEX_POINT('',#5178);
#1621=VERTEX_POINT('',#5180);
#1622=VERTEX_POINT('',#5182);
#1623=VERTEX_POINT('',#5184);
#1624=VERTEX_POINT('',#5186);
#1625=VERTEX_POINT('',#5188);
#1626=VERTEX_POINT('',#5190);
#1627=VERTEX_POINT('',#5192);
#1628=VERTEX_POINT('',#5194);
#1629=VERTEX_POINT('',#5196);
#1630=VERTEX_POINT('',#5198);
#1631=VERTEX_POINT('',#5200);
#1632=VERTEX_POINT('',#5202);
#1633=VERTEX_POINT('',#5204);
#1634=VERTEX_POINT('',#5206);
#1635=VERTEX_POINT('',#5208);
#1636=VERTEX_POINT('',#5210);
#1637=VERTEX_POINT('',#5212);
#1638=VERTEX_POINT('',#5214);
#1639=VERTEX_POINT('',#5216);
#1640=VERTEX_POINT('',#5218);
#1641=VERTEX_POINT('',#5220);
#1642=VERTEX_POINT('',#5222);
#1643=VERTEX_POINT('',#5224);
#1644=VERTEX_POINT('',#5226);
#1645=VERTEX_POINT('',#5228);
#1646=VERTEX_POINT('',#5230);
#1647=VERTEX_POINT('',#5232);
#1648=VERTEX_POINT('',#5234);
#1649=VERTEX_POINT('',#5236);
#1650=VERTEX_POINT('',#5238);
#1651=VERTEX_POINT('',#5240);
#1652=VERTEX_POINT('',#5242);
#1653=VERTEX_POINT('',#5244);
#1654=VERTEX_POINT('',#5246);
#1655=VERTEX_POINT('',#5248);
#1656=VERTEX_POINT('',#5250);
#1657=VERTEX_POINT('',#5252);
#1658=VERTEX_POINT('',#5254);
#1659=VERTEX_POINT('',#5256);
#1660=VERTEX_POINT('',#5258);
#1661=VERTEX_POINT('',#5260);
#1662=VERTEX_POINT('',#5262);
#1663=VERTEX_POINT('',#5264);
#1664=VERTEX_POINT('',#5266);
#1665=VERTEX_POINT('',#5268);
#1666=VERTEX_POINT('',#5270);
#1667=VERTEX_POINT('',#5272);
#1668=VERTEX_POINT('',#5274);
#1669=VERTEX_POINT('',#5276);
#1670=VERTEX_POINT('',#5279);
#1671=EDGE_CURVE('',#1371,#1371,#1302,.T.);
#1672=EDGE_CURVE('',#1371,#1372,#538,.T.);
#1673=EDGE_CURVE('',#1372,#1372,#1303,.T.);
#1674=EDGE_CURVE('',#1373,#1373,#1304,.T.);
#1675=EDGE_CURVE('',#1373,#1374,#539,.T.);
#1676=EDGE_CURVE('',#1374,#1374,#1305,.T.);
#1677=EDGE_CURVE('',#1375,#1375,#1306,.T.);
#1678=EDGE_CURVE('',#1375,#1376,#540,.T.);
#1679=EDGE_CURVE('',#1376,#1376,#1307,.T.);
#1680=EDGE_CURVE('',#1377,#1377,#1308,.T.);
#1681=EDGE_CURVE('',#1377,#1378,#541,.T.);
#1682=EDGE_CURVE('',#1378,#1378,#1309,.T.);
#1683=EDGE_CURVE('',#1379,#1379,#1310,.T.);
#1684=EDGE_CURVE('',#1379,#1380,#542,.T.);
#1685=EDGE_CURVE('',#1380,#1380,#1311,.T.);
#1686=EDGE_CURVE('',#1381,#1381,#1312,.T.);
#1687=EDGE_CURVE('',#1381,#1382,#543,.T.);
#1688=EDGE_CURVE('',#1382,#1382,#1313,.T.);
#1689=EDGE_CURVE('',#1383,#1383,#1314,.T.);
#1690=EDGE_CURVE('',#1383,#1384,#544,.T.);
#1691=EDGE_CURVE('',#1384,#1384,#1315,.T.);
#1692=EDGE_CURVE('',#1385,#1385,#1316,.T.);
#1693=EDGE_CURVE('',#1385,#1386,#545,.T.);
#1694=EDGE_CURVE('',#1386,#1386,#1317,.T.);
#1695=EDGE_CURVE('',#1387,#1387,#1318,.T.);
#1696=EDGE_CURVE('',#1387,#1388,#546,.T.);
#1697=EDGE_CURVE('',#1388,#1388,#1319,.T.);
#1698=EDGE_CURVE('',#1389,#1389,#1320,.T.);
#1699=EDGE_CURVE('',#1389,#1390,#547,.T.);
#1700=EDGE_CURVE('',#1390,#1390,#1321,.T.);
#1701=EDGE_CURVE('',#1391,#1391,#1322,.T.);
#1702=EDGE_CURVE('',#1391,#1392,#548,.T.);
#1703=EDGE_CURVE('',#1392,#1392,#1323,.T.);
#1704=EDGE_CURVE('',#1393,#1393,#1324,.T.);
#1705=EDGE_CURVE('',#1393,#1394,#549,.T.);
#1706=EDGE_CURVE('',#1394,#1394,#1325,.T.);
#1707=EDGE_CURVE('',#1395,#1396,#41,.T.);
#1708=EDGE_CURVE('',#1396,#1397,#550,.T.);
#1709=EDGE_CURVE('',#1397,#1398,#1326,.T.);
#1710=EDGE_CURVE('',#1398,#1395,#551,.T.);
#1711=EDGE_CURVE('',#1399,#1400,#1327,.T.);
#1712=EDGE_CURVE('',#1400,#1398,#1328,.T.);
#1713=EDGE_CURVE('',#1397,#1399,#1329,.T.);
#1714=EDGE_CURVE('',#1401,#1400,#552,.T.);
#1715=EDGE_CURVE('',#1399,#1402,#553,.T.);
#1716=EDGE_CURVE('',#1402,#1401,#33,.T.);
#1717=EDGE_CURVE('',#1402,#1403,#554,.T.);
#1718=EDGE_CURVE('',#1403,#1404,#42,.T.);
#1719=EDGE_CURVE('',#1404,#1401,#555,.T.);
#1720=EDGE_CURVE('',#1405,#1404,#556,.T.);
#1721=EDGE_CURVE('',#1403,#1406,#557,.T.);
#1722=EDGE_CURVE('',#1406,#1405,#43,.T.);
#1723=EDGE_CURVE('',#1407,#1405,#558,.T.);
#1724=EDGE_CURVE('',#1406,#1408,#559,.T.);
#1725=EDGE_CURVE('',#1408,#1407,#44,.T.);
#1726=EDGE_CURVE('',#1409,#1407,#560,.T.);
#1727=EDGE_CURVE('',#1408,#1410,#561,.T.);
#1728=EDGE_CURVE('',#1410,#1409,#34,.T.);
#1729=EDGE_CURVE('',#1410,#1411,#562,.T.);
#1730=EDGE_CURVE('',#1411,#1412,#1330,.T.);
#1731=EDGE_CURVE('',#1412,#1409,#563,.T.);
#1732=EDGE_CURVE('',#1413,#1414,#1331,.T.);
#1733=EDGE_CURVE('',#1414,#1412,#1332,.T.);
#1734=EDGE_CURVE('',#1411,#1413,#1333,.T.);
#1735=EDGE_CURVE('',#1415,#1416,#1334,.T.);
#1736=EDGE_CURVE('',#1416,#1414,#564,.T.);
#1737=EDGE_CURVE('',#1413,#1415,#565,.T.);
#1738=EDGE_CURVE('',#1417,#1418,#1335,.T.);
#1739=EDGE_CURVE('',#1418,#1416,#1336,.T.);
#1740=EDGE_CURVE('',#1415,#1417,#1337,.T.);
#1741=EDGE_CURVE('',#1419,#1420,#1338,.T.);
#1742=EDGE_CURVE('',#1420,#1418,#566,.T.);
#1743=EDGE_CURVE('',#1417,#1419,#567,.T.);
#1744=EDGE_CURVE('',#1421,#1422,#1339,.T.);
#1745=EDGE_CURVE('',#1422,#1420,#1340,.T.);
#1746=EDGE_CURVE('',#1419,#1421,#1341,.T.);
#1747=EDGE_CURVE('',#1423,#1422,#568,.T.);
#1748=EDGE_CURVE('',#1421,#1424,#569,.T.);
#1749=EDGE_CURVE('',#1424,#1423,#35,.T.);
#1750=EDGE_CURVE('',#1425,#1426,#45,.T.);
#1751=EDGE_CURVE('',#1426,#1396,#570,.T.);
#1752=EDGE_CURVE('',#1395,#1425,#571,.T.);
#1753=EDGE_CURVE('',#1424,#1427,#572,.T.);
#1754=EDGE_CURVE('',#1427,#1428,#1342,.T.);
#1755=EDGE_CURVE('',#1428,#1423,#573,.T.);
#1756=EDGE_CURVE('',#1429,#1430,#1343,.T.);
#1757=EDGE_CURVE('',#1430,#1428,#1344,.T.);
#1758=EDGE_CURVE('',#1427,#1429,#1345,.T.);
#1759=EDGE_CURVE('',#1425,#1430,#574,.T.);
#1760=EDGE_CURVE('',#1429,#1426,#575,.T.);
#1761=EDGE_CURVE('',#1411,#1431,#576,.T.);
#1762=EDGE_CURVE('',#1431,#1432,#1346,.T.);
#1763=EDGE_CURVE('',#1432,#1413,#577,.T.);
#1764=EDGE_CURVE('',#1410,#1433,#578,.T.);
#1765=EDGE_CURVE('',#1431,#1433,#579,.T.);
#1766=EDGE_CURVE('',#1408,#1434,#580,.T.);
#1767=EDGE_CURVE('',#1433,#1434,#581,.T.);
#1768=EDGE_CURVE('',#1406,#1435,#582,.T.);
#1769=EDGE_CURVE('',#1434,#1435,#583,.T.);
#1770=EDGE_CURVE('',#1403,#1436,#584,.T.);
#1771=EDGE_CURVE('',#1435,#1436,#585,.T.);
#1772=EDGE_CURVE('',#1402,#1437,#586,.T.);
#1773=EDGE_CURVE('',#1436,#1437,#587,.T.);
#1774=EDGE_CURVE('',#1438,#1399,#588,.T.);
#1775=EDGE_CURVE('',#1437,#1438,#589,.T.);
#1776=EDGE_CURVE('',#1397,#1439,#590,.T.);
#1777=EDGE_CURVE('',#1439,#1438,#1347,.T.);
#1778=EDGE_CURVE('',#1396,#1440,#591,.T.);
#1779=EDGE_CURVE('',#1439,#1440,#592,.T.);
#1780=EDGE_CURVE('',#1441,#1442,#593,.T.);
#1781=EDGE_CURVE('',#1442,#1443,#594,.T.);
#1782=EDGE_CURVE('',#1443,#1444,#595,.T.);
#1783=EDGE_CURVE('',#1444,#1445,#596,.T.);
#1784=EDGE_CURVE('',#1445,#1446,#597,.T.);
#1785=EDGE_CURVE('',#1446,#1447,#598,.T.);
#1786=EDGE_CURVE('',#1447,#1448,#599,.T.);
#1787=EDGE_CURVE('',#1448,#1449,#600,.T.);
#1788=EDGE_CURVE('',#1449,#1450,#601,.T.);
#1789=EDGE_CURVE('',#1450,#1451,#602,.T.);
#1790=EDGE_CURVE('',#1451,#1452,#603,.T.);
#1791=EDGE_CURVE('',#1452,#1453,#604,.T.);
#1792=EDGE_CURVE('',#1453,#1454,#605,.T.);
#1793=EDGE_CURVE('',#1454,#1455,#606,.T.);
#1794=EDGE_CURVE('',#1455,#1456,#607,.T.);
#1795=EDGE_CURVE('',#1456,#1457,#608,.T.);
#1796=EDGE_CURVE('',#1457,#1458,#609,.T.);
#1797=EDGE_CURVE('',#1458,#1459,#610,.T.);
#1798=EDGE_CURVE('',#1459,#1460,#611,.T.);
#1799=EDGE_CURVE('',#1460,#1461,#612,.T.);
#1800=EDGE_CURVE('',#1461,#1462,#613,.T.);
#1801=EDGE_CURVE('',#1462,#1463,#614,.T.);
#1802=EDGE_CURVE('',#1463,#1441,#615,.T.);
#1803=EDGE_CURVE('',#1464,#1465,#616,.T.);
#1804=EDGE_CURVE('',#1465,#1466,#617,.T.);
#1805=EDGE_CURVE('',#1466,#1467,#618,.T.);
#1806=EDGE_CURVE('',#1467,#1468,#619,.T.);
#1807=EDGE_CURVE('',#1468,#1469,#620,.T.);
#1808=EDGE_CURVE('',#1469,#1470,#621,.T.);
#1809=EDGE_CURVE('',#1470,#1471,#622,.T.);
#1810=EDGE_CURVE('',#1471,#1472,#623,.T.);
#1811=EDGE_CURVE('',#1472,#1473,#624,.T.);
#1812=EDGE_CURVE('',#1473,#1474,#625,.T.);
#1813=EDGE_CURVE('',#1474,#1475,#626,.T.);
#1814=EDGE_CURVE('',#1475,#1476,#627,.T.);
#1815=EDGE_CURVE('',#1476,#1477,#628,.T.);
#1816=EDGE_CURVE('',#1477,#1478,#629,.T.);
#1817=EDGE_CURVE('',#1478,#1479,#630,.T.);
#1818=EDGE_CURVE('',#1479,#1480,#631,.T.);
#1819=EDGE_CURVE('',#1480,#1481,#632,.T.);
#1820=EDGE_CURVE('',#1481,#1482,#633,.T.);
#1821=EDGE_CURVE('',#1482,#1483,#634,.T.);
#1822=EDGE_CURVE('',#1483,#1484,#635,.T.);
#1823=EDGE_CURVE('',#1484,#1485,#636,.T.);
#1824=EDGE_CURVE('',#1485,#1486,#637,.T.);
#1825=EDGE_CURVE('',#1486,#1487,#638,.T.);
#1826=EDGE_CURVE('',#1487,#1488,#639,.T.);
#1827=EDGE_CURVE('',#1488,#1489,#640,.T.);
#1828=EDGE_CURVE('',#1489,#1490,#641,.T.);
#1829=EDGE_CURVE('',#1490,#1491,#642,.T.);
#1830=EDGE_CURVE('',#1491,#1492,#643,.T.);
#1831=EDGE_CURVE('',#1492,#1493,#644,.T.);
#1832=EDGE_CURVE('',#1493,#1494,#645,.T.);
#1833=EDGE_CURVE('',#1494,#1495,#646,.T.);
#1834=EDGE_CURVE('',#1495,#1496,#647,.T.);
#1835=EDGE_CURVE('',#1496,#1497,#648,.T.);
#1836=EDGE_CURVE('',#1497,#1498,#649,.T.);
#1837=EDGE_CURVE('',#1498,#1499,#650,.T.);
#1838=EDGE_CURVE('',#1499,#1500,#651,.T.);
#1839=EDGE_CURVE('',#1500,#1501,#652,.T.);
#1840=EDGE_CURVE('',#1501,#1502,#653,.T.);
#1841=EDGE_CURVE('',#1502,#1503,#654,.T.);
#1842=EDGE_CURVE('',#1503,#1504,#655,.T.);
#1843=EDGE_CURVE('',#1504,#1505,#656,.T.);
#1844=EDGE_CURVE('',#1505,#1506,#657,.T.);
#1845=EDGE_CURVE('',#1506,#1507,#658,.T.);
#1846=EDGE_CURVE('',#1507,#1508,#659,.T.);
#1847=EDGE_CURVE('',#1508,#1509,#660,.T.);
#1848=EDGE_CURVE('',#1509,#1510,#661,.T.);
#1849=EDGE_CURVE('',#1510,#1511,#662,.T.);
#1850=EDGE_CURVE('',#1511,#1512,#663,.T.);
#1851=EDGE_CURVE('',#1512,#1513,#664,.T.);
#1852=EDGE_CURVE('',#1513,#1514,#665,.T.);
#1853=EDGE_CURVE('',#1514,#1515,#666,.T.);
#1854=EDGE_CURVE('',#1515,#1516,#667,.T.);
#1855=EDGE_CURVE('',#1516,#1517,#668,.T.);
#1856=EDGE_CURVE('',#1517,#1518,#669,.T.);
#1857=EDGE_CURVE('',#1518,#1519,#670,.T.);
#1858=EDGE_CURVE('',#1519,#1520,#671,.T.);
#1859=EDGE_CURVE('',#1520,#1521,#672,.T.);
#1860=EDGE_CURVE('',#1521,#1522,#673,.T.);
#1861=EDGE_CURVE('',#1522,#1523,#674,.T.);
#1862=EDGE_CURVE('',#1523,#1524,#675,.T.);
#1863=EDGE_CURVE('',#1524,#1464,#676,.T.);
#1864=EDGE_CURVE('',#1525,#1525,#1348,.T.);
#1865=EDGE_CURVE('',#1440,#1526,#677,.T.);
#1866=EDGE_CURVE('',#1526,#1527,#678,.T.);
#1867=EDGE_CURVE('',#1528,#1527,#1349,.T.);
#1868=EDGE_CURVE('',#1528,#1529,#679,.T.);
#1869=EDGE_CURVE('',#1529,#1530,#680,.T.);
#1870=EDGE_CURVE('',#1531,#1530,#1350,.T.);
#1871=EDGE_CURVE('',#1531,#1532,#681,.T.);
#1872=EDGE_CURVE('',#1533,#1532,#1351,.T.);
#1873=EDGE_CURVE('',#1533,#1534,#682,.T.);
#1874=EDGE_CURVE('',#1534,#1535,#683,.T.);
#1875=EDGE_CURVE('',#1535,#1536,#684,.T.);
#1876=EDGE_CURVE('',#1537,#1536,#1352,.T.);
#1877=EDGE_CURVE('',#1537,#1538,#685,.T.);
#1878=EDGE_CURVE('',#1539,#1538,#1353,.T.);
#1879=EDGE_CURVE('',#1539,#1540,#686,.T.);
#1880=EDGE_CURVE('',#1540,#1541,#687,.T.);
#1881=EDGE_CURVE('',#1542,#1541,#1354,.T.);
#1882=EDGE_CURVE('',#1542,#1543,#688,.T.);
#1883=EDGE_CURVE('',#1543,#1544,#689,.T.);
#1884=EDGE_CURVE('',#1544,#1545,#690,.T.);
#1885=EDGE_CURVE('',#1546,#1545,#1355,.T.);
#1886=EDGE_CURVE('',#1546,#1547,#691,.T.);
#1887=EDGE_CURVE('',#1547,#1548,#692,.T.);
#1888=EDGE_CURVE('',#1548,#1549,#693,.T.);
#1889=EDGE_CURVE('',#1549,#1550,#694,.T.);
#1890=EDGE_CURVE('',#1550,#1551,#695,.T.);
#1891=EDGE_CURVE('',#1551,#1552,#696,.T.);
#1892=EDGE_CURVE('',#1553,#1552,#1356,.T.);
#1893=EDGE_CURVE('',#1553,#1554,#697,.T.);
#1894=EDGE_CURVE('',#1554,#1555,#698,.T.);
#1895=EDGE_CURVE('',#1555,#1432,#699,.T.);
#1896=EDGE_CURVE('',#1427,#1528,#700,.T.);
#1897=EDGE_CURVE('',#1527,#1429,#701,.T.);
#1898=EDGE_CURVE('',#1426,#1526,#702,.T.);
#1899=EDGE_CURVE('',#1419,#1531,#703,.T.);
#1900=EDGE_CURVE('',#1530,#1421,#704,.T.);
#1901=EDGE_CURVE('',#1424,#1529,#705,.T.);
#1902=EDGE_CURVE('',#1415,#1533,#706,.T.);
#1903=EDGE_CURVE('',#1532,#1417,#707,.T.);
#1904=EDGE_CURVE('',#1555,#1556,#1357,.T.);
#1905=EDGE_CURVE('',#1556,#1557,#708,.T.);
#1906=EDGE_CURVE('',#1557,#1558,#1358,.T.);
#1907=EDGE_CURVE('',#1558,#1559,#709,.T.);
#1908=EDGE_CURVE('',#1559,#1560,#1359,.T.);
#1909=EDGE_CURVE('',#1560,#1561,#710,.T.);
#1910=EDGE_CURVE('',#1561,#1534,#1360,.T.);
#1911=EDGE_CURVE('',#1562,#1563,#1361,.T.);
#1912=EDGE_CURVE('',#1562,#1539,#711,.T.);
#1913=EDGE_CURVE('',#1538,#1563,#712,.T.);
#1914=EDGE_CURVE('',#1564,#1562,#713,.T.);
#1915=EDGE_CURVE('',#1564,#1540,#714,.T.);
#1916=EDGE_CURVE('',#1565,#1566,#1362,.T.);
#1917=EDGE_CURVE('',#1565,#1542,#715,.T.);
#1918=EDGE_CURVE('',#1541,#1566,#716,.T.);
#1919=EDGE_CURVE('',#1567,#1565,#717,.T.);
#1920=EDGE_CURVE('',#1567,#1543,#718,.T.);
#1921=EDGE_CURVE('',#1568,#1569,#1363,.T.);
#1922=EDGE_CURVE('',#1568,#1546,#719,.T.);
#1923=EDGE_CURVE('',#1545,#1569,#720,.T.);
#1924=EDGE_CURVE('',#1570,#1568,#721,.T.);
#1925=EDGE_CURVE('',#1570,#1547,#722,.T.);
#1926=EDGE_CURVE('',#1571,#1572,#1364,.T.);
#1927=EDGE_CURVE('',#1571,#1553,#723,.T.);
#1928=EDGE_CURVE('',#1552,#1572,#724,.T.);
#1929=EDGE_CURVE('',#1573,#1571,#725,.T.);
#1930=EDGE_CURVE('',#1536,#1573,#726,.T.);
#1931=EDGE_CURVE('',#1535,#1574,#1365,.T.);
#1932=EDGE_CURVE('',#1574,#1575,#727,.T.);
#1933=EDGE_CURVE('',#1575,#1576,#1366,.T.);
#1934=EDGE_CURVE('',#1576,#1577,#728,.T.);
#1935=EDGE_CURVE('',#1577,#1578,#1367,.T.);
#1936=EDGE_CURVE('',#1578,#1579,#729,.T.);
#1937=EDGE_CURVE('',#1579,#1554,#1368,.T.);
#1938=EDGE_CURVE('',#1580,#1573,#1369,.T.);
#1939=EDGE_CURVE('',#1580,#1537,#730,.T.);
#1940=EDGE_CURVE('',#1563,#1580,#731,.T.);
#1941=EDGE_CURVE('',#1572,#1581,#732,.T.);
#1942=EDGE_CURVE('',#1581,#1582,#733,.T.);
#1943=EDGE_CURVE('',#1582,#1583,#734,.T.);
#1944=EDGE_CURVE('',#1583,#1584,#735,.T.);
#1945=EDGE_CURVE('',#1584,#1570,#736,.T.);
#1946=EDGE_CURVE('',#1569,#1585,#737,.T.);
#1947=EDGE_CURVE('',#1585,#1567,#738,.T.);
#1948=EDGE_CURVE('',#1566,#1564,#739,.T.);
#1949=EDGE_CURVE('',#1586,#1587,#740,.T.);
#1950=EDGE_CURVE('',#1587,#1588,#741,.T.);
#1951=EDGE_CURVE('',#1588,#1589,#742,.T.);
#1952=EDGE_CURVE('',#1589,#1590,#743,.T.);
#1953=EDGE_CURVE('',#1590,#1591,#744,.T.);
#1954=EDGE_CURVE('',#1591,#1592,#745,.T.);
#1955=EDGE_CURVE('',#1592,#1593,#746,.T.);
#1956=EDGE_CURVE('',#1593,#1594,#747,.T.);
#1957=EDGE_CURVE('',#1594,#1595,#748,.T.);
#1958=EDGE_CURVE('',#1595,#1596,#749,.T.);
#1959=EDGE_CURVE('',#1596,#1597,#750,.T.);
#1960=EDGE_CURVE('',#1597,#1598,#751,.T.);
#1961=EDGE_CURVE('',#1598,#1599,#752,.T.);
#1962=EDGE_CURVE('',#1599,#1600,#753,.T.);
#1963=EDGE_CURVE('',#1600,#1601,#754,.T.);
#1964=EDGE_CURVE('',#1601,#1602,#755,.T.);
#1965=EDGE_CURVE('',#1602,#1603,#756,.T.);
#1966=EDGE_CURVE('',#1603,#1604,#757,.T.);
#1967=EDGE_CURVE('',#1604,#1605,#758,.T.);
#1968=EDGE_CURVE('',#1605,#1606,#759,.T.);
#1969=EDGE_CURVE('',#1606,#1607,#760,.T.);
#1970=EDGE_CURVE('',#1607,#1608,#761,.T.);
#1971=EDGE_CURVE('',#1608,#1586,#762,.T.);
#1972=EDGE_CURVE('',#1609,#1610,#763,.T.);
#1973=EDGE_CURVE('',#1610,#1611,#764,.T.);
#1974=EDGE_CURVE('',#1611,#1612,#765,.T.);
#1975=EDGE_CURVE('',#1612,#1613,#766,.T.);
#1976=EDGE_CURVE('',#1613,#1614,#767,.T.);
#1977=EDGE_CURVE('',#1614,#1615,#768,.T.);
#1978=EDGE_CURVE('',#1615,#1616,#769,.T.);
#1979=EDGE_CURVE('',#1616,#1617,#770,.T.);
#1980=EDGE_CURVE('',#1617,#1618,#771,.T.);
#1981=EDGE_CURVE('',#1618,#1619,#772,.T.);
#1982=EDGE_CURVE('',#1619,#1620,#773,.T.);
#1983=EDGE_CURVE('',#1620,#1621,#774,.T.);
#1984=EDGE_CURVE('',#1621,#1622,#775,.T.);
#1985=EDGE_CURVE('',#1622,#1623,#776,.T.);
#1986=EDGE_CURVE('',#1623,#1624,#777,.T.);
#1987=EDGE_CURVE('',#1624,#1625,#778,.T.);
#1988=EDGE_CURVE('',#1625,#1626,#779,.T.);
#1989=EDGE_CURVE('',#1626,#1627,#780,.T.);
#1990=EDGE_CURVE('',#1627,#1628,#781,.T.);
#1991=EDGE_CURVE('',#1628,#1629,#782,.T.);
#1992=EDGE_CURVE('',#1629,#1630,#783,.T.);
#1993=EDGE_CURVE('',#1630,#1631,#784,.T.);
#1994=EDGE_CURVE('',#1631,#1632,#785,.T.);
#1995=EDGE_CURVE('',#1632,#1633,#786,.T.);
#1996=EDGE_CURVE('',#1633,#1634,#787,.T.);
#1997=EDGE_CURVE('',#1634,#1635,#788,.T.);
#1998=EDGE_CURVE('',#1635,#1636,#789,.T.);
#1999=EDGE_CURVE('',#1636,#1637,#790,.T.);
#2000=EDGE_CURVE('',#1637,#1638,#791,.T.);
#2001=EDGE_CURVE('',#1638,#1639,#792,.T.);
#2002=EDGE_CURVE('',#1639,#1640,#793,.T.);
#2003=EDGE_CURVE('',#1640,#1641,#794,.T.);
#2004=EDGE_CURVE('',#1641,#1642,#795,.T.);
#2005=EDGE_CURVE('',#1642,#1643,#796,.T.);
#2006=EDGE_CURVE('',#1643,#1644,#797,.T.);
#2007=EDGE_CURVE('',#1644,#1645,#798,.T.);
#2008=EDGE_CURVE('',#1645,#1646,#799,.T.);
#2009=EDGE_CURVE('',#1646,#1647,#800,.T.);
#2010=EDGE_CURVE('',#1647,#1648,#801,.T.);
#2011=EDGE_CURVE('',#1648,#1649,#802,.T.);
#2012=EDGE_CURVE('',#1649,#1650,#803,.T.);
#2013=EDGE_CURVE('',#1650,#1651,#804,.T.);
#2014=EDGE_CURVE('',#1651,#1652,#805,.T.);
#2015=EDGE_CURVE('',#1652,#1653,#806,.T.);
#2016=EDGE_CURVE('',#1653,#1654,#807,.T.);
#2017=EDGE_CURVE('',#1654,#1655,#808,.T.);
#2018=EDGE_CURVE('',#1655,#1656,#809,.T.);
#2019=EDGE_CURVE('',#1656,#1657,#810,.T.);
#2020=EDGE_CURVE('',#1657,#1658,#811,.T.);
#2021=EDGE_CURVE('',#1658,#1659,#812,.T.);
#2022=EDGE_CURVE('',#1659,#1660,#813,.T.);
#2023=EDGE_CURVE('',#1660,#1661,#814,.T.);
#2024=EDGE_CURVE('',#1661,#1662,#815,.T.);
#2025=EDGE_CURVE('',#1662,#1663,#816,.T.);
#2026=EDGE_CURVE('',#1663,#1664,#817,.T.);
#2027=EDGE_CURVE('',#1664,#1665,#818,.T.);
#2028=EDGE_CURVE('',#1665,#1666,#819,.T.);
#2029=EDGE_CURVE('',#1666,#1667,#820,.T.);
#2030=EDGE_CURVE('',#1667,#1668,#821,.T.);
#2031=EDGE_CURVE('',#1668,#1669,#822,.T.);
#2032=EDGE_CURVE('',#1669,#1609,#823,.T.);
#2033=EDGE_CURVE('',#1670,#1670,#1370,.T.);
#2034=EDGE_CURVE('',#1670,#1525,#824,.T.);
#2035=EDGE_CURVE('',#1574,#1561,#825,.T.);
#2036=EDGE_CURVE('',#1558,#1577,#826,.T.);
#2037=EDGE_CURVE('',#1576,#1559,#827,.T.);
#2038=EDGE_CURVE('',#1575,#1560,#828,.T.);
#2039=EDGE_CURVE('',#1579,#1556,#829,.T.);
#2040=EDGE_CURVE('',#1578,#1557,#830,.T.);
#2041=EDGE_CURVE('',#1581,#1551,#831,.T.);
#2042=EDGE_CURVE('',#1582,#1550,#832,.T.);
#2043=EDGE_CURVE('',#1583,#1549,#833,.T.);
#2044=EDGE_CURVE('',#1584,#1548,#834,.T.);
#2045=EDGE_CURVE('',#1585,#1544,#835,.T.);
#2046=EDGE_CURVE('',#1442,#1586,#836,.T.);
#2047=EDGE_CURVE('',#1443,#1608,#837,.T.);
#2048=EDGE_CURVE('',#1444,#1607,#838,.T.);
#2049=EDGE_CURVE('',#1445,#1606,#839,.T.);
#2050=EDGE_CURVE('',#1446,#1605,#840,.T.);
#2051=EDGE_CURVE('',#1447,#1604,#841,.T.);
#2052=EDGE_CURVE('',#1448,#1603,#842,.T.);
#2053=EDGE_CURVE('',#1449,#1602,#843,.T.);
#2054=EDGE_CURVE('',#1450,#1601,#844,.T.);
#2055=EDGE_CURVE('',#1451,#1600,#845,.T.);
#2056=EDGE_CURVE('',#1452,#1599,#846,.T.);
#2057=EDGE_CURVE('',#1453,#1598,#847,.T.);
#2058=EDGE_CURVE('',#1454,#1597,#848,.T.);
#2059=EDGE_CURVE('',#1455,#1596,#849,.T.);
#2060=EDGE_CURVE('',#1456,#1595,#850,.T.);
#2061=EDGE_CURVE('',#1457,#1594,#851,.T.);
#2062=EDGE_CURVE('',#1458,#1593,#852,.T.);
#2063=EDGE_CURVE('',#1459,#1592,#853,.T.);
#2064=EDGE_CURVE('',#1460,#1591,#854,.T.);
#2065=EDGE_CURVE('',#1461,#1590,#855,.T.);
#2066=EDGE_CURVE('',#1462,#1589,#856,.T.);
#2067=EDGE_CURVE('',#1463,#1588,#857,.T.);
#2068=EDGE_CURVE('',#1441,#1587,#858,.T.);
#2069=EDGE_CURVE('',#1465,#1609,#859,.T.);
#2070=EDGE_CURVE('',#1466,#1669,#860,.T.);
#2071=EDGE_CURVE('',#1467,#1668,#861,.T.);
#2072=EDGE_CURVE('',#1468,#1667,#862,.T.);
#2073=EDGE_CURVE('',#1469,#1666,#863,.T.);
#2074=EDGE_CURVE('',#1470,#1665,#864,.T.);
#2075=EDGE_CURVE('',#1471,#1664,#865,.T.);
#2076=EDGE_CURVE('',#1472,#1663,#866,.T.);
#2077=EDGE_CURVE('',#1473,#1662,#867,.T.);
#2078=EDGE_CURVE('',#1474,#1661,#868,.T.);
#2079=EDGE_CURVE('',#1475,#1660,#869,.T.);
#2080=EDGE_CURVE('',#1476,#1659,#870,.T.);
#2081=EDGE_CURVE('',#1477,#1658,#871,.T.);
#2082=EDGE_CURVE('',#1478,#1657,#872,.T.);
#2083=EDGE_CURVE('',#1479,#1656,#873,.T.);
#2084=EDGE_CURVE('',#1480,#1655,#874,.T.);
#2085=EDGE_CURVE('',#1481,#1654,#875,.T.);
#2086=EDGE_CURVE('',#1482,#1653,#876,.T.);
#2087=EDGE_CURVE('',#1483,#1652,#877,.T.);
#2088=EDGE_CURVE('',#1484,#1651,#878,.T.);
#2089=EDGE_CURVE('',#1485,#1650,#879,.T.);
#2090=EDGE_CURVE('',#1486,#1649,#880,.T.);
#2091=EDGE_CURVE('',#1487,#1648,#881,.T.);
#2092=EDGE_CURVE('',#1488,#1647,#882,.T.);
#2093=EDGE_CURVE('',#1489,#1646,#883,.T.);
#2094=EDGE_CURVE('',#1490,#1645,#884,.T.);
#2095=EDGE_CURVE('',#1491,#1644,#885,.T.);
#2096=EDGE_CURVE('',#1492,#1643,#886,.T.);
#2097=EDGE_CURVE('',#1493,#1642,#887,.T.);
#2098=EDGE_CURVE('',#1494,#1641,#888,.T.);
#2099=EDGE_CURVE('',#1495,#1640,#889,.T.);
#2100=EDGE_CURVE('',#1496,#1639,#890,.T.);
#2101=EDGE_CURVE('',#1497,#1638,#891,.T.);
#2102=EDGE_CURVE('',#1498,#1637,#892,.T.);
#2103=EDGE_CURVE('',#1499,#1636,#893,.T.);
#2104=EDGE_CURVE('',#1500,#1635,#894,.T.);
#2105=EDGE_CURVE('',#1501,#1634,#895,.T.);
#2106=EDGE_CURVE('',#1502,#1633,#896,.T.);
#2107=EDGE_CURVE('',#1503,#1632,#897,.T.);
#2108=EDGE_CURVE('',#1504,#1631,#898,.T.);
#2109=EDGE_CURVE('',#1505,#1630,#899,.T.);
#2110=EDGE_CURVE('',#1506,#1629,#900,.T.);
#2111=EDGE_CURVE('',#1507,#1628,#901,.T.);
#2112=EDGE_CURVE('',#1508,#1627,#902,.T.);
#2113=EDGE_CURVE('',#1509,#1626,#903,.T.);
#2114=EDGE_CURVE('',#1510,#1625,#904,.T.);
#2115=EDGE_CURVE('',#1511,#1624,#905,.T.);
#2116=EDGE_CURVE('',#1512,#1623,#906,.T.);
#2117=EDGE_CURVE('',#1513,#1622,#907,.T.);
#2118=EDGE_CURVE('',#1514,#1621,#908,.T.);
#2119=EDGE_CURVE('',#1515,#1620,#909,.T.);
#2120=EDGE_CURVE('',#1516,#1619,#910,.T.);
#2121=EDGE_CURVE('',#1517,#1618,#911,.T.);
#2122=EDGE_CURVE('',#1518,#1617,#912,.T.);
#2123=EDGE_CURVE('',#1519,#1616,#913,.T.);
#2124=EDGE_CURVE('',#1520,#1615,#914,.T.);
#2125=EDGE_CURVE('',#1521,#1614,#915,.T.);
#2126=EDGE_CURVE('',#1522,#1613,#916,.T.);
#2127=EDGE_CURVE('',#1523,#1612,#917,.T.);
#2128=EDGE_CURVE('',#1524,#1611,#918,.T.);
#2129=EDGE_CURVE('',#1464,#1610,#919,.T.);
#2130=ORIENTED_EDGE('',*,*,#1671,.F.);
#2131=ORIENTED_EDGE('',*,*,#1672,.T.);
#2132=ORIENTED_EDGE('',*,*,#1673,.F.);
#2133=ORIENTED_EDGE('',*,*,#1672,.F.);
#2134=ORIENTED_EDGE('',*,*,#1671,.T.);
#2135=ORIENTED_EDGE('',*,*,#1674,.F.);
#2136=ORIENTED_EDGE('',*,*,#1675,.T.);
#2137=ORIENTED_EDGE('',*,*,#1676,.F.);
#2138=ORIENTED_EDGE('',*,*,#1675,.F.);
#2139=ORIENTED_EDGE('',*,*,#1674,.T.);
#2140=ORIENTED_EDGE('',*,*,#1677,.F.);
#2141=ORIENTED_EDGE('',*,*,#1678,.T.);
#2142=ORIENTED_EDGE('',*,*,#1679,.F.);
#2143=ORIENTED_EDGE('',*,*,#1678,.F.);
#2144=ORIENTED_EDGE('',*,*,#1677,.T.);
#2145=ORIENTED_EDGE('',*,*,#1680,.F.);
#2146=ORIENTED_EDGE('',*,*,#1681,.T.);
#2147=ORIENTED_EDGE('',*,*,#1682,.F.);
#2148=ORIENTED_EDGE('',*,*,#1681,.F.);
#2149=ORIENTED_EDGE('',*,*,#1680,.T.);
#2150=ORIENTED_EDGE('',*,*,#1683,.F.);
#2151=ORIENTED_EDGE('',*,*,#1684,.T.);
#2152=ORIENTED_EDGE('',*,*,#1685,.F.);
#2153=ORIENTED_EDGE('',*,*,#1684,.F.);
#2154=ORIENTED_EDGE('',*,*,#1683,.T.);
#2155=ORIENTED_EDGE('',*,*,#1686,.F.);
#2156=ORIENTED_EDGE('',*,*,#1687,.T.);
#2157=ORIENTED_EDGE('',*,*,#1688,.F.);
#2158=ORIENTED_EDGE('',*,*,#1687,.F.);
#2159=ORIENTED_EDGE('',*,*,#1686,.T.);
#2160=ORIENTED_EDGE('',*,*,#1689,.F.);
#2161=ORIENTED_EDGE('',*,*,#1690,.T.);
#2162=ORIENTED_EDGE('',*,*,#1691,.T.);
#2163=ORIENTED_EDGE('',*,*,#1690,.F.);
#2164=ORIENTED_EDGE('',*,*,#1691,.F.);
#2165=ORIENTED_EDGE('',*,*,#1692,.F.);
#2166=ORIENTED_EDGE('',*,*,#1693,.T.);
#2167=ORIENTED_EDGE('',*,*,#1694,.T.);
#2168=ORIENTED_EDGE('',*,*,#1693,.F.);
#2169=ORIENTED_EDGE('',*,*,#1694,.F.);
#2170=ORIENTED_EDGE('',*,*,#1695,.F.);
#2171=ORIENTED_EDGE('',*,*,#1696,.T.);
#2172=ORIENTED_EDGE('',*,*,#1697,.T.);
#2173=ORIENTED_EDGE('',*,*,#1696,.F.);
#2174=ORIENTED_EDGE('',*,*,#1697,.F.);
#2175=ORIENTED_EDGE('',*,*,#1698,.F.);
#2176=ORIENTED_EDGE('',*,*,#1699,.T.);
#2177=ORIENTED_EDGE('',*,*,#1700,.T.);
#2178=ORIENTED_EDGE('',*,*,#1699,.F.);
#2179=ORIENTED_EDGE('',*,*,#1700,.F.);
#2180=ORIENTED_EDGE('',*,*,#1701,.F.);
#2181=ORIENTED_EDGE('',*,*,#1702,.T.);
#2182=ORIENTED_EDGE('',*,*,#1703,.T.);
#2183=ORIENTED_EDGE('',*,*,#1702,.F.);
#2184=ORIENTED_EDGE('',*,*,#1703,.F.);
#2185=ORIENTED_EDGE('',*,*,#1704,.F.);
#2186=ORIENTED_EDGE('',*,*,#1705,.T.);
#2187=ORIENTED_EDGE('',*,*,#1706,.T.);
#2188=ORIENTED_EDGE('',*,*,#1705,.F.);
#2189=ORIENTED_EDGE('',*,*,#1706,.F.);
#2190=ORIENTED_EDGE('',*,*,#1707,.T.);
#2191=ORIENTED_EDGE('',*,*,#1708,.T.);
#2192=ORIENTED_EDGE('',*,*,#1709,.T.);
#2193=ORIENTED_EDGE('',*,*,#1710,.T.);
#2194=ORIENTED_EDGE('',*,*,#1711,.T.);
#2195=ORIENTED_EDGE('',*,*,#1712,.T.);
#2196=ORIENTED_EDGE('',*,*,#1709,.F.);
#2197=ORIENTED_EDGE('',*,*,#1713,.T.);
#2198=ORIENTED_EDGE('',*,*,#1714,.T.);
#2199=ORIENTED_EDGE('',*,*,#1711,.F.);
#2200=ORIENTED_EDGE('',*,*,#1715,.T.);
#2201=ORIENTED_EDGE('',*,*,#1716,.T.);
#2202=ORIENTED_EDGE('',*,*,#1717,.T.);
#2203=ORIENTED_EDGE('',*,*,#1718,.T.);
#2204=ORIENTED_EDGE('',*,*,#1719,.T.);
#2205=ORIENTED_EDGE('',*,*,#1716,.F.);
#2206=ORIENTED_EDGE('',*,*,#1720,.T.);
#2207=ORIENTED_EDGE('',*,*,#1718,.F.);
#2208=ORIENTED_EDGE('',*,*,#1721,.T.);
#2209=ORIENTED_EDGE('',*,*,#1722,.T.);
#2210=ORIENTED_EDGE('',*,*,#1723,.T.);
#2211=ORIENTED_EDGE('',*,*,#1722,.F.);
#2212=ORIENTED_EDGE('',*,*,#1724,.T.);
#2213=ORIENTED_EDGE('',*,*,#1725,.T.);
#2214=ORIENTED_EDGE('',*,*,#1726,.T.);
#2215=ORIENTED_EDGE('',*,*,#1725,.F.);
#2216=ORIENTED_EDGE('',*,*,#1727,.T.);
#2217=ORIENTED_EDGE('',*,*,#1728,.T.);
#2218=ORIENTED_EDGE('',*,*,#1729,.T.);
#2219=ORIENTED_EDGE('',*,*,#1730,.T.);
#2220=ORIENTED_EDGE('',*,*,#1731,.T.);
#2221=ORIENTED_EDGE('',*,*,#1728,.F.);
#2222=ORIENTED_EDGE('',*,*,#1732,.T.);
#2223=ORIENTED_EDGE('',*,*,#1733,.T.);
#2224=ORIENTED_EDGE('',*,*,#1730,.F.);
#2225=ORIENTED_EDGE('',*,*,#1734,.T.);
#2226=ORIENTED_EDGE('',*,*,#1735,.T.);
#2227=ORIENTED_EDGE('',*,*,#1736,.T.);
#2228=ORIENTED_EDGE('',*,*,#1732,.F.);
#2229=ORIENTED_EDGE('',*,*,#1737,.T.);
#2230=ORIENTED_EDGE('',*,*,#1738,.T.);
#2231=ORIENTED_EDGE('',*,*,#1739,.T.);
#2232=ORIENTED_EDGE('',*,*,#1735,.F.);
#2233=ORIENTED_EDGE('',*,*,#1740,.T.);
#2234=ORIENTED_EDGE('',*,*,#1741,.T.);
#2235=ORIENTED_EDGE('',*,*,#1742,.T.);
#2236=ORIENTED_EDGE('',*,*,#1738,.F.);
#2237=ORIENTED_EDGE('',*,*,#1743,.T.);
#2238=ORIENTED_EDGE('',*,*,#1744,.T.);
#2239=ORIENTED_EDGE('',*,*,#1745,.T.);
#2240=ORIENTED_EDGE('',*,*,#1741,.F.);
#2241=ORIENTED_EDGE('',*,*,#1746,.T.);
#2242=ORIENTED_EDGE('',*,*,#1747,.T.);
#2243=ORIENTED_EDGE('',*,*,#1744,.F.);
#2244=ORIENTED_EDGE('',*,*,#1748,.T.);
#2245=ORIENTED_EDGE('',*,*,#1749,.T.);
#2246=ORIENTED_EDGE('',*,*,#1750,.T.);
#2247=ORIENTED_EDGE('',*,*,#1751,.T.);
#2248=ORIENTED_EDGE('',*,*,#1707,.F.);
#2249=ORIENTED_EDGE('',*,*,#1752,.T.);
#2250=ORIENTED_EDGE('',*,*,#1753,.T.);
#2251=ORIENTED_EDGE('',*,*,#1754,.T.);
#2252=ORIENTED_EDGE('',*,*,#1755,.T.);
#2253=ORIENTED_EDGE('',*,*,#1749,.F.);
#2254=ORIENTED_EDGE('',*,*,#1756,.T.);
#2255=ORIENTED_EDGE('',*,*,#1757,.T.);
#2256=ORIENTED_EDGE('',*,*,#1754,.F.);
#2257=ORIENTED_EDGE('',*,*,#1758,.T.);
#2258=ORIENTED_EDGE('',*,*,#1750,.F.);
#2259=ORIENTED_EDGE('',*,*,#1759,.T.);
#2260=ORIENTED_EDGE('',*,*,#1756,.F.);
#2261=ORIENTED_EDGE('',*,*,#1760,.T.);
#2262=ORIENTED_EDGE('',*,*,#1734,.F.);
#2263=ORIENTED_EDGE('',*,*,#1761,.T.);
#2264=ORIENTED_EDGE('',*,*,#1762,.T.);
#2265=ORIENTED_EDGE('',*,*,#1763,.T.);
#2266=ORIENTED_EDGE('',*,*,#1729,.F.);
#2267=ORIENTED_EDGE('',*,*,#1764,.T.);
#2268=ORIENTED_EDGE('',*,*,#1765,.F.);
#2269=ORIENTED_EDGE('',*,*,#1761,.F.);
#2270=ORIENTED_EDGE('',*,*,#1727,.F.);
#2271=ORIENTED_EDGE('',*,*,#1766,.T.);
#2272=ORIENTED_EDGE('',*,*,#1767,.F.);
#2273=ORIENTED_EDGE('',*,*,#1764,.F.);
#2274=ORIENTED_EDGE('',*,*,#1724,.F.);
#2275=ORIENTED_EDGE('',*,*,#1768,.T.);
#2276=ORIENTED_EDGE('',*,*,#1769,.F.);
#2277=ORIENTED_EDGE('',*,*,#1766,.F.);
#2278=ORIENTED_EDGE('',*,*,#1721,.F.);
#2279=ORIENTED_EDGE('',*,*,#1770,.T.);
#2280=ORIENTED_EDGE('',*,*,#1771,.F.);
#2281=ORIENTED_EDGE('',*,*,#1768,.F.);
#2282=ORIENTED_EDGE('',*,*,#1717,.F.);
#2283=ORIENTED_EDGE('',*,*,#1772,.T.);
#2284=ORIENTED_EDGE('',*,*,#1773,.F.);
#2285=ORIENTED_EDGE('',*,*,#1770,.F.);
#2286=ORIENTED_EDGE('',*,*,#1715,.F.);
#2287=ORIENTED_EDGE('',*,*,#1774,.F.);
#2288=ORIENTED_EDGE('',*,*,#1775,.F.);
#2289=ORIENTED_EDGE('',*,*,#1772,.F.);
#2290=ORIENTED_EDGE('',*,*,#1713,.F.);
#2291=ORIENTED_EDGE('',*,*,#1776,.T.);
#2292=ORIENTED_EDGE('',*,*,#1777,.T.);
#2293=ORIENTED_EDGE('',*,*,#1774,.T.);
#2294=ORIENTED_EDGE('',*,*,#1708,.F.);
#2295=ORIENTED_EDGE('',*,*,#1778,.T.);
#2296=ORIENTED_EDGE('',*,*,#1779,.F.);
#2297=ORIENTED_EDGE('',*,*,#1776,.F.);
#2298=ORIENTED_EDGE('',*,*,#1710,.F.);
#2299=ORIENTED_EDGE('',*,*,#1712,.F.);
#2300=ORIENTED_EDGE('',*,*,#1714,.F.);
#2301=ORIENTED_EDGE('',*,*,#1719,.F.);
#2302=ORIENTED_EDGE('',*,*,#1720,.F.);
#2303=ORIENTED_EDGE('',*,*,#1723,.F.);
#2304=ORIENTED_EDGE('',*,*,#1726,.F.);
#2305=ORIENTED_EDGE('',*,*,#1731,.F.);
#2306=ORIENTED_EDGE('',*,*,#1733,.F.);
#2307=ORIENTED_EDGE('',*,*,#1736,.F.);
#2308=ORIENTED_EDGE('',*,*,#1739,.F.);
#2309=ORIENTED_EDGE('',*,*,#1742,.F.);
#2310=ORIENTED_EDGE('',*,*,#1745,.F.);
#2311=ORIENTED_EDGE('',*,*,#1747,.F.);
#2312=ORIENTED_EDGE('',*,*,#1755,.F.);
#2313=ORIENTED_EDGE('',*,*,#1757,.F.);
#2314=ORIENTED_EDGE('',*,*,#1759,.F.);
#2315=ORIENTED_EDGE('',*,*,#1752,.F.);
#2316=ORIENTED_EDGE('',*,*,#1780,.T.);
#2317=ORIENTED_EDGE('',*,*,#1781,.T.);
#2318=ORIENTED_EDGE('',*,*,#1782,.T.);
#2319=ORIENTED_EDGE('',*,*,#1783,.T.);
#2320=ORIENTED_EDGE('',*,*,#1784,.T.);
#2321=ORIENTED_EDGE('',*,*,#1785,.T.);
#2322=ORIENTED_EDGE('',*,*,#1786,.T.);
#2323=ORIENTED_EDGE('',*,*,#1787,.T.);
#2324=ORIENTED_EDGE('',*,*,#1788,.T.);
#2325=ORIENTED_EDGE('',*,*,#1789,.T.);
#2326=ORIENTED_EDGE('',*,*,#1790,.T.);
#2327=ORIENTED_EDGE('',*,*,#1791,.T.);
#2328=ORIENTED_EDGE('',*,*,#1792,.T.);
#2329=ORIENTED_EDGE('',*,*,#1793,.T.);
#2330=ORIENTED_EDGE('',*,*,#1794,.T.);
#2331=ORIENTED_EDGE('',*,*,#1795,.T.);
#2332=ORIENTED_EDGE('',*,*,#1796,.T.);
#2333=ORIENTED_EDGE('',*,*,#1797,.T.);
#2334=ORIENTED_EDGE('',*,*,#1798,.T.);
#2335=ORIENTED_EDGE('',*,*,#1799,.T.);
#2336=ORIENTED_EDGE('',*,*,#1800,.T.);
#2337=ORIENTED_EDGE('',*,*,#1801,.T.);
#2338=ORIENTED_EDGE('',*,*,#1802,.T.);
#2339=ORIENTED_EDGE('',*,*,#1803,.T.);
#2340=ORIENTED_EDGE('',*,*,#1804,.T.);
#2341=ORIENTED_EDGE('',*,*,#1805,.T.);
#2342=ORIENTED_EDGE('',*,*,#1806,.T.);
#2343=ORIENTED_EDGE('',*,*,#1807,.T.);
#2344=ORIENTED_EDGE('',*,*,#1808,.T.);
#2345=ORIENTED_EDGE('',*,*,#1809,.T.);
#2346=ORIENTED_EDGE('',*,*,#1810,.T.);
#2347=ORIENTED_EDGE('',*,*,#1811,.T.);
#2348=ORIENTED_EDGE('',*,*,#1812,.T.);
#2349=ORIENTED_EDGE('',*,*,#1813,.T.);
#2350=ORIENTED_EDGE('',*,*,#1814,.T.);
#2351=ORIENTED_EDGE('',*,*,#1815,.T.);
#2352=ORIENTED_EDGE('',*,*,#1816,.T.);
#2353=ORIENTED_EDGE('',*,*,#1817,.T.);
#2354=ORIENTED_EDGE('',*,*,#1818,.T.);
#2355=ORIENTED_EDGE('',*,*,#1819,.T.);
#2356=ORIENTED_EDGE('',*,*,#1820,.T.);
#2357=ORIENTED_EDGE('',*,*,#1821,.T.);
#2358=ORIENTED_EDGE('',*,*,#1822,.T.);
#2359=ORIENTED_EDGE('',*,*,#1823,.T.);
#2360=ORIENTED_EDGE('',*,*,#1824,.T.);
#2361=ORIENTED_EDGE('',*,*,#1825,.T.);
#2362=ORIENTED_EDGE('',*,*,#1826,.T.);
#2363=ORIENTED_EDGE('',*,*,#1827,.T.);
#2364=ORIENTED_EDGE('',*,*,#1828,.T.);
#2365=ORIENTED_EDGE('',*,*,#1829,.T.);
#2366=ORIENTED_EDGE('',*,*,#1830,.T.);
#2367=ORIENTED_EDGE('',*,*,#1831,.T.);
#2368=ORIENTED_EDGE('',*,*,#1832,.T.);
#2369=ORIENTED_EDGE('',*,*,#1833,.T.);
#2370=ORIENTED_EDGE('',*,*,#1834,.T.);
#2371=ORIENTED_EDGE('',*,*,#1835,.T.);
#2372=ORIENTED_EDGE('',*,*,#1836,.T.);
#2373=ORIENTED_EDGE('',*,*,#1837,.T.);
#2374=ORIENTED_EDGE('',*,*,#1838,.T.);
#2375=ORIENTED_EDGE('',*,*,#1839,.T.);
#2376=ORIENTED_EDGE('',*,*,#1840,.T.);
#2377=ORIENTED_EDGE('',*,*,#1841,.T.);
#2378=ORIENTED_EDGE('',*,*,#1842,.T.);
#2379=ORIENTED_EDGE('',*,*,#1843,.T.);
#2380=ORIENTED_EDGE('',*,*,#1844,.T.);
#2381=ORIENTED_EDGE('',*,*,#1845,.T.);
#2382=ORIENTED_EDGE('',*,*,#1846,.T.);
#2383=ORIENTED_EDGE('',*,*,#1847,.T.);
#2384=ORIENTED_EDGE('',*,*,#1848,.T.);
#2385=ORIENTED_EDGE('',*,*,#1849,.T.);
#2386=ORIENTED_EDGE('',*,*,#1850,.T.);
#2387=ORIENTED_EDGE('',*,*,#1851,.T.);
#2388=ORIENTED_EDGE('',*,*,#1852,.T.);
#2389=ORIENTED_EDGE('',*,*,#1853,.T.);
#2390=ORIENTED_EDGE('',*,*,#1854,.T.);
#2391=ORIENTED_EDGE('',*,*,#1855,.T.);
#2392=ORIENTED_EDGE('',*,*,#1856,.T.);
#2393=ORIENTED_EDGE('',*,*,#1857,.T.);
#2394=ORIENTED_EDGE('',*,*,#1858,.T.);
#2395=ORIENTED_EDGE('',*,*,#1859,.T.);
#2396=ORIENTED_EDGE('',*,*,#1860,.T.);
#2397=ORIENTED_EDGE('',*,*,#1861,.T.);
#2398=ORIENTED_EDGE('',*,*,#1862,.T.);
#2399=ORIENTED_EDGE('',*,*,#1863,.T.);
#2400=ORIENTED_EDGE('',*,*,#1864,.T.);
#2401=ORIENTED_EDGE('',*,*,#1777,.F.);
#2402=ORIENTED_EDGE('',*,*,#1779,.T.);
#2403=ORIENTED_EDGE('',*,*,#1865,.T.);
#2404=ORIENTED_EDGE('',*,*,#1866,.T.);
#2405=ORIENTED_EDGE('',*,*,#1867,.F.);
#2406=ORIENTED_EDGE('',*,*,#1868,.T.);
#2407=ORIENTED_EDGE('',*,*,#1869,.T.);
#2408=ORIENTED_EDGE('',*,*,#1870,.F.);
#2409=ORIENTED_EDGE('',*,*,#1871,.T.);
#2410=ORIENTED_EDGE('',*,*,#1872,.F.);
#2411=ORIENTED_EDGE('',*,*,#1873,.T.);
#2412=ORIENTED_EDGE('',*,*,#1874,.T.);
#2413=ORIENTED_EDGE('',*,*,#1875,.T.);
#2414=ORIENTED_EDGE('',*,*,#1876,.F.);
#2415=ORIENTED_EDGE('',*,*,#1877,.T.);
#2416=ORIENTED_EDGE('',*,*,#1878,.F.);
#2417=ORIENTED_EDGE('',*,*,#1879,.T.);
#2418=ORIENTED_EDGE('',*,*,#1880,.T.);
#2419=ORIENTED_EDGE('',*,*,#1881,.F.);
#2420=ORIENTED_EDGE('',*,*,#1882,.T.);
#2421=ORIENTED_EDGE('',*,*,#1883,.T.);
#2422=ORIENTED_EDGE('',*,*,#1884,.T.);
#2423=ORIENTED_EDGE('',*,*,#1885,.F.);
#2424=ORIENTED_EDGE('',*,*,#1886,.T.);
#2425=ORIENTED_EDGE('',*,*,#1887,.T.);
#2426=ORIENTED_EDGE('',*,*,#1888,.T.);
#2427=ORIENTED_EDGE('',*,*,#1889,.T.);
#2428=ORIENTED_EDGE('',*,*,#1890,.T.);
#2429=ORIENTED_EDGE('',*,*,#1891,.T.);
#2430=ORIENTED_EDGE('',*,*,#1892,.F.);
#2431=ORIENTED_EDGE('',*,*,#1893,.T.);
#2432=ORIENTED_EDGE('',*,*,#1894,.T.);
#2433=ORIENTED_EDGE('',*,*,#1895,.T.);
#2434=ORIENTED_EDGE('',*,*,#1762,.F.);
#2435=ORIENTED_EDGE('',*,*,#1765,.T.);
#2436=ORIENTED_EDGE('',*,*,#1767,.T.);
#2437=ORIENTED_EDGE('',*,*,#1769,.T.);
#2438=ORIENTED_EDGE('',*,*,#1771,.T.);
#2439=ORIENTED_EDGE('',*,*,#1773,.T.);
#2440=ORIENTED_EDGE('',*,*,#1775,.T.);
#2441=ORIENTED_EDGE('',*,*,#1758,.F.);
#2442=ORIENTED_EDGE('',*,*,#1896,.T.);
#2443=ORIENTED_EDGE('',*,*,#1867,.T.);
#2444=ORIENTED_EDGE('',*,*,#1897,.T.);
#2445=ORIENTED_EDGE('',*,*,#1760,.F.);
#2446=ORIENTED_EDGE('',*,*,#1897,.F.);
#2447=ORIENTED_EDGE('',*,*,#1866,.F.);
#2448=ORIENTED_EDGE('',*,*,#1898,.F.);
#2449=ORIENTED_EDGE('',*,*,#1746,.F.);
#2450=ORIENTED_EDGE('',*,*,#1899,.T.);
#2451=ORIENTED_EDGE('',*,*,#1870,.T.);
#2452=ORIENTED_EDGE('',*,*,#1900,.T.);
#2453=ORIENTED_EDGE('',*,*,#1748,.F.);
#2454=ORIENTED_EDGE('',*,*,#1900,.F.);
#2455=ORIENTED_EDGE('',*,*,#1869,.F.);
#2456=ORIENTED_EDGE('',*,*,#1901,.F.);
#2457=ORIENTED_EDGE('',*,*,#1740,.F.);
#2458=ORIENTED_EDGE('',*,*,#1902,.T.);
#2459=ORIENTED_EDGE('',*,*,#1872,.T.);
#2460=ORIENTED_EDGE('',*,*,#1903,.T.);
#2461=ORIENTED_EDGE('',*,*,#1737,.F.);
#2462=ORIENTED_EDGE('',*,*,#1763,.F.);
#2463=ORIENTED_EDGE('',*,*,#1895,.F.);
#2464=ORIENTED_EDGE('',*,*,#1904,.T.);
#2465=ORIENTED_EDGE('',*,*,#1905,.T.);
#2466=ORIENTED_EDGE('',*,*,#1906,.T.);
#2467=ORIENTED_EDGE('',*,*,#1907,.T.);
#2468=ORIENTED_EDGE('',*,*,#1908,.T.);
#2469=ORIENTED_EDGE('',*,*,#1909,.T.);
#2470=ORIENTED_EDGE('',*,*,#1910,.T.);
#2471=ORIENTED_EDGE('',*,*,#1873,.F.);
#2472=ORIENTED_EDGE('',*,*,#1902,.F.);
#2473=ORIENTED_EDGE('',*,*,#1911,.F.);
#2474=ORIENTED_EDGE('',*,*,#1912,.T.);
#2475=ORIENTED_EDGE('',*,*,#1878,.T.);
#2476=ORIENTED_EDGE('',*,*,#1913,.T.);
#2477=ORIENTED_EDGE('',*,*,#1912,.F.);
#2478=ORIENTED_EDGE('',*,*,#1914,.F.);
#2479=ORIENTED_EDGE('',*,*,#1915,.T.);
#2480=ORIENTED_EDGE('',*,*,#1879,.F.);
#2481=ORIENTED_EDGE('',*,*,#1916,.F.);
#2482=ORIENTED_EDGE('',*,*,#1917,.T.);
#2483=ORIENTED_EDGE('',*,*,#1881,.T.);
#2484=ORIENTED_EDGE('',*,*,#1918,.T.);
#2485=ORIENTED_EDGE('',*,*,#1917,.F.);
#2486=ORIENTED_EDGE('',*,*,#1919,.F.);
#2487=ORIENTED_EDGE('',*,*,#1920,.T.);
#2488=ORIENTED_EDGE('',*,*,#1882,.F.);
#2489=ORIENTED_EDGE('',*,*,#1921,.F.);
#2490=ORIENTED_EDGE('',*,*,#1922,.T.);
#2491=ORIENTED_EDGE('',*,*,#1885,.T.);
#2492=ORIENTED_EDGE('',*,*,#1923,.T.);
#2493=ORIENTED_EDGE('',*,*,#1922,.F.);
#2494=ORIENTED_EDGE('',*,*,#1924,.F.);
#2495=ORIENTED_EDGE('',*,*,#1925,.T.);
#2496=ORIENTED_EDGE('',*,*,#1886,.F.);
#2497=ORIENTED_EDGE('',*,*,#1926,.F.);
#2498=ORIENTED_EDGE('',*,*,#1927,.T.);
#2499=ORIENTED_EDGE('',*,*,#1892,.T.);
#2500=ORIENTED_EDGE('',*,*,#1928,.T.);
#2501=ORIENTED_EDGE('',*,*,#1927,.F.);
#2502=ORIENTED_EDGE('',*,*,#1929,.F.);
#2503=ORIENTED_EDGE('',*,*,#1930,.F.);
#2504=ORIENTED_EDGE('',*,*,#1875,.F.);
#2505=ORIENTED_EDGE('',*,*,#1931,.T.);
#2506=ORIENTED_EDGE('',*,*,#1932,.T.);
#2507=ORIENTED_EDGE('',*,*,#1933,.T.);
#2508=ORIENTED_EDGE('',*,*,#1934,.T.);
#2509=ORIENTED_EDGE('',*,*,#1935,.T.);
#2510=ORIENTED_EDGE('',*,*,#1936,.T.);
#2511=ORIENTED_EDGE('',*,*,#1937,.T.);
#2512=ORIENTED_EDGE('',*,*,#1893,.F.);
#2513=ORIENTED_EDGE('',*,*,#1938,.F.);
#2514=ORIENTED_EDGE('',*,*,#1939,.T.);
#2515=ORIENTED_EDGE('',*,*,#1876,.T.);
#2516=ORIENTED_EDGE('',*,*,#1930,.T.);
#2517=ORIENTED_EDGE('',*,*,#1911,.T.);
#2518=ORIENTED_EDGE('',*,*,#1940,.T.);
#2519=ORIENTED_EDGE('',*,*,#1938,.T.);
#2520=ORIENTED_EDGE('',*,*,#1929,.T.);
#2521=ORIENTED_EDGE('',*,*,#1926,.T.);
#2522=ORIENTED_EDGE('',*,*,#1941,.T.);
#2523=ORIENTED_EDGE('',*,*,#1942,.T.);
#2524=ORIENTED_EDGE('',*,*,#1943,.T.);
#2525=ORIENTED_EDGE('',*,*,#1944,.T.);
#2526=ORIENTED_EDGE('',*,*,#1945,.T.);
#2527=ORIENTED_EDGE('',*,*,#1924,.T.);
#2528=ORIENTED_EDGE('',*,*,#1921,.T.);
#2529=ORIENTED_EDGE('',*,*,#1946,.T.);
#2530=ORIENTED_EDGE('',*,*,#1947,.T.);
#2531=ORIENTED_EDGE('',*,*,#1919,.T.);
#2532=ORIENTED_EDGE('',*,*,#1916,.T.);
#2533=ORIENTED_EDGE('',*,*,#1948,.T.);
#2534=ORIENTED_EDGE('',*,*,#1914,.T.);
#2535=ORIENTED_EDGE('',*,*,#1673,.T.);
#2536=ORIENTED_EDGE('',*,*,#1676,.T.);
#2537=ORIENTED_EDGE('',*,*,#1679,.T.);
#2538=ORIENTED_EDGE('',*,*,#1682,.T.);
#2539=ORIENTED_EDGE('',*,*,#1685,.T.);
#2540=ORIENTED_EDGE('',*,*,#1688,.T.);
#2541=ORIENTED_EDGE('',*,*,#1689,.T.);
#2542=ORIENTED_EDGE('',*,*,#1692,.T.);
#2543=ORIENTED_EDGE('',*,*,#1695,.T.);
#2544=ORIENTED_EDGE('',*,*,#1698,.T.);
#2545=ORIENTED_EDGE('',*,*,#1701,.T.);
#2546=ORIENTED_EDGE('',*,*,#1704,.T.);
#2547=ORIENTED_EDGE('',*,*,#1949,.T.);
#2548=ORIENTED_EDGE('',*,*,#1950,.T.);
#2549=ORIENTED_EDGE('',*,*,#1951,.T.);
#2550=ORIENTED_EDGE('',*,*,#1952,.T.);
#2551=ORIENTED_EDGE('',*,*,#1953,.T.);
#2552=ORIENTED_EDGE('',*,*,#1954,.T.);
#2553=ORIENTED_EDGE('',*,*,#1955,.T.);
#2554=ORIENTED_EDGE('',*,*,#1956,.T.);
#2555=ORIENTED_EDGE('',*,*,#1957,.T.);
#2556=ORIENTED_EDGE('',*,*,#1958,.T.);
#2557=ORIENTED_EDGE('',*,*,#1959,.T.);
#2558=ORIENTED_EDGE('',*,*,#1960,.T.);
#2559=ORIENTED_EDGE('',*,*,#1961,.T.);
#2560=ORIENTED_EDGE('',*,*,#1962,.T.);
#2561=ORIENTED_EDGE('',*,*,#1963,.T.);
#2562=ORIENTED_EDGE('',*,*,#1964,.T.);
#2563=ORIENTED_EDGE('',*,*,#1965,.T.);
#2564=ORIENTED_EDGE('',*,*,#1966,.T.);
#2565=ORIENTED_EDGE('',*,*,#1967,.T.);
#2566=ORIENTED_EDGE('',*,*,#1968,.T.);
#2567=ORIENTED_EDGE('',*,*,#1969,.T.);
#2568=ORIENTED_EDGE('',*,*,#1970,.T.);
#2569=ORIENTED_EDGE('',*,*,#1971,.T.);
#2570=ORIENTED_EDGE('',*,*,#1972,.T.);
#2571=ORIENTED_EDGE('',*,*,#1973,.T.);
#2572=ORIENTED_EDGE('',*,*,#1974,.T.);
#2573=ORIENTED_EDGE('',*,*,#1975,.T.);
#2574=ORIENTED_EDGE('',*,*,#1976,.T.);
#2575=ORIENTED_EDGE('',*,*,#1977,.T.);
#2576=ORIENTED_EDGE('',*,*,#1978,.T.);
#2577=ORIENTED_EDGE('',*,*,#1979,.T.);
#2578=ORIENTED_EDGE('',*,*,#1980,.T.);
#2579=ORIENTED_EDGE('',*,*,#1981,.T.);
#2580=ORIENTED_EDGE('',*,*,#1982,.T.);
#2581=ORIENTED_EDGE('',*,*,#1983,.T.);
#2582=ORIENTED_EDGE('',*,*,#1984,.T.);
#2583=ORIENTED_EDGE('',*,*,#1985,.T.);
#2584=ORIENTED_EDGE('',*,*,#1986,.T.);
#2585=ORIENTED_EDGE('',*,*,#1987,.T.);
#2586=ORIENTED_EDGE('',*,*,#1988,.T.);
#2587=ORIENTED_EDGE('',*,*,#1989,.T.);
#2588=ORIENTED_EDGE('',*,*,#1990,.T.);
#2589=ORIENTED_EDGE('',*,*,#1991,.T.);
#2590=ORIENTED_EDGE('',*,*,#1992,.T.);
#2591=ORIENTED_EDGE('',*,*,#1993,.T.);
#2592=ORIENTED_EDGE('',*,*,#1994,.T.);
#2593=ORIENTED_EDGE('',*,*,#1995,.T.);
#2594=ORIENTED_EDGE('',*,*,#1996,.T.);
#2595=ORIENTED_EDGE('',*,*,#1997,.T.);
#2596=ORIENTED_EDGE('',*,*,#1998,.T.);
#2597=ORIENTED_EDGE('',*,*,#1999,.T.);
#2598=ORIENTED_EDGE('',*,*,#2000,.T.);
#2599=ORIENTED_EDGE('',*,*,#2001,.T.);
#2600=ORIENTED_EDGE('',*,*,#2002,.T.);
#2601=ORIENTED_EDGE('',*,*,#2003,.T.);
#2602=ORIENTED_EDGE('',*,*,#2004,.T.);
#2603=ORIENTED_EDGE('',*,*,#2005,.T.);
#2604=ORIENTED_EDGE('',*,*,#2006,.T.);
#2605=ORIENTED_EDGE('',*,*,#2007,.T.);
#2606=ORIENTED_EDGE('',*,*,#2008,.T.);
#2607=ORIENTED_EDGE('',*,*,#2009,.T.);
#2608=ORIENTED_EDGE('',*,*,#2010,.T.);
#2609=ORIENTED_EDGE('',*,*,#2011,.T.);
#2610=ORIENTED_EDGE('',*,*,#2012,.T.);
#2611=ORIENTED_EDGE('',*,*,#2013,.T.);
#2612=ORIENTED_EDGE('',*,*,#2014,.T.);
#2613=ORIENTED_EDGE('',*,*,#2015,.T.);
#2614=ORIENTED_EDGE('',*,*,#2016,.T.);
#2615=ORIENTED_EDGE('',*,*,#2017,.T.);
#2616=ORIENTED_EDGE('',*,*,#2018,.T.);
#2617=ORIENTED_EDGE('',*,*,#2019,.T.);
#2618=ORIENTED_EDGE('',*,*,#2020,.T.);
#2619=ORIENTED_EDGE('',*,*,#2021,.T.);
#2620=ORIENTED_EDGE('',*,*,#2022,.T.);
#2621=ORIENTED_EDGE('',*,*,#2023,.T.);
#2622=ORIENTED_EDGE('',*,*,#2024,.T.);
#2623=ORIENTED_EDGE('',*,*,#2025,.T.);
#2624=ORIENTED_EDGE('',*,*,#2026,.T.);
#2625=ORIENTED_EDGE('',*,*,#2027,.T.);
#2626=ORIENTED_EDGE('',*,*,#2028,.T.);
#2627=ORIENTED_EDGE('',*,*,#2029,.T.);
#2628=ORIENTED_EDGE('',*,*,#2030,.T.);
#2629=ORIENTED_EDGE('',*,*,#2031,.T.);
#2630=ORIENTED_EDGE('',*,*,#2032,.T.);
#2631=ORIENTED_EDGE('',*,*,#2033,.T.);
#2632=ORIENTED_EDGE('',*,*,#2033,.F.);
#2633=ORIENTED_EDGE('',*,*,#2034,.T.);
#2634=ORIENTED_EDGE('',*,*,#1864,.F.);
#2635=ORIENTED_EDGE('',*,*,#2034,.F.);
#2636=ORIENTED_EDGE('',*,*,#1910,.F.);
#2637=ORIENTED_EDGE('',*,*,#2035,.F.);
#2638=ORIENTED_EDGE('',*,*,#1931,.F.);
#2639=ORIENTED_EDGE('',*,*,#1874,.F.);
#2640=ORIENTED_EDGE('',*,*,#1907,.F.);
#2641=ORIENTED_EDGE('',*,*,#2036,.T.);
#2642=ORIENTED_EDGE('',*,*,#1934,.F.);
#2643=ORIENTED_EDGE('',*,*,#2037,.T.);
#2644=ORIENTED_EDGE('',*,*,#1908,.F.);
#2645=ORIENTED_EDGE('',*,*,#2037,.F.);
#2646=ORIENTED_EDGE('',*,*,#1933,.F.);
#2647=ORIENTED_EDGE('',*,*,#2038,.T.);
#2648=ORIENTED_EDGE('',*,*,#1909,.F.);
#2649=ORIENTED_EDGE('',*,*,#2038,.F.);
#2650=ORIENTED_EDGE('',*,*,#1932,.F.);
#2651=ORIENTED_EDGE('',*,*,#2035,.T.);
#2652=ORIENTED_EDGE('',*,*,#1904,.F.);
#2653=ORIENTED_EDGE('',*,*,#1894,.F.);
#2654=ORIENTED_EDGE('',*,*,#1937,.F.);
#2655=ORIENTED_EDGE('',*,*,#2039,.T.);
#2656=ORIENTED_EDGE('',*,*,#1905,.F.);
#2657=ORIENTED_EDGE('',*,*,#2039,.F.);
#2658=ORIENTED_EDGE('',*,*,#1936,.F.);
#2659=ORIENTED_EDGE('',*,*,#2040,.T.);
#2660=ORIENTED_EDGE('',*,*,#1906,.F.);
#2661=ORIENTED_EDGE('',*,*,#2040,.F.);
#2662=ORIENTED_EDGE('',*,*,#1935,.F.);
#2663=ORIENTED_EDGE('',*,*,#2036,.F.);
#2664=ORIENTED_EDGE('',*,*,#1928,.F.);
#2665=ORIENTED_EDGE('',*,*,#1891,.F.);
#2666=ORIENTED_EDGE('',*,*,#2041,.F.);
#2667=ORIENTED_EDGE('',*,*,#1941,.F.);
#2668=ORIENTED_EDGE('',*,*,#1942,.F.);
#2669=ORIENTED_EDGE('',*,*,#2041,.T.);
#2670=ORIENTED_EDGE('',*,*,#1890,.F.);
#2671=ORIENTED_EDGE('',*,*,#2042,.F.);
#2672=ORIENTED_EDGE('',*,*,#1943,.F.);
#2673=ORIENTED_EDGE('',*,*,#2042,.T.);
#2674=ORIENTED_EDGE('',*,*,#1889,.F.);
#2675=ORIENTED_EDGE('',*,*,#2043,.F.);
#2676=ORIENTED_EDGE('',*,*,#1944,.F.);
#2677=ORIENTED_EDGE('',*,*,#2043,.T.);
#2678=ORIENTED_EDGE('',*,*,#1888,.F.);
#2679=ORIENTED_EDGE('',*,*,#2044,.F.);
#2680=ORIENTED_EDGE('',*,*,#1945,.F.);
#2681=ORIENTED_EDGE('',*,*,#2044,.T.);
#2682=ORIENTED_EDGE('',*,*,#1887,.F.);
#2683=ORIENTED_EDGE('',*,*,#1925,.F.);
#2684=ORIENTED_EDGE('',*,*,#1923,.F.);
#2685=ORIENTED_EDGE('',*,*,#1884,.F.);
#2686=ORIENTED_EDGE('',*,*,#2045,.F.);
#2687=ORIENTED_EDGE('',*,*,#1946,.F.);
#2688=ORIENTED_EDGE('',*,*,#1947,.F.);
#2689=ORIENTED_EDGE('',*,*,#2045,.T.);
#2690=ORIENTED_EDGE('',*,*,#1883,.F.);
#2691=ORIENTED_EDGE('',*,*,#1920,.F.);
#2692=ORIENTED_EDGE('',*,*,#1918,.F.);
#2693=ORIENTED_EDGE('',*,*,#1880,.F.);
#2694=ORIENTED_EDGE('',*,*,#1915,.F.);
#2695=ORIENTED_EDGE('',*,*,#1948,.F.);
#2696=ORIENTED_EDGE('',*,*,#1913,.F.);
#2697=ORIENTED_EDGE('',*,*,#1877,.F.);
#2698=ORIENTED_EDGE('',*,*,#1939,.F.);
#2699=ORIENTED_EDGE('',*,*,#1940,.F.);
#2700=ORIENTED_EDGE('',*,*,#1753,.F.);
#2701=ORIENTED_EDGE('',*,*,#1901,.T.);
#2702=ORIENTED_EDGE('',*,*,#1868,.F.);
#2703=ORIENTED_EDGE('',*,*,#1896,.F.);
#2704=ORIENTED_EDGE('',*,*,#1751,.F.);
#2705=ORIENTED_EDGE('',*,*,#1898,.T.);
#2706=ORIENTED_EDGE('',*,*,#1865,.F.);
#2707=ORIENTED_EDGE('',*,*,#1778,.F.);
#2708=ORIENTED_EDGE('',*,*,#1743,.F.);
#2709=ORIENTED_EDGE('',*,*,#1903,.F.);
#2710=ORIENTED_EDGE('',*,*,#1871,.F.);
#2711=ORIENTED_EDGE('',*,*,#1899,.F.);
#2712=ORIENTED_EDGE('',*,*,#1781,.F.);
#2713=ORIENTED_EDGE('',*,*,#2046,.T.);
#2714=ORIENTED_EDGE('',*,*,#1971,.F.);
#2715=ORIENTED_EDGE('',*,*,#2047,.F.);
#2716=ORIENTED_EDGE('',*,*,#1782,.F.);
#2717=ORIENTED_EDGE('',*,*,#2047,.T.);
#2718=ORIENTED_EDGE('',*,*,#1970,.F.);
#2719=ORIENTED_EDGE('',*,*,#2048,.F.);
#2720=ORIENTED_EDGE('',*,*,#1783,.F.);
#2721=ORIENTED_EDGE('',*,*,#2048,.T.);
#2722=ORIENTED_EDGE('',*,*,#1969,.F.);
#2723=ORIENTED_EDGE('',*,*,#2049,.F.);
#2724=ORIENTED_EDGE('',*,*,#1784,.F.);
#2725=ORIENTED_EDGE('',*,*,#2049,.T.);
#2726=ORIENTED_EDGE('',*,*,#1968,.F.);
#2727=ORIENTED_EDGE('',*,*,#2050,.F.);
#2728=ORIENTED_EDGE('',*,*,#1785,.F.);
#2729=ORIENTED_EDGE('',*,*,#2050,.T.);
#2730=ORIENTED_EDGE('',*,*,#1967,.F.);
#2731=ORIENTED_EDGE('',*,*,#2051,.F.);
#2732=ORIENTED_EDGE('',*,*,#1786,.F.);
#2733=ORIENTED_EDGE('',*,*,#2051,.T.);
#2734=ORIENTED_EDGE('',*,*,#1966,.F.);
#2735=ORIENTED_EDGE('',*,*,#2052,.F.);
#2736=ORIENTED_EDGE('',*,*,#1787,.F.);
#2737=ORIENTED_EDGE('',*,*,#2052,.T.);
#2738=ORIENTED_EDGE('',*,*,#1965,.F.);
#2739=ORIENTED_EDGE('',*,*,#2053,.F.);
#2740=ORIENTED_EDGE('',*,*,#1788,.F.);
#2741=ORIENTED_EDGE('',*,*,#2053,.T.);
#2742=ORIENTED_EDGE('',*,*,#1964,.F.);
#2743=ORIENTED_EDGE('',*,*,#2054,.F.);
#2744=ORIENTED_EDGE('',*,*,#1789,.F.);
#2745=ORIENTED_EDGE('',*,*,#2054,.T.);
#2746=ORIENTED_EDGE('',*,*,#1963,.F.);
#2747=ORIENTED_EDGE('',*,*,#2055,.F.);
#2748=ORIENTED_EDGE('',*,*,#1790,.F.);
#2749=ORIENTED_EDGE('',*,*,#2055,.T.);
#2750=ORIENTED_EDGE('',*,*,#1962,.F.);
#2751=ORIENTED_EDGE('',*,*,#2056,.F.);
#2752=ORIENTED_EDGE('',*,*,#1791,.F.);
#2753=ORIENTED_EDGE('',*,*,#2056,.T.);
#2754=ORIENTED_EDGE('',*,*,#1961,.F.);
#2755=ORIENTED_EDGE('',*,*,#2057,.F.);
#2756=ORIENTED_EDGE('',*,*,#1792,.F.);
#2757=ORIENTED_EDGE('',*,*,#2057,.T.);
#2758=ORIENTED_EDGE('',*,*,#1960,.F.);
#2759=ORIENTED_EDGE('',*,*,#2058,.F.);
#2760=ORIENTED_EDGE('',*,*,#1793,.F.);
#2761=ORIENTED_EDGE('',*,*,#2058,.T.);
#2762=ORIENTED_EDGE('',*,*,#1959,.F.);
#2763=ORIENTED_EDGE('',*,*,#2059,.F.);
#2764=ORIENTED_EDGE('',*,*,#1794,.F.);
#2765=ORIENTED_EDGE('',*,*,#2059,.T.);
#2766=ORIENTED_EDGE('',*,*,#1958,.F.);
#2767=ORIENTED_EDGE('',*,*,#2060,.F.);
#2768=ORIENTED_EDGE('',*,*,#1795,.F.);
#2769=ORIENTED_EDGE('',*,*,#2060,.T.);
#2770=ORIENTED_EDGE('',*,*,#1957,.F.);
#2771=ORIENTED_EDGE('',*,*,#2061,.F.);
#2772=ORIENTED_EDGE('',*,*,#1796,.F.);
#2773=ORIENTED_EDGE('',*,*,#2061,.T.);
#2774=ORIENTED_EDGE('',*,*,#1956,.F.);
#2775=ORIENTED_EDGE('',*,*,#2062,.F.);
#2776=ORIENTED_EDGE('',*,*,#1797,.F.);
#2777=ORIENTED_EDGE('',*,*,#2062,.T.);
#2778=ORIENTED_EDGE('',*,*,#1955,.F.);
#2779=ORIENTED_EDGE('',*,*,#2063,.F.);
#2780=ORIENTED_EDGE('',*,*,#1798,.F.);
#2781=ORIENTED_EDGE('',*,*,#2063,.T.);
#2782=ORIENTED_EDGE('',*,*,#1954,.F.);
#2783=ORIENTED_EDGE('',*,*,#2064,.F.);
#2784=ORIENTED_EDGE('',*,*,#1799,.F.);
#2785=ORIENTED_EDGE('',*,*,#2064,.T.);
#2786=ORIENTED_EDGE('',*,*,#1953,.F.);
#2787=ORIENTED_EDGE('',*,*,#2065,.F.);
#2788=ORIENTED_EDGE('',*,*,#1800,.F.);
#2789=ORIENTED_EDGE('',*,*,#2065,.T.);
#2790=ORIENTED_EDGE('',*,*,#1952,.F.);
#2791=ORIENTED_EDGE('',*,*,#2066,.F.);
#2792=ORIENTED_EDGE('',*,*,#1801,.F.);
#2793=ORIENTED_EDGE('',*,*,#2066,.T.);
#2794=ORIENTED_EDGE('',*,*,#1951,.F.);
#2795=ORIENTED_EDGE('',*,*,#2067,.F.);
#2796=ORIENTED_EDGE('',*,*,#1802,.F.);
#2797=ORIENTED_EDGE('',*,*,#2067,.T.);
#2798=ORIENTED_EDGE('',*,*,#1950,.F.);
#2799=ORIENTED_EDGE('',*,*,#2068,.F.);
#2800=ORIENTED_EDGE('',*,*,#1780,.F.);
#2801=ORIENTED_EDGE('',*,*,#2068,.T.);
#2802=ORIENTED_EDGE('',*,*,#1949,.F.);
#2803=ORIENTED_EDGE('',*,*,#2046,.F.);
#2804=ORIENTED_EDGE('',*,*,#1804,.F.);
#2805=ORIENTED_EDGE('',*,*,#2069,.T.);
#2806=ORIENTED_EDGE('',*,*,#2032,.F.);
#2807=ORIENTED_EDGE('',*,*,#2070,.F.);
#2808=ORIENTED_EDGE('',*,*,#1805,.F.);
#2809=ORIENTED_EDGE('',*,*,#2070,.T.);
#2810=ORIENTED_EDGE('',*,*,#2031,.F.);
#2811=ORIENTED_EDGE('',*,*,#2071,.F.);
#2812=ORIENTED_EDGE('',*,*,#1806,.F.);
#2813=ORIENTED_EDGE('',*,*,#2071,.T.);
#2814=ORIENTED_EDGE('',*,*,#2030,.F.);
#2815=ORIENTED_EDGE('',*,*,#2072,.F.);
#2816=ORIENTED_EDGE('',*,*,#1807,.F.);
#2817=ORIENTED_EDGE('',*,*,#2072,.T.);
#2818=ORIENTED_EDGE('',*,*,#2029,.F.);
#2819=ORIENTED_EDGE('',*,*,#2073,.F.);
#2820=ORIENTED_EDGE('',*,*,#1808,.F.);
#2821=ORIENTED_EDGE('',*,*,#2073,.T.);
#2822=ORIENTED_EDGE('',*,*,#2028,.F.);
#2823=ORIENTED_EDGE('',*,*,#2074,.F.);
#2824=ORIENTED_EDGE('',*,*,#1809,.F.);
#2825=ORIENTED_EDGE('',*,*,#2074,.T.);
#2826=ORIENTED_EDGE('',*,*,#2027,.F.);
#2827=ORIENTED_EDGE('',*,*,#2075,.F.);
#2828=ORIENTED_EDGE('',*,*,#1810,.F.);
#2829=ORIENTED_EDGE('',*,*,#2075,.T.);
#2830=ORIENTED_EDGE('',*,*,#2026,.F.);
#2831=ORIENTED_EDGE('',*,*,#2076,.F.);
#2832=ORIENTED_EDGE('',*,*,#1811,.F.);
#2833=ORIENTED_EDGE('',*,*,#2076,.T.);
#2834=ORIENTED_EDGE('',*,*,#2025,.F.);
#2835=ORIENTED_EDGE('',*,*,#2077,.F.);
#2836=ORIENTED_EDGE('',*,*,#1812,.F.);
#2837=ORIENTED_EDGE('',*,*,#2077,.T.);
#2838=ORIENTED_EDGE('',*,*,#2024,.F.);
#2839=ORIENTED_EDGE('',*,*,#2078,.F.);
#2840=ORIENTED_EDGE('',*,*,#1813,.F.);
#2841=ORIENTED_EDGE('',*,*,#2078,.T.);
#2842=ORIENTED_EDGE('',*,*,#2023,.F.);
#2843=ORIENTED_EDGE('',*,*,#2079,.F.);
#2844=ORIENTED_EDGE('',*,*,#1814,.F.);
#2845=ORIENTED_EDGE('',*,*,#2079,.T.);
#2846=ORIENTED_EDGE('',*,*,#2022,.F.);
#2847=ORIENTED_EDGE('',*,*,#2080,.F.);
#2848=ORIENTED_EDGE('',*,*,#1815,.F.);
#2849=ORIENTED_EDGE('',*,*,#2080,.T.);
#2850=ORIENTED_EDGE('',*,*,#2021,.F.);
#2851=ORIENTED_EDGE('',*,*,#2081,.F.);
#2852=ORIENTED_EDGE('',*,*,#1816,.F.);
#2853=ORIENTED_EDGE('',*,*,#2081,.T.);
#2854=ORIENTED_EDGE('',*,*,#2020,.F.);
#2855=ORIENTED_EDGE('',*,*,#2082,.F.);
#2856=ORIENTED_EDGE('',*,*,#1817,.F.);
#2857=ORIENTED_EDGE('',*,*,#2082,.T.);
#2858=ORIENTED_EDGE('',*,*,#2019,.F.);
#2859=ORIENTED_EDGE('',*,*,#2083,.F.);
#2860=ORIENTED_EDGE('',*,*,#1818,.F.);
#2861=ORIENTED_EDGE('',*,*,#2083,.T.);
#2862=ORIENTED_EDGE('',*,*,#2018,.F.);
#2863=ORIENTED_EDGE('',*,*,#2084,.F.);
#2864=ORIENTED_EDGE('',*,*,#1819,.F.);
#2865=ORIENTED_EDGE('',*,*,#2084,.T.);
#2866=ORIENTED_EDGE('',*,*,#2017,.F.);
#2867=ORIENTED_EDGE('',*,*,#2085,.F.);
#2868=ORIENTED_EDGE('',*,*,#1820,.F.);
#2869=ORIENTED_EDGE('',*,*,#2085,.T.);
#2870=ORIENTED_EDGE('',*,*,#2016,.F.);
#2871=ORIENTED_EDGE('',*,*,#2086,.F.);
#2872=ORIENTED_EDGE('',*,*,#1821,.F.);
#2873=ORIENTED_EDGE('',*,*,#2086,.T.);
#2874=ORIENTED_EDGE('',*,*,#2015,.F.);
#2875=ORIENTED_EDGE('',*,*,#2087,.F.);
#2876=ORIENTED_EDGE('',*,*,#1822,.F.);
#2877=ORIENTED_EDGE('',*,*,#2087,.T.);
#2878=ORIENTED_EDGE('',*,*,#2014,.F.);
#2879=ORIENTED_EDGE('',*,*,#2088,.F.);
#2880=ORIENTED_EDGE('',*,*,#1823,.F.);
#2881=ORIENTED_EDGE('',*,*,#2088,.T.);
#2882=ORIENTED_EDGE('',*,*,#2013,.F.);
#2883=ORIENTED_EDGE('',*,*,#2089,.F.);
#2884=ORIENTED_EDGE('',*,*,#1824,.F.);
#2885=ORIENTED_EDGE('',*,*,#2089,.T.);
#2886=ORIENTED_EDGE('',*,*,#2012,.F.);
#2887=ORIENTED_EDGE('',*,*,#2090,.F.);
#2888=ORIENTED_EDGE('',*,*,#1825,.F.);
#2889=ORIENTED_EDGE('',*,*,#2090,.T.);
#2890=ORIENTED_EDGE('',*,*,#2011,.F.);
#2891=ORIENTED_EDGE('',*,*,#2091,.F.);
#2892=ORIENTED_EDGE('',*,*,#1826,.F.);
#2893=ORIENTED_EDGE('',*,*,#2091,.T.);
#2894=ORIENTED_EDGE('',*,*,#2010,.F.);
#2895=ORIENTED_EDGE('',*,*,#2092,.F.);
#2896=ORIENTED_EDGE('',*,*,#1827,.F.);
#2897=ORIENTED_EDGE('',*,*,#2092,.T.);
#2898=ORIENTED_EDGE('',*,*,#2009,.F.);
#2899=ORIENTED_EDGE('',*,*,#2093,.F.);
#2900=ORIENTED_EDGE('',*,*,#1828,.F.);
#2901=ORIENTED_EDGE('',*,*,#2093,.T.);
#2902=ORIENTED_EDGE('',*,*,#2008,.F.);
#2903=ORIENTED_EDGE('',*,*,#2094,.F.);
#2904=ORIENTED_EDGE('',*,*,#1829,.F.);
#2905=ORIENTED_EDGE('',*,*,#2094,.T.);
#2906=ORIENTED_EDGE('',*,*,#2007,.F.);
#2907=ORIENTED_EDGE('',*,*,#2095,.F.);
#2908=ORIENTED_EDGE('',*,*,#1830,.F.);
#2909=ORIENTED_EDGE('',*,*,#2095,.T.);
#2910=ORIENTED_EDGE('',*,*,#2006,.F.);
#2911=ORIENTED_EDGE('',*,*,#2096,.F.);
#2912=ORIENTED_EDGE('',*,*,#1831,.F.);
#2913=ORIENTED_EDGE('',*,*,#2096,.T.);
#2914=ORIENTED_EDGE('',*,*,#2005,.F.);
#2915=ORIENTED_EDGE('',*,*,#2097,.F.);
#2916=ORIENTED_EDGE('',*,*,#1832,.F.);
#2917=ORIENTED_EDGE('',*,*,#2097,.T.);
#2918=ORIENTED_EDGE('',*,*,#2004,.F.);
#2919=ORIENTED_EDGE('',*,*,#2098,.F.);
#2920=ORIENTED_EDGE('',*,*,#1833,.F.);
#2921=ORIENTED_EDGE('',*,*,#2098,.T.);
#2922=ORIENTED_EDGE('',*,*,#2003,.F.);
#2923=ORIENTED_EDGE('',*,*,#2099,.F.);
#2924=ORIENTED_EDGE('',*,*,#1834,.F.);
#2925=ORIENTED_EDGE('',*,*,#2099,.T.);
#2926=ORIENTED_EDGE('',*,*,#2002,.F.);
#2927=ORIENTED_EDGE('',*,*,#2100,.F.);
#2928=ORIENTED_EDGE('',*,*,#1835,.F.);
#2929=ORIENTED_EDGE('',*,*,#2100,.T.);
#2930=ORIENTED_EDGE('',*,*,#2001,.F.);
#2931=ORIENTED_EDGE('',*,*,#2101,.F.);
#2932=ORIENTED_EDGE('',*,*,#1836,.F.);
#2933=ORIENTED_EDGE('',*,*,#2101,.T.);
#2934=ORIENTED_EDGE('',*,*,#2000,.F.);
#2935=ORIENTED_EDGE('',*,*,#2102,.F.);
#2936=ORIENTED_EDGE('',*,*,#1837,.F.);
#2937=ORIENTED_EDGE('',*,*,#2102,.T.);
#2938=ORIENTED_EDGE('',*,*,#1999,.F.);
#2939=ORIENTED_EDGE('',*,*,#2103,.F.);
#2940=ORIENTED_EDGE('',*,*,#1838,.F.);
#2941=ORIENTED_EDGE('',*,*,#2103,.T.);
#2942=ORIENTED_EDGE('',*,*,#1998,.F.);
#2943=ORIENTED_EDGE('',*,*,#2104,.F.);
#2944=ORIENTED_EDGE('',*,*,#1839,.F.);
#2945=ORIENTED_EDGE('',*,*,#2104,.T.);
#2946=ORIENTED_EDGE('',*,*,#1997,.F.);
#2947=ORIENTED_EDGE('',*,*,#2105,.F.);
#2948=ORIENTED_EDGE('',*,*,#1840,.F.);
#2949=ORIENTED_EDGE('',*,*,#2105,.T.);
#2950=ORIENTED_EDGE('',*,*,#1996,.F.);
#2951=ORIENTED_EDGE('',*,*,#2106,.F.);
#2952=ORIENTED_EDGE('',*,*,#1841,.F.);
#2953=ORIENTED_EDGE('',*,*,#2106,.T.);
#2954=ORIENTED_EDGE('',*,*,#1995,.F.);
#2955=ORIENTED_EDGE('',*,*,#2107,.F.);
#2956=ORIENTED_EDGE('',*,*,#1842,.F.);
#2957=ORIENTED_EDGE('',*,*,#2107,.T.);
#2958=ORIENTED_EDGE('',*,*,#1994,.F.);
#2959=ORIENTED_EDGE('',*,*,#2108,.F.);
#2960=ORIENTED_EDGE('',*,*,#1843,.F.);
#2961=ORIENTED_EDGE('',*,*,#2108,.T.);
#2962=ORIENTED_EDGE('',*,*,#1993,.F.);
#2963=ORIENTED_EDGE('',*,*,#2109,.F.);
#2964=ORIENTED_EDGE('',*,*,#1844,.F.);
#2965=ORIENTED_EDGE('',*,*,#2109,.T.);
#2966=ORIENTED_EDGE('',*,*,#1992,.F.);
#2967=ORIENTED_EDGE('',*,*,#2110,.F.);
#2968=ORIENTED_EDGE('',*,*,#1845,.F.);
#2969=ORIENTED_EDGE('',*,*,#2110,.T.);
#2970=ORIENTED_EDGE('',*,*,#1991,.F.);
#2971=ORIENTED_EDGE('',*,*,#2111,.F.);
#2972=ORIENTED_EDGE('',*,*,#1846,.F.);
#2973=ORIENTED_EDGE('',*,*,#2111,.T.);
#2974=ORIENTED_EDGE('',*,*,#1990,.F.);
#2975=ORIENTED_EDGE('',*,*,#2112,.F.);
#2976=ORIENTED_EDGE('',*,*,#1847,.F.);
#2977=ORIENTED_EDGE('',*,*,#2112,.T.);
#2978=ORIENTED_EDGE('',*,*,#1989,.F.);
#2979=ORIENTED_EDGE('',*,*,#2113,.F.);
#2980=ORIENTED_EDGE('',*,*,#1848,.F.);
#2981=ORIENTED_EDGE('',*,*,#2113,.T.);
#2982=ORIENTED_EDGE('',*,*,#1988,.F.);
#2983=ORIENTED_EDGE('',*,*,#2114,.F.);
#2984=ORIENTED_EDGE('',*,*,#1849,.F.);
#2985=ORIENTED_EDGE('',*,*,#2114,.T.);
#2986=ORIENTED_EDGE('',*,*,#1987,.F.);
#2987=ORIENTED_EDGE('',*,*,#2115,.F.);
#2988=ORIENTED_EDGE('',*,*,#1850,.F.);
#2989=ORIENTED_EDGE('',*,*,#2115,.T.);
#2990=ORIENTED_EDGE('',*,*,#1986,.F.);
#2991=ORIENTED_EDGE('',*,*,#2116,.F.);
#2992=ORIENTED_EDGE('',*,*,#1851,.F.);
#2993=ORIENTED_EDGE('',*,*,#2116,.T.);
#2994=ORIENTED_EDGE('',*,*,#1985,.F.);
#2995=ORIENTED_EDGE('',*,*,#2117,.F.);
#2996=ORIENTED_EDGE('',*,*,#1852,.F.);
#2997=ORIENTED_EDGE('',*,*,#2117,.T.);
#2998=ORIENTED_EDGE('',*,*,#1984,.F.);
#2999=ORIENTED_EDGE('',*,*,#2118,.F.);
#3000=ORIENTED_EDGE('',*,*,#1853,.F.);
#3001=ORIENTED_EDGE('',*,*,#2118,.T.);
#3002=ORIENTED_EDGE('',*,*,#1983,.F.);
#3003=ORIENTED_EDGE('',*,*,#2119,.F.);
#3004=ORIENTED_EDGE('',*,*,#1854,.F.);
#3005=ORIENTED_EDGE('',*,*,#2119,.T.);
#3006=ORIENTED_EDGE('',*,*,#1982,.F.);
#3007=ORIENTED_EDGE('',*,*,#2120,.F.);
#3008=ORIENTED_EDGE('',*,*,#1855,.F.);
#3009=ORIENTED_EDGE('',*,*,#2120,.T.);
#3010=ORIENTED_EDGE('',*,*,#1981,.F.);
#3011=ORIENTED_EDGE('',*,*,#2121,.F.);
#3012=ORIENTED_EDGE('',*,*,#1856,.F.);
#3013=ORIENTED_EDGE('',*,*,#2121,.T.);
#3014=ORIENTED_EDGE('',*,*,#1980,.F.);
#3015=ORIENTED_EDGE('',*,*,#2122,.F.);
#3016=ORIENTED_EDGE('',*,*,#1857,.F.);
#3017=ORIENTED_EDGE('',*,*,#2122,.T.);
#3018=ORIENTED_EDGE('',*,*,#1979,.F.);
#3019=ORIENTED_EDGE('',*,*,#2123,.F.);
#3020=ORIENTED_EDGE('',*,*,#1858,.F.);
#3021=ORIENTED_EDGE('',*,*,#2123,.T.);
#3022=ORIENTED_EDGE('',*,*,#1978,.F.);
#3023=ORIENTED_EDGE('',*,*,#2124,.F.);
#3024=ORIENTED_EDGE('',*,*,#1859,.F.);
#3025=ORIENTED_EDGE('',*,*,#2124,.T.);
#3026=ORIENTED_EDGE('',*,*,#1977,.F.);
#3027=ORIENTED_EDGE('',*,*,#2125,.F.);
#3028=ORIENTED_EDGE('',*,*,#1860,.F.);
#3029=ORIENTED_EDGE('',*,*,#2125,.T.);
#3030=ORIENTED_EDGE('',*,*,#1976,.F.);
#3031=ORIENTED_EDGE('',*,*,#2126,.F.);
#3032=ORIENTED_EDGE('',*,*,#1861,.F.);
#3033=ORIENTED_EDGE('',*,*,#2126,.T.);
#3034=ORIENTED_EDGE('',*,*,#1975,.F.);
#3035=ORIENTED_EDGE('',*,*,#2127,.F.);
#3036=ORIENTED_EDGE('',*,*,#1862,.F.);
#3037=ORIENTED_EDGE('',*,*,#2127,.T.);
#3038=ORIENTED_EDGE('',*,*,#1974,.F.);
#3039=ORIENTED_EDGE('',*,*,#2128,.F.);
#3040=ORIENTED_EDGE('',*,*,#1863,.F.);
#3041=ORIENTED_EDGE('',*,*,#2128,.T.);
#3042=ORIENTED_EDGE('',*,*,#1973,.F.);
#3043=ORIENTED_EDGE('',*,*,#2129,.F.);
#3044=ORIENTED_EDGE('',*,*,#1803,.F.);
#3045=ORIENTED_EDGE('',*,*,#2129,.T.);
#3046=ORIENTED_EDGE('',*,*,#1972,.F.);
#3047=ORIENTED_EDGE('',*,*,#2069,.F.);
#3048=CYLINDRICAL_SURFACE('',#3263,1.99999999999999);
#3049=CYLINDRICAL_SURFACE('',#3267,2.00000000000003);
#3050=CYLINDRICAL_SURFACE('',#3271,1.99999999999999);
#3051=CYLINDRICAL_SURFACE('',#3275,1.99999999999999);
#3052=CYLINDRICAL_SURFACE('',#3279,1.99999999999999);
#3053=CYLINDRICAL_SURFACE('',#3283,1.99999999999999);
#3054=CYLINDRICAL_SURFACE('',#3287,2.10000000000001);
#3055=CYLINDRICAL_SURFACE('',#3291,2.10000000000001);
#3056=CYLINDRICAL_SURFACE('',#3295,2.10000000000001);
#3057=CYLINDRICAL_SURFACE('',#3299,2.10000000000001);
#3058=CYLINDRICAL_SURFACE('',#3303,2.09999999999999);
#3059=CYLINDRICAL_SURFACE('',#3307,2.10000000000001);
#3060=CYLINDRICAL_SURFACE('',#3311,3.);
#3061=CYLINDRICAL_SURFACE('',#3316,3.);
#3062=CYLINDRICAL_SURFACE('',#3318,3.);
#3063=CYLINDRICAL_SURFACE('',#3319,3.);
#3064=CYLINDRICAL_SURFACE('',#3320,3.);
#3065=CYLINDRICAL_SURFACE('',#3321,3.);
#3066=CYLINDRICAL_SURFACE('',#3323,3.);
#3067=CYLINDRICAL_SURFACE('',#3328,3.);
#3068=CYLINDRICAL_SURFACE('',#3333,3.);
#3069=CYLINDRICAL_SURFACE('',#3338,3.);
#3070=CYLINDRICAL_SURFACE('',#3340,3.);
#3071=CYLINDRICAL_SURFACE('',#3341,3.);
#3072=CYLINDRICAL_SURFACE('',#3346,3.);
#3073=CYLINDRICAL_SURFACE('',#3347,5.);
#3074=CYLINDRICAL_SURFACE('',#3355,5.);
#3075=CYLINDRICAL_SURFACE('',#3369,5.);
#3076=CYLINDRICAL_SURFACE('',#3371,5.);
#3077=CYLINDRICAL_SURFACE('',#3373,5.);
#3078=CYLINDRICAL_SURFACE('',#3379,3.);
#3079=CYLINDRICAL_SURFACE('',#3382,3.);
#3080=CYLINDRICAL_SURFACE('',#3385,3.);
#3081=CYLINDRICAL_SURFACE('',#3388,3.);
#3082=CYLINDRICAL_SURFACE('',#3395,3.);
#3083=CYLINDRICAL_SURFACE('',#3399,4.25000000000001);
#3084=CYLINDRICAL_SURFACE('',#3400,3.75);
#3085=CYLINDRICAL_SURFACE('',#3402,3.75);
#3086=CYLINDRICAL_SURFACE('',#3404,3.75);
#3087=CYLINDRICAL_SURFACE('',#3406,3.75);
#3088=ADVANCED_FACE('',(#174),#3048,.T.);
#3089=ADVANCED_FACE('',(#175),#46,.T.);
#3090=ADVANCED_FACE('',(#176),#3049,.T.);
#3091=ADVANCED_FACE('',(#177),#47,.T.);
#3092=ADVANCED_FACE('',(#178),#3050,.T.);
#3093=ADVANCED_FACE('',(#179),#48,.T.);
#3094=ADVANCED_FACE('',(#180),#3051,.T.);
#3095=ADVANCED_FACE('',(#181),#49,.T.);
#3096=ADVANCED_FACE('',(#182),#3052,.T.);
#3097=ADVANCED_FACE('',(#183),#50,.T.);
#3098=ADVANCED_FACE('',(#184),#3053,.T.);
#3099=ADVANCED_FACE('',(#185),#51,.T.);
#3100=ADVANCED_FACE('',(#186),#3054,.F.);
#3101=ADVANCED_FACE('',(#187),#52,.F.);
#3102=ADVANCED_FACE('',(#188),#3055,.F.);
#3103=ADVANCED_FACE('',(#189),#53,.F.);
#3104=ADVANCED_FACE('',(#190),#3056,.F.);
#3105=ADVANCED_FACE('',(#191),#54,.F.);
#3106=ADVANCED_FACE('',(#192),#3057,.F.);
#3107=ADVANCED_FACE('',(#193),#55,.F.);
#3108=ADVANCED_FACE('',(#194),#3058,.F.);
#3109=ADVANCED_FACE('',(#195),#56,.F.);
#3110=ADVANCED_FACE('',(#196),#3059,.F.);
#3111=ADVANCED_FACE('',(#197),#57,.F.);
#3112=ADVANCED_FACE('',(#198),#3060,.T.);
#3113=ADVANCED_FACE('',(#199),#36,.F.);
#3114=ADVANCED_FACE('',(#200),#3061,.T.);
#3115=ADVANCED_FACE('',(#201),#3062,.T.);
#3116=ADVANCED_FACE('',(#202),#3063,.T.);
#3117=ADVANCED_FACE('',(#203),#3064,.T.);
#3118=ADVANCED_FACE('',(#204),#3065,.T.);
#3119=ADVANCED_FACE('',(#205),#3066,.T.);
#3120=ADVANCED_FACE('',(#206),#37,.F.);
#3121=ADVANCED_FACE('',(#207),#3067,.T.);
#3122=ADVANCED_FACE('',(#208),#38,.F.);
#3123=ADVANCED_FACE('',(#209),#3068,.T.);
#3124=ADVANCED_FACE('',(#210),#39,.F.);
#3125=ADVANCED_FACE('',(#211),#3069,.T.);
#3126=ADVANCED_FACE('',(#212),#3070,.T.);
#3127=ADVANCED_FACE('',(#213),#3071,.T.);
#3128=ADVANCED_FACE('',(#214),#40,.F.);
#3129=ADVANCED_FACE('',(#215),#3072,.T.);
#3130=ADVANCED_FACE('',(#216),#3073,.T.);
#3131=ADVANCED_FACE('',(#217),#58,.T.);
#3132=ADVANCED_FACE('',(#218),#59,.T.);
#3133=ADVANCED_FACE('',(#219),#60,.T.);
#3134=ADVANCED_FACE('',(#220),#61,.T.);
#3135=ADVANCED_FACE('',(#221),#62,.T.);
#3136=ADVANCED_FACE('',(#222),#63,.T.);
#3137=ADVANCED_FACE('',(#223),#3074,.T.);
#3138=ADVANCED_FACE('',(#224),#64,.T.);
#3139=ADVANCED_FACE('',(#225,#15,#16,#17),#65,.T.);
#3140=ADVANCED_FACE('',(#226),#66,.T.);
#3141=ADVANCED_FACE('',(#227),#3075,.T.);
#3142=ADVANCED_FACE('',(#228),#67,.T.);
#3143=ADVANCED_FACE('',(#229),#3076,.T.);
#3144=ADVANCED_FACE('',(#230),#68,.T.);
#3145=ADVANCED_FACE('',(#231),#3077,.T.);
#3146=ADVANCED_FACE('',(#232),#69,.T.);
#3147=ADVANCED_FACE('',(#233),#3078,.F.);
#3148=ADVANCED_FACE('',(#234),#70,.T.);
#3149=ADVANCED_FACE('',(#235),#3079,.F.);
#3150=ADVANCED_FACE('',(#236),#71,.T.);
#3151=ADVANCED_FACE('',(#237),#3080,.F.);
#3152=ADVANCED_FACE('',(#238),#72,.T.);
#3153=ADVANCED_FACE('',(#239),#3081,.F.);
#3154=ADVANCED_FACE('',(#240),#73,.T.);
#3155=ADVANCED_FACE('',(#241),#3082,.F.);
#3156=ADVANCED_FACE('',(#242,#18,#19,#20,#21,#22,#23,#24,#25,#26,#27,#28,
#29,#30,#31,#32),#74,.T.);
#3157=ADVANCED_FACE('',(#243),#3083,.F.);
#3158=ADVANCED_FACE('',(#244),#3084,.F.);
#3159=ADVANCED_FACE('',(#245),#75,.F.);
#3160=ADVANCED_FACE('',(#246),#3085,.F.);
#3161=ADVANCED_FACE('',(#247),#76,.F.);
#3162=ADVANCED_FACE('',(#248),#3086,.F.);
#3163=ADVANCED_FACE('',(#249),#77,.F.);
#3164=ADVANCED_FACE('',(#250),#3087,.F.);
#3165=ADVANCED_FACE('',(#251),#78,.T.);
#3166=ADVANCED_FACE('',(#252),#79,.T.);
#3167=ADVANCED_FACE('',(#253),#80,.T.);
#3168=ADVANCED_FACE('',(#254),#81,.T.);
#3169=ADVANCED_FACE('',(#255),#82,.T.);
#3170=ADVANCED_FACE('',(#256),#83,.T.);
#3171=ADVANCED_FACE('',(#257),#84,.T.);
#3172=ADVANCED_FACE('',(#258),#85,.T.);
#3173=ADVANCED_FACE('',(#259),#86,.T.);
#3174=ADVANCED_FACE('',(#260),#87,.T.);
#3175=ADVANCED_FACE('',(#261),#88,.T.);
#3176=ADVANCED_FACE('',(#262),#89,.T.);
#3177=ADVANCED_FACE('',(#263),#90,.T.);
#3178=ADVANCED_FACE('',(#264),#91,.T.);
#3179=ADVANCED_FACE('',(#265),#92,.T.);
#3180=ADVANCED_FACE('',(#266),#93,.T.);
#3181=ADVANCED_FACE('',(#267),#94,.T.);
#3182=ADVANCED_FACE('',(#268),#95,.T.);
#3183=ADVANCED_FACE('',(#269),#96,.T.);
#3184=ADVANCED_FACE('',(#270),#97,.T.);
#3185=ADVANCED_FACE('',(#271),#98,.T.);
#3186=ADVANCED_FACE('',(#272),#99,.T.);
#3187=ADVANCED_FACE('',(#273),#100,.T.);
#3188=ADVANCED_FACE('',(#274),#101,.T.);
#3189=ADVANCED_FACE('',(#275),#102,.T.);
#3190=ADVANCED_FACE('',(#276),#103,.T.);
#3191=ADVANCED_FACE('',(#277),#104,.T.);
#3192=ADVANCED_FACE('',(#278),#105,.T.);
#3193=ADVANCED_FACE('',(#279),#106,.T.);
#3194=ADVANCED_FACE('',(#280),#107,.T.);
#3195=ADVANCED_FACE('',(#281),#108,.T.);
#3196=ADVANCED_FACE('',(#282),#109,.T.);
#3197=ADVANCED_FACE('',(#283),#110,.T.);
#3198=ADVANCED_FACE('',(#284),#111,.T.);
#3199=ADVANCED_FACE('',(#285),#112,.T.);
#3200=ADVANCED_FACE('',(#286),#113,.T.);
#3201=ADVANCED_FACE('',(#287),#114,.T.);
#3202=ADVANCED_FACE('',(#288),#115,.T.);
#3203=ADVANCED_FACE('',(#289),#116,.T.);
#3204=ADVANCED_FACE('',(#290),#117,.T.);
#3205=ADVANCED_FACE('',(#291),#118,.T.);
#3206=ADVANCED_FACE('',(#292),#119,.T.);
#3207=ADVANCED_FACE('',(#293),#120,.T.);
#3208=ADVANCED_FACE('',(#294),#121,.T.);
#3209=ADVANCED_FACE('',(#295),#122,.T.);
#3210=ADVANCED_FACE('',(#296),#123,.T.);
#3211=ADVANCED_FACE('',(#297),#124,.T.);
#3212=ADVANCED_FACE('',(#298),#125,.T.);
#3213=ADVANCED_FACE('',(#299),#126,.T.);
#3214=ADVANCED_FACE('',(#300),#127,.T.);
#3215=ADVANCED_FACE('',(#301),#128,.T.);
#3216=ADVANCED_FACE('',(#302),#129,.T.);
#3217=ADVANCED_FACE('',(#303),#130,.T.);
#3218=ADVANCED_FACE('',(#304),#131,.T.);
#3219=ADVANCED_FACE('',(#305),#132,.T.);
#3220=ADVANCED_FACE('',(#306),#133,.T.);
#3221=ADVANCED_FACE('',(#307),#134,.T.);
#3222=ADVANCED_FACE('',(#308),#135,.T.);
#3223=ADVANCED_FACE('',(#309),#136,.T.);
#3224=ADVANCED_FACE('',(#310),#137,.T.);
#3225=ADVANCED_FACE('',(#311),#138,.T.);
#3226=ADVANCED_FACE('',(#312),#139,.T.);
#3227=ADVANCED_FACE('',(#313),#140,.T.);
#3228=ADVANCED_FACE('',(#314),#141,.T.);
#3229=ADVANCED_FACE('',(#315),#142,.T.);
#3230=ADVANCED_FACE('',(#316),#143,.T.);
#3231=ADVANCED_FACE('',(#317),#144,.T.);
#3232=ADVANCED_FACE('',(#318),#145,.T.);
#3233=ADVANCED_FACE('',(#319),#146,.T.);
#3234=ADVANCED_FACE('',(#320),#147,.T.);
#3235=ADVANCED_FACE('',(#321),#148,.T.);
#3236=ADVANCED_FACE('',(#322),#149,.T.);
#3237=ADVANCED_FACE('',(#323),#150,.T.);
#3238=ADVANCED_FACE('',(#324),#151,.T.);
#3239=ADVANCED_FACE('',(#325),#152,.T.);
#3240=ADVANCED_FACE('',(#326),#153,.T.);
#3241=ADVANCED_FACE('',(#327),#154,.T.);
#3242=ADVANCED_FACE('',(#328),#155,.T.);
#3243=ADVANCED_FACE('',(#329),#156,.T.);
#3244=ADVANCED_FACE('',(#330),#157,.T.);
#3245=ADVANCED_FACE('',(#331),#158,.T.);
#3246=ADVANCED_FACE('',(#332),#159,.T.);
#3247=ADVANCED_FACE('',(#333),#160,.T.);
#3248=ADVANCED_FACE('',(#334),#161,.T.);
#3249=ADVANCED_FACE('',(#335),#162,.T.);
#3250=ADVANCED_FACE('',(#336),#163,.T.);
#3251=ADVANCED_FACE('',(#337),#164,.T.);
#3252=ADVANCED_FACE('',(#338),#165,.T.);
#3253=ADVANCED_FACE('',(#339),#166,.T.);
#3254=ADVANCED_FACE('',(#340),#167,.T.);
#3255=ADVANCED_FACE('',(#341),#168,.T.);
#3256=ADVANCED_FACE('',(#342),#169,.T.);
#3257=ADVANCED_FACE('',(#343),#170,.T.);
#3258=ADVANCED_FACE('',(#344),#171,.T.);
#3259=ADVANCED_FACE('',(#345),#172,.T.);
#3260=ADVANCED_FACE('',(#346),#173,.T.);
#3261=CLOSED_SHELL('',(#3088,#3089,#3090,#3091,#3092,#3093,#3094,#3095,
#3096,#3097,#3098,#3099,#3100,#3101,#3102,#3103,#3104,#3105,#3106,#3107,
#3108,#3109,#3110,#3111,#3112,#3113,#3114,#3115,#3116,#3117,#3118,#3119,
#3120,#3121,#3122,#3123,#3124,#3125,#3126,#3127,#3128,#3129,#3130,#3131,
#3132,#3133,#3134,#3135,#3136,#3137,#3138,#3139,#3140,#3141,#3142,#3143,
#3144,#3145,#3146,#3147,#3148,#3149,#3150,#3151,#3152,#3153,#3154,#3155,
#3156,#3157,#3158,#3159,#3160,#3161,#3162,#3163,#3164,#3165,#3166,#3167,
#3168,#3169,#3170,#3171,#3172,#3173,#3174,#3175,#3176,#3177,#3178,#3179,
#3180,#3181,#3182,#3183,#3184,#3185,#3186,#3187,#3188,#3189,#3190,#3191,
#3192,#3193,#3194,#3195,#3196,#3197,#3198,#3199,#3200,#3201,#3202,#3203,
#3204,#3205,#3206,#3207,#3208,#3209,#3210,#3211,#3212,#3213,#3214,#3215,
#3216,#3217,#3218,#3219,#3220,#3221,#3222,#3223,#3224,#3225,#3226,#3227,
#3228,#3229,#3230,#3231,#3232,#3233,#3234,#3235,#3236,#3237,#3238,#3239,
#3240,#3241,#3242,#3243,#3244,#3245,#3246,#3247,#3248,#3249,#3250,#3251,
#3252,#3253,#3254,#3255,#3256,#3257,#3258,#3259,#3260));
#3262=AXIS2_PLACEMENT_3D('',#4367,#3503,#3504);
#3263=AXIS2_PLACEMENT_3D('',#4368,#3505,#3506);
#3264=AXIS2_PLACEMENT_3D('',#4370,#3507,#3508);
#3265=AXIS2_PLACEMENT_3D('',#4373,#3510,#3511);
#3266=AXIS2_PLACEMENT_3D('',#4374,#3512,#3513);
#3267=AXIS2_PLACEMENT_3D('',#4375,#3514,#3515);
#3268=AXIS2_PLACEMENT_3D('',#4377,#3516,#3517);
#3269=AXIS2_PLACEMENT_3D('',#4380,#3519,#3520);
#3270=AXIS2_PLACEMENT_3D('',#4381,#3521,#3522);
#3271=AXIS2_PLACEMENT_3D('',#4382,#3523,#3524);
#3272=AXIS2_PLACEMENT_3D('',#4384,#3525,#3526);
#3273=AXIS2_PLACEMENT_3D('',#4387,#3528,#3529);
#3274=AXIS2_PLACEMENT_3D('',#4388,#3530,#3531);
#3275=AXIS2_PLACEMENT_3D('',#4389,#3532,#3533);
#3276=AXIS2_PLACEMENT_3D('',#4391,#3534,#3535);
#3277=AXIS2_PLACEMENT_3D('',#4394,#3537,#3538);
#3278=AXIS2_PLACEMENT_3D('',#4395,#3539,#3540);
#3279=AXIS2_PLACEMENT_3D('',#4396,#3541,#3542);
#3280=AXIS2_PLACEMENT_3D('',#4398,#3543,#3544);
#3281=AXIS2_PLACEMENT_3D('',#4401,#3546,#3547);
#3282=AXIS2_PLACEMENT_3D('',#4402,#3548,#3549);
#3283=AXIS2_PLACEMENT_3D('',#4403,#3550,#3551);
#3284=AXIS2_PLACEMENT_3D('',#4405,#3552,#3553);
#3285=AXIS2_PLACEMENT_3D('',#4408,#3555,#3556);
#3286=AXIS2_PLACEMENT_3D('',#4409,#3557,#3558);
#3287=AXIS2_PLACEMENT_3D('',#4410,#3559,#3560);
#3288=AXIS2_PLACEMENT_3D('',#4412,#3561,#3562);
#3289=AXIS2_PLACEMENT_3D('',#4415,#3564,#3565);
#3290=AXIS2_PLACEMENT_3D('',#4416,#3566,#3567);
#3291=AXIS2_PLACEMENT_3D('',#4417,#3568,#3569);
#3292=AXIS2_PLACEMENT_3D('',#4419,#3570,#3571);
#3293=AXIS2_PLACEMENT_3D('',#4422,#3573,#3574);
#3294=AXIS2_PLACEMENT_3D('',#4423,#3575,#3576);
#3295=AXIS2_PLACEMENT_3D('',#4424,#3577,#3578);
#3296=AXIS2_PLACEMENT_3D('',#4426,#3579,#3580);
#3297=AXIS2_PLACEMENT_3D('',#4429,#3582,#3583);
#3298=AXIS2_PLACEMENT_3D('',#4430,#3584,#3585);
#3299=AXIS2_PLACEMENT_3D('',#4431,#3586,#3587);
#3300=AXIS2_PLACEMENT_3D('',#4433,#3588,#3589);
#3301=AXIS2_PLACEMENT_3D('',#4436,#3591,#3592);
#3302=AXIS2_PLACEMENT_3D('',#4437,#3593,#3594);
#3303=AXIS2_PLACEMENT_3D('',#4438,#3595,#3596);
#3304=AXIS2_PLACEMENT_3D('',#4440,#3597,#3598);
#3305=AXIS2_PLACEMENT_3D('',#4443,#3600,#3601);
#3306=AXIS2_PLACEMENT_3D('',#4444,#3602,#3603);
#3307=AXIS2_PLACEMENT_3D('',#4445,#3604,#3605);
#3308=AXIS2_PLACEMENT_3D('',#4447,#3606,#3607);
#3309=AXIS2_PLACEMENT_3D('',#4450,#3609,#3610);
#3310=AXIS2_PLACEMENT_3D('',#4451,#3611,#3612);
#3311=AXIS2_PLACEMENT_3D('',#4452,#3613,#3614);
#3312=AXIS2_PLACEMENT_3D('',#4507,#3616,#3617);
#3313=AXIS2_PLACEMENT_3D('',#4520,#3619,#3620);
#3314=AXIS2_PLACEMENT_3D('',#4521,#3621,#3622);
#3315=AXIS2_PLACEMENT_3D('',#4522,#3623,#3624);
#3316=AXIS2_PLACEMENT_3D('',#4523,#3625,#3626);
#3317=AXIS2_PLACEMENT_3D('',#4528,#3629,#3630);
#3318=AXIS2_PLACEMENT_3D('',#4529,#3631,#3632);
#3319=AXIS2_PLACEMENT_3D('',#4546,#3635,#3636);
#3320=AXIS2_PLACEMENT_3D('',#4563,#3639,#3640);
#3321=AXIS2_PLACEMENT_3D('',#4580,#3643,#3644);
#3322=AXIS2_PLACEMENT_3D('',#4585,#3647,#3648);
#3323=AXIS2_PLACEMENT_3D('',#4586,#3649,#3650);
#3324=AXIS2_PLACEMENT_3D('',#4590,#3652,#3653);
#3325=AXIS2_PLACEMENT_3D('',#4603,#3655,#3656);
#3326=AXIS2_PLACEMENT_3D('',#4604,#3657,#3658);
#3327=AXIS2_PLACEMENT_3D('',#4605,#3659,#3660);
#3328=AXIS2_PLACEMENT_3D('',#4606,#3661,#3662);
#3329=AXIS2_PLACEMENT_3D('',#4609,#3663,#3664);
#3330=AXIS2_PLACEMENT_3D('',#4623,#3667,#3668);
#3331=AXIS2_PLACEMENT_3D('',#4624,#3669,#3670);
#3332=AXIS2_PLACEMENT_3D('',#4625,#3671,#3672);
#3333=AXIS2_PLACEMENT_3D('',#4626,#3673,#3674);
#3334=AXIS2_PLACEMENT_3D('',#4629,#3675,#3676);
#3335=AXIS2_PLACEMENT_3D('',#4649,#3679,#3680);
#3336=AXIS2_PLACEMENT_3D('',#4650,#3681,#3682);
#3337=AXIS2_PLACEMENT_3D('',#4651,#3683,#3684);
#3338=AXIS2_PLACEMENT_3D('',#4652,#3685,#3686);
#3339=AXIS2_PLACEMENT_3D('',#4657,#3689,#3690);
#3340=AXIS2_PLACEMENT_3D('',#4658,#3691,#3692);
#3341=AXIS2_PLACEMENT_3D('',#4712,#3695,#3696);
#3342=AXIS2_PLACEMENT_3D('',#4716,#3698,#3699);
#3343=AXIS2_PLACEMENT_3D('',#4735,#3701,#3702);
#3344=AXIS2_PLACEMENT_3D('',#4736,#3703,#3704);
#3345=AXIS2_PLACEMENT_3D('',#4737,#3705,#3706);
#3346=AXIS2_PLACEMENT_3D('',#4738,#3707,#3708);
#3347=AXIS2_PLACEMENT_3D('',#4741,#3711,#3712);
#3348=AXIS2_PLACEMENT_3D('',#4745,#3714,#3715);
#3349=AXIS2_PLACEMENT_3D('',#4747,#3717,#3718);
#3350=AXIS2_PLACEMENT_3D('',#4751,#3721,#3722);
#3351=AXIS2_PLACEMENT_3D('',#4755,#3725,#3726);
#3352=AXIS2_PLACEMENT_3D('',#4759,#3729,#3730);
#3353=AXIS2_PLACEMENT_3D('',#4763,#3733,#3734);
#3354=AXIS2_PLACEMENT_3D('',#4767,#3737,#3738);
#3355=AXIS2_PLACEMENT_3D('',#4771,#3741,#3742);
#3356=AXIS2_PLACEMENT_3D('',#4774,#3744,#3745);
#3357=AXIS2_PLACEMENT_3D('',#4775,#3746,#3747);
#3358=AXIS2_PLACEMENT_3D('',#4779,#3750,#3751);
#3359=AXIS2_PLACEMENT_3D('',#4949,#3836,#3837);
#3360=AXIS2_PLACEMENT_3D('',#4950,#3838,#3839);
#3361=AXIS2_PLACEMENT_3D('',#4956,#3842,#3843);
#3362=AXIS2_PLACEMENT_3D('',#4962,#3846,#3847);
#3363=AXIS2_PLACEMENT_3D('',#4966,#3849,#3850);
#3364=AXIS2_PLACEMENT_3D('',#4974,#3854,#3855);
#3365=AXIS2_PLACEMENT_3D('',#4978,#3857,#3858);
#3366=AXIS2_PLACEMENT_3D('',#4984,#3861,#3862);
#3367=AXIS2_PLACEMENT_3D('',#4992,#3866,#3867);
#3368=AXIS2_PLACEMENT_3D('',#5006,#3874,#3875);
#3369=AXIS2_PLACEMENT_3D('',#5012,#3879,#3880);
#3370=AXIS2_PLACEMENT_3D('',#5015,#3883,#3884);
#3371=AXIS2_PLACEMENT_3D('',#5017,#3886,#3887);
#3372=AXIS2_PLACEMENT_3D('',#5020,#3890,#3891);
#3373=AXIS2_PLACEMENT_3D('',#5022,#3893,#3894);
#3374=AXIS2_PLACEMENT_3D('',#5025,#3897,#3898);
#3375=AXIS2_PLACEMENT_3D('',#5027,#3899,#3900);
#3376=AXIS2_PLACEMENT_3D('',#5031,#3902,#3903);
#3377=AXIS2_PLACEMENT_3D('',#5035,#3905,#3906);
#3378=AXIS2_PLACEMENT_3D('',#5038,#3908,#3909);
#3379=AXIS2_PLACEMENT_3D('',#5039,#3910,#3911);
#3380=AXIS2_PLACEMENT_3D('',#5042,#3912,#3913);
#3381=AXIS2_PLACEMENT_3D('',#5045,#3916,#3917);
#3382=AXIS2_PLACEMENT_3D('',#5049,#3920,#3921);
#3383=AXIS2_PLACEMENT_3D('',#5052,#3922,#3923);
#3384=AXIS2_PLACEMENT_3D('',#5055,#3926,#3927);
#3385=AXIS2_PLACEMENT_3D('',#5059,#3930,#3931);
#3386=AXIS2_PLACEMENT_3D('',#5062,#3932,#3933);
#3387=AXIS2_PLACEMENT_3D('',#5065,#3936,#3937);
#3388=AXIS2_PLACEMENT_3D('',#5069,#3940,#3941);
#3389=AXIS2_PLACEMENT_3D('',#5072,#3942,#3943);
#3390=AXIS2_PLACEMENT_3D('',#5075,#3946,#3947);
#3391=AXIS2_PLACEMENT_3D('',#5080,#3950,#3951);
#3392=AXIS2_PLACEMENT_3D('',#5084,#3953,#3954);
#3393=AXIS2_PLACEMENT_3D('',#5088,#3956,#3957);
#3394=AXIS2_PLACEMENT_3D('',#5091,#3959,#3960);
#3395=AXIS2_PLACEMENT_3D('',#5092,#3961,#3962);
#3396=AXIS2_PLACEMENT_3D('',#5094,#3963,#3964);
#3397=AXIS2_PLACEMENT_3D('',#5096,#3966,#3967);
#3398=AXIS2_PLACEMENT_3D('',#5280,#4061,#4062);
#3399=AXIS2_PLACEMENT_3D('',#5281,#4063,#4064);
#3400=AXIS2_PLACEMENT_3D('',#5283,#4066,#4067);
#3401=AXIS2_PLACEMENT_3D('',#5285,#4069,#4070);
#3402=AXIS2_PLACEMENT_3D('',#5288,#4073,#4074);
#3403=AXIS2_PLACEMENT_3D('',#5290,#4076,#4077);
#3404=AXIS2_PLACEMENT_3D('',#5291,#4078,#4079);
#3405=AXIS2_PLACEMENT_3D('',#5293,#4081,#4082);
#3406=AXIS2_PLACEMENT_3D('',#5295,#4084,#4085);
#3407=AXIS2_PLACEMENT_3D('',#5296,#4086,#4087);
#3408=AXIS2_PLACEMENT_3D('',#5298,#4089,#4090);
#3409=AXIS2_PLACEMENT_3D('',#5300,#4092,#4093);
#3410=AXIS2_PLACEMENT_3D('',#5302,#4095,#4096);
#3411=AXIS2_PLACEMENT_3D('',#5304,#4098,#4099);
#3412=AXIS2_PLACEMENT_3D('',#5305,#4100,#4101);
#3413=AXIS2_PLACEMENT_3D('',#5307,#4103,#4104);
#3414=AXIS2_PLACEMENT_3D('',#5308,#4105,#4106);
#3415=AXIS2_PLACEMENT_3D('',#5309,#4107,#4108);
#3416=AXIS2_PLACEMENT_3D('',#5310,#4109,#4110);
#3417=AXIS2_PLACEMENT_3D('',#5311,#4111,#4112);
#3418=AXIS2_PLACEMENT_3D('',#5312,#4113,#4114);
#3419=AXIS2_PLACEMENT_3D('',#5313,#4115,#4116);
#3420=AXIS2_PLACEMENT_3D('',#5316,#4119,#4120);
#3421=AXIS2_PLACEMENT_3D('',#5318,#4122,#4123);
#3422=AXIS2_PLACEMENT_3D('',#5320,#4125,#4126);
#3423=AXIS2_PLACEMENT_3D('',#5322,#4128,#4129);
#3424=AXIS2_PLACEMENT_3D('',#5324,#4131,#4132);
#3425=AXIS2_PLACEMENT_3D('',#5326,#4134,#4135);
#3426=AXIS2_PLACEMENT_3D('',#5328,#4137,#4138);
#3427=AXIS2_PLACEMENT_3D('',#5330,#4140,#4141);
#3428=AXIS2_PLACEMENT_3D('',#5332,#4143,#4144);
#3429=AXIS2_PLACEMENT_3D('',#5334,#4146,#4147);
#3430=AXIS2_PLACEMENT_3D('',#5336,#4149,#4150);
#3431=AXIS2_PLACEMENT_3D('',#5338,#4152,#4153);
#3432=AXIS2_PLACEMENT_3D('',#5340,#4155,#4156);
#3433=AXIS2_PLACEMENT_3D('',#5342,#4158,#4159);
#3434=AXIS2_PLACEMENT_3D('',#5344,#4161,#4162);
#3435=AXIS2_PLACEMENT_3D('',#5346,#4164,#4165);
#3436=AXIS2_PLACEMENT_3D('',#5348,#4167,#4168);
#3437=AXIS2_PLACEMENT_3D('',#5350,#4170,#4171);
#3438=AXIS2_PLACEMENT_3D('',#5352,#4173,#4174);
#3439=AXIS2_PLACEMENT_3D('',#5354,#4176,#4177);
#3440=AXIS2_PLACEMENT_3D('',#5356,#4179,#4180);
#3441=AXIS2_PLACEMENT_3D('',#5358,#4182,#4183);
#3442=AXIS2_PLACEMENT_3D('',#5359,#4184,#4185);
#3443=AXIS2_PLACEMENT_3D('',#5362,#4188,#4189);
#3444=AXIS2_PLACEMENT_3D('',#5364,#4191,#4192);
#3445=AXIS2_PLACEMENT_3D('',#5366,#4194,#4195);
#3446=AXIS2_PLACEMENT_3D('',#5368,#4197,#4198);
#3447=AXIS2_PLACEMENT_3D('',#5370,#4200,#4201);
#3448=AXIS2_PLACEMENT_3D('',#5372,#4203,#4204);
#3449=AXIS2_PLACEMENT_3D('',#5374,#4206,#4207);
#3450=AXIS2_PLACEMENT_3D('',#5376,#4209,#4210);
#3451=AXIS2_PLACEMENT_3D('',#5378,#4212,#4213);
#3452=AXIS2_PLACEMENT_3D('',#5380,#4215,#4216);
#3453=AXIS2_PLACEMENT_3D('',#5382,#4218,#4219);
#3454=AXIS2_PLACEMENT_3D('',#5384,#4221,#4222);
#3455=AXIS2_PLACEMENT_3D('',#5386,#4224,#4225);
#3456=AXIS2_PLACEMENT_3D('',#5388,#4227,#4228);
#3457=AXIS2_PLACEMENT_3D('',#5390,#4230,#4231);
#3458=AXIS2_PLACEMENT_3D('',#5392,#4233,#4234);
#3459=AXIS2_PLACEMENT_3D('',#5394,#4236,#4237);
#3460=AXIS2_PLACEMENT_3D('',#5396,#4239,#4240);
#3461=AXIS2_PLACEMENT_3D('',#5398,#4242,#4243);
#3462=AXIS2_PLACEMENT_3D('',#5400,#4245,#4246);
#3463=AXIS2_PLACEMENT_3D('',#5402,#4248,#4249);
#3464=AXIS2_PLACEMENT_3D('',#5404,#4251,#4252);
#3465=AXIS2_PLACEMENT_3D('',#5406,#4254,#4255);
#3466=AXIS2_PLACEMENT_3D('',#5408,#4257,#4258);
#3467=AXIS2_PLACEMENT_3D('',#5410,#4260,#4261);
#3468=AXIS2_PLACEMENT_3D('',#5412,#4263,#4264);
#3469=AXIS2_PLACEMENT_3D('',#5414,#4266,#4267);
#3470=AXIS2_PLACEMENT_3D('',#5416,#4269,#4270);
#3471=AXIS2_PLACEMENT_3D('',#5418,#4272,#4273);
#3472=AXIS2_PLACEMENT_3D('',#5420,#4275,#4276);
#3473=AXIS2_PLACEMENT_3D('',#5422,#4278,#4279);
#3474=AXIS2_PLACEMENT_3D('',#5424,#4281,#4282);
#3475=AXIS2_PLACEMENT_3D('',#5426,#4284,#4285);
#3476=AXIS2_PLACEMENT_3D('',#5428,#4287,#4288);
#3477=AXIS2_PLACEMENT_3D('',#5430,#4290,#4291);
#3478=AXIS2_PLACEMENT_3D('',#5432,#4293,#4294);
#3479=AXIS2_PLACEMENT_3D('',#5434,#4296,#4297);
#3480=AXIS2_PLACEMENT_3D('',#5436,#4299,#4300);
#3481=AXIS2_PLACEMENT_3D('',#5438,#4302,#4303);
#3482=AXIS2_PLACEMENT_3D('',#5440,#4305,#4306);
#3483=AXIS2_PLACEMENT_3D('',#5442,#4308,#4309);
#3484=AXIS2_PLACEMENT_3D('',#5444,#4311,#4312);
#3485=AXIS2_PLACEMENT_3D('',#5446,#4314,#4315);
#3486=AXIS2_PLACEMENT_3D('',#5448,#4317,#4318);
#3487=AXIS2_PLACEMENT_3D('',#5450,#4320,#4321);
#3488=AXIS2_PLACEMENT_3D('',#5452,#4323,#4324);
#3489=AXIS2_PLACEMENT_3D('',#5454,#4326,#4327);
#3490=AXIS2_PLACEMENT_3D('',#5456,#4329,#4330);
#3491=AXIS2_PLACEMENT_3D('',#5458,#4332,#4333);
#3492=AXIS2_PLACEMENT_3D('',#5460,#4335,#4336);
#3493=AXIS2_PLACEMENT_3D('',#5462,#4338,#4339);
#3494=AXIS2_PLACEMENT_3D('',#5464,#4341,#4342);
#3495=AXIS2_PLACEMENT_3D('',#5466,#4344,#4345);
#3496=AXIS2_PLACEMENT_3D('',#5468,#4347,#4348);
#3497=AXIS2_PLACEMENT_3D('',#5470,#4350,#4351);
#3498=AXIS2_PLACEMENT_3D('',#5472,#4353,#4354);
#3499=AXIS2_PLACEMENT_3D('',#5474,#4356,#4357);
#3500=AXIS2_PLACEMENT_3D('',#5476,#4359,#4360);
#3501=AXIS2_PLACEMENT_3D('',#5478,#4362,#4363);
#3502=AXIS2_PLACEMENT_3D('',#5480,#4365,#4366);
#3503=DIRECTION('axis',(0.,0.,1.));
#3504=DIRECTION('refdir',(1.,0.,0.));
#3505=DIRECTION('center_axis',(0.,0.,-1.));
#3506=DIRECTION('ref_axis',(1.,0.,0.));
#3507=DIRECTION('center_axis',(0.,0.,-1.));
#3508=DIRECTION('ref_axis',(1.,0.,0.));
#3509=DIRECTION('',(0.,0.,1.));
#3510=DIRECTION('center_axis',(0.,0.,1.));
#3511=DIRECTION('ref_axis',(1.,0.,0.));
#3512=DIRECTION('center_axis',(0.,0.,-1.));
#3513=DIRECTION('ref_axis',(1.,0.,0.));
#3514=DIRECTION('center_axis',(0.,0.,-1.));
#3515=DIRECTION('ref_axis',(1.,0.,0.));
#3516=DIRECTION('center_axis',(0.,0.,-1.));
#3517=DIRECTION('ref_axis',(1.,0.,0.));
#3518=DIRECTION('',(0.,0.,1.));
#3519=DIRECTION('center_axis',(0.,0.,1.));
#3520=DIRECTION('ref_axis',(1.,0.,0.));
#3521=DIRECTION('center_axis',(0.,0.,-1.));
#3522=DIRECTION('ref_axis',(1.,0.,0.));
#3523=DIRECTION('center_axis',(0.,0.,-1.));
#3524=DIRECTION('ref_axis',(1.,0.,0.));
#3525=DIRECTION('center_axis',(0.,0.,-1.));
#3526=DIRECTION('ref_axis',(1.,0.,0.));
#3527=DIRECTION('',(0.,0.,1.));
#3528=DIRECTION('center_axis',(0.,0.,1.));
#3529=DIRECTION('ref_axis',(1.,0.,0.));
#3530=DIRECTION('center_axis',(0.,0.,-1.));
#3531=DIRECTION('ref_axis',(1.,0.,0.));
#3532=DIRECTION('center_axis',(0.,0.,-1.));
#3533=DIRECTION('ref_axis',(1.,0.,0.));
#3534=DIRECTION('center_axis',(0.,0.,-1.));
#3535=DIRECTION('ref_axis',(1.,0.,0.));
#3536=DIRECTION('',(0.,0.,1.));
#3537=DIRECTION('center_axis',(0.,0.,1.));
#3538=DIRECTION('ref_axis',(1.,0.,0.));
#3539=DIRECTION('center_axis',(0.,0.,-1.));
#3540=DIRECTION('ref_axis',(1.,0.,0.));
#3541=DIRECTION('center_axis',(0.,0.,-1.));
#3542=DIRECTION('ref_axis',(1.,0.,0.));
#3543=DIRECTION('center_axis',(0.,0.,-1.));
#3544=DIRECTION('ref_axis',(1.,0.,0.));
#3545=DIRECTION('',(0.,0.,1.));
#3546=DIRECTION('center_axis',(0.,0.,1.));
#3547=DIRECTION('ref_axis',(1.,0.,0.));
#3548=DIRECTION('center_axis',(0.,0.,-1.));
#3549=DIRECTION('ref_axis',(1.,0.,0.));
#3550=DIRECTION('center_axis',(0.,0.,-1.));
#3551=DIRECTION('ref_axis',(1.,0.,0.));
#3552=DIRECTION('center_axis',(0.,0.,-1.));
#3553=DIRECTION('ref_axis',(1.,0.,0.));
#3554=DIRECTION('',(0.,0.,1.));
#3555=DIRECTION('center_axis',(0.,0.,1.));
#3556=DIRECTION('ref_axis',(1.,0.,0.));
#3557=DIRECTION('center_axis',(0.,0.,-1.));
#3558=DIRECTION('ref_axis',(1.,0.,0.));
#3559=DIRECTION('center_axis',(0.,0.,1.));
#3560=DIRECTION('ref_axis',(-1.,0.,0.));
#3561=DIRECTION('center_axis',(0.,0.,1.));
#3562=DIRECTION('ref_axis',(-1.,0.,0.));
#3563=DIRECTION('',(0.,0.,1.));
#3564=DIRECTION('center_axis',(0.,0.,1.));
#3565=DIRECTION('ref_axis',(-1.,0.,0.));
#3566=DIRECTION('center_axis',(0.,0.,1.));
#3567=DIRECTION('ref_axis',(-1.,0.,0.));
#3568=DIRECTION('center_axis',(0.,0.,1.));
#3569=DIRECTION('ref_axis',(-1.,0.,0.));
#3570=DIRECTION('center_axis',(0.,0.,1.));
#3571=DIRECTION('ref_axis',(-1.,0.,0.));
#3572=DIRECTION('',(0.,0.,1.));
#3573=DIRECTION('center_axis',(0.,0.,1.));
#3574=DIRECTION('ref_axis',(-1.,0.,0.));
#3575=DIRECTION('center_axis',(0.,0.,1.));
#3576=DIRECTION('ref_axis',(-1.,0.,0.));
#3577=DIRECTION('center_axis',(0.,0.,1.));
#3578=DIRECTION('ref_axis',(-1.,0.,0.));
#3579=DIRECTION('center_axis',(0.,0.,1.));
#3580=DIRECTION('ref_axis',(-1.,0.,0.));
#3581=DIRECTION('',(0.,0.,1.));
#3582=DIRECTION('center_axis',(0.,0.,1.));
#3583=DIRECTION('ref_axis',(-1.,0.,0.));
#3584=DIRECTION('center_axis',(0.,0.,1.));
#3585=DIRECTION('ref_axis',(-1.,0.,0.));
#3586=DIRECTION('center_axis',(0.,0.,1.));
#3587=DIRECTION('ref_axis',(-1.,0.,0.));
#3588=DIRECTION('center_axis',(0.,0.,1.));
#3589=DIRECTION('ref_axis',(-1.,0.,0.));
#3590=DIRECTION('',(0.,0.,1.));
#3591=DIRECTION('center_axis',(0.,0.,1.));
#3592=DIRECTION('ref_axis',(-1.,0.,0.));
#3593=DIRECTION('center_axis',(0.,0.,1.));
#3594=DIRECTION('ref_axis',(-1.,0.,0.));
#3595=DIRECTION('center_axis',(0.,0.,1.));
#3596=DIRECTION('ref_axis',(-1.,0.,0.));
#3597=DIRECTION('center_axis',(0.,0.,1.));
#3598=DIRECTION('ref_axis',(-1.,0.,0.));
#3599=DIRECTION('',(0.,0.,1.));
#3600=DIRECTION('center_axis',(0.,0.,1.));
#3601=DIRECTION('ref_axis',(-1.,0.,0.));
#3602=DIRECTION('center_axis',(0.,0.,1.));
#3603=DIRECTION('ref_axis',(-1.,0.,0.));
#3604=DIRECTION('center_axis',(0.,0.,1.));
#3605=DIRECTION('ref_axis',(-1.,0.,0.));
#3606=DIRECTION('center_axis',(0.,0.,1.));
#3607=DIRECTION('ref_axis',(-1.,0.,0.));
#3608=DIRECTION('',(0.,0.,1.));
#3609=DIRECTION('center_axis',(0.,0.,1.));
#3610=DIRECTION('ref_axis',(-1.,0.,0.));
#3611=DIRECTION('center_axis',(0.,0.,1.));
#3612=DIRECTION('ref_axis',(-1.,0.,0.));
#3613=DIRECTION('center_axis',(0.486881598530304,0.873467978241089,0.));
#3614=DIRECTION('ref_axis',(0.617635130563579,-0.344277279955715,0.707106781186551));
#3615=DIRECTION('',(0.486881598530304,0.873467978241089,0.));
#3616=DIRECTION('center_axis',(-0.486881598530303,-0.87346797824109,0.));
#3617=DIRECTION('ref_axis',(0.87346797824109,-0.486881598530303,0.));
#3618=DIRECTION('',(-0.486881598530304,-0.873467978241089,0.));
#3619=DIRECTION('center_axis',(0.868080711075503,-0.496423084735843,0.));
#3620=DIRECTION('ref_axis',(0.496423084735843,0.868080711075503,0.));
#3621=DIRECTION('center_axis',(0.,0.,-1.));
#3622=DIRECTION('ref_axis',(0.963395607328107,0.268083762620768,0.));
#3623=DIRECTION('center_axis',(0.,0.,1.));
#3624=DIRECTION('ref_axis',(0.963395607328107,0.268083762620768,0.));
#3625=DIRECTION('center_axis',(-0.8680807110755,0.496423084735848,0.));
#3626=DIRECTION('ref_axis',(0.351024129554259,0.613825757418728,0.707106781186547));
#3627=DIRECTION('',(0.8680807110755,-0.496423084735848,0.));
#3628=DIRECTION('',(-0.8680807110755,0.496423084735848,0.));
#3629=DIRECTION('center_axis',(0.501785270441518,-0.864992220986948,0.));
#3630=DIRECTION('ref_axis',(0.864992220986948,0.501785270441518,0.));
#3631=DIRECTION('center_axis',(0.,1.,0.));
#3632=DIRECTION('ref_axis',(0.707106781186544,0.,0.707106781186551));
#3633=DIRECTION('',(0.,1.,0.));
#3634=DIRECTION('',(0.,-1.,0.));
#3635=DIRECTION('center_axis',(-5.50923697799486E-5,0.999999998482415,0.));
#3636=DIRECTION('ref_axis',(0.707106780113453,3.89561882611648E-5,0.707106781186548));
#3637=DIRECTION('',(5.50923697799486E-5,-0.999999998482415,0.));
#3638=DIRECTION('',(-5.50923697799486E-5,0.999999998482415,0.));
#3639=DIRECTION('center_axis',(-0.000348979214484912,0.999999939106752,
0.));
#3640=DIRECTION('ref_axis',(0.707106738128514,0.000246765569064707,0.707106781186552));
#3641=DIRECTION('',(0.000348979214484912,-0.999999939106752,0.));
#3642=DIRECTION('',(-0.000348979214484912,0.999999939106752,0.));
#3643=DIRECTION('center_axis',(-0.00107790012382078,0.999999419065493,0.));
#3644=DIRECTION('ref_axis',(0.707106370403824,0.000762190486998333,0.707106781186542));
#3645=DIRECTION('',(0.00107790012382078,-0.999999419065493,0.));
#3646=DIRECTION('',(-0.00107790012382078,0.999999419065493,0.));
#3647=DIRECTION('center_axis',(0.00378828609889575,-0.999992824418472,0.));
#3648=DIRECTION('ref_axis',(-0.999992824418472,-0.00378828609889575,0.));
#3649=DIRECTION('center_axis',(-0.00649864424751364,0.999978883588521,0.));
#3650=DIRECTION('ref_axis',(0.707091849628796,0.0045952354159365,0.707106781186547));
#3651=DIRECTION('',(-0.00649864424751364,0.999978883588521,0.));
#3652=DIRECTION('center_axis',(0.00649864424751456,-0.999978883588521,0.));
#3653=DIRECTION('ref_axis',(0.999978883588521,0.00649864424751456,0.));
#3654=DIRECTION('',(0.00649864424751364,-0.999978883588521,0.));
#3655=DIRECTION('center_axis',(1.,0.,0.));
#3656=DIRECTION('ref_axis',(0.,1.,0.));
#3657=DIRECTION('center_axis',(0.,0.,-1.));
#3658=DIRECTION('ref_axis',(0.704805418449831,0.709400678124682,0.));
#3659=DIRECTION('center_axis',(0.,0.,1.));
#3660=DIRECTION('ref_axis',(0.704805418449831,0.709400678124682,0.));
#3661=DIRECTION('center_axis',(-1.,0.,0.));
#3662=DIRECTION('ref_axis',(0.,0.707106781186549,0.707106781186546));
#3663=DIRECTION('center_axis',(1.,0.,0.));
#3664=DIRECTION('ref_axis',(0.,1.,0.));
#3665=DIRECTION('',(1.,0.,0.));
#3666=DIRECTION('',(-1.,0.,0.));
#3667=DIRECTION('center_axis',(0.,1.,0.));
#3668=DIRECTION('ref_axis',(-1.,0.,0.));
#3669=DIRECTION('center_axis',(0.,0.,-1.));
#3670=DIRECTION('ref_axis',(-0.707106781186547,0.707106781186547,0.));
#3671=DIRECTION('center_axis',(0.,0.,1.));
#3672=DIRECTION('ref_axis',(-0.707106781186547,0.707106781186547,0.));
#3673=DIRECTION('center_axis',(0.,-1.,0.));
#3674=DIRECTION('ref_axis',(-0.707106781186549,0.,0.707106781186546));
#3675=DIRECTION('center_axis',(0.,1.,0.));
#3676=DIRECTION('ref_axis',(-1.,0.,0.));
#3677=DIRECTION('',(0.,1.,0.));
#3678=DIRECTION('',(0.,-1.,0.));
#3679=DIRECTION('center_axis',(-0.999999324254271,-0.00116253645193964,
0.));
#3680=DIRECTION('ref_axis',(0.00116253645193964,-0.999999324254271,0.));
#3681=DIRECTION('center_axis',(0.,0.,-1.));
#3682=DIRECTION('ref_axis',(-0.706695642956731,-0.70751768050415,0.));
#3683=DIRECTION('center_axis',(0.,0.,1.));
#3684=DIRECTION('ref_axis',(-0.706695642956731,-0.70751768050415,0.));
#3685=DIRECTION('center_axis',(0.999999324254271,0.00116253645194134,0.));
#3686=DIRECTION('ref_axis',(0.000822037408538879,-0.707106303362165,0.707106781186542));
#3687=DIRECTION('',(-0.999999324254271,-0.00116253645194134,0.));
#3688=DIRECTION('',(0.999999324254271,0.00116253645194134,0.));
#3689=DIRECTION('center_axis',(-0.966169798161684,0.257906807045124,0.));
#3690=DIRECTION('ref_axis',(-0.257906807045124,-0.966169798161684,0.));
#3691=DIRECTION('center_axis',(0.489059285155238,0.872250546347463,0.));
#3692=DIRECTION('ref_axis',(0.616774276215959,-0.345817136935514,0.70710678118655));
#3693=DIRECTION('',(0.489059285155238,0.872250546347463,0.));
#3694=DIRECTION('',(-0.489059285155238,-0.872250546347463,0.));
#3695=DIRECTION('center_axis',(0.866388206133301,-0.499371080733677,0.));
#3696=DIRECTION('ref_axis',(-0.35310867751524,-0.612628975696899,0.707106781186553));
#3697=DIRECTION('',(0.866388206133301,-0.499371080733677,0.));
#3698=DIRECTION('center_axis',(-0.8663882061333,0.499371080733679,0.));
#3699=DIRECTION('ref_axis',(-0.499371080733678,-0.8663882061333,0.));
#3700=DIRECTION('',(-0.866388206133301,0.499371080733677,0.));
#3701=DIRECTION('center_axis',(-0.499253920717565,-0.866455724574625,0.));
#3702=DIRECTION('ref_axis',(0.866455724574625,-0.499253920717565,0.));
#3703=DIRECTION('center_axis',(0.,0.,-1.));
#3704=DIRECTION('ref_axis',(0.25958559246979,-0.965720104472361,0.));
#3705=DIRECTION('center_axis',(0.,0.,1.));
#3706=DIRECTION('ref_axis',(0.25958559246979,-0.965720104472361,0.));
#3707=DIRECTION('center_axis',(0.499253920717565,0.866455724574625,0.));
#3708=DIRECTION('ref_axis',(0.612676718444626,-0.353025832873359,0.707106781186545));
#3709=DIRECTION('',(-0.499253920717565,-0.866455724574625,0.));
#3710=DIRECTION('',(0.499253920717565,0.866455724574625,0.));
#3711=DIRECTION('center_axis',(0.,0.,-1.));
#3712=DIRECTION('ref_axis',(0.704805418449829,0.709400678124684,0.));
#3713=DIRECTION('',(0.,0.,-1.));
#3714=DIRECTION('center_axis',(0.,0.,1.));
#3715=DIRECTION('ref_axis',(0.704805418449829,0.709400678124684,0.));
#3716=DIRECTION('',(0.,0.,1.));
#3717=DIRECTION('center_axis',(0.999978883588521,0.00649864424751364,0.));
#3718=DIRECTION('ref_axis',(0.00649864424751364,-0.999978883588521,0.));
#3719=DIRECTION('',(0.,0.,-1.));
#3720=DIRECTION('',(0.00649864424751837,-0.999978883588521,0.));
#3721=DIRECTION('center_axis',(0.999999419065493,0.00107790012382078,0.));
#3722=DIRECTION('ref_axis',(0.00107790012382078,-0.999999419065493,0.));
#3723=DIRECTION('',(0.,0.,-1.));
#3724=DIRECTION('',(0.00107790012382078,-0.999999419065493,0.));
#3725=DIRECTION('center_axis',(0.999999939106752,0.000348979214484912,0.));
#3726=DIRECTION('ref_axis',(0.000348979214484912,-0.999999939106752,0.));
#3727=DIRECTION('',(0.,0.,-1.));
#3728=DIRECTION('',(0.000348979214484912,-0.999999939106752,0.));
#3729=DIRECTION('center_axis',(0.999999998482415,5.50923697799486E-5,0.));
#3730=DIRECTION('ref_axis',(5.50923697799486E-5,-0.999999998482415,0.));
#3731=DIRECTION('',(0.,0.,-1.));
#3732=DIRECTION('',(5.50923697799486E-5,-0.999999998482415,0.));
#3733=DIRECTION('center_axis',(1.,0.,0.));
#3734=DIRECTION('ref_axis',(0.,-1.,0.));
#3735=DIRECTION('',(0.,0.,-1.));
#3736=DIRECTION('',(0.,-1.,0.));
#3737=DIRECTION('center_axis',(0.496423084735848,0.8680807110755,0.));
#3738=DIRECTION('ref_axis',(0.8680807110755,-0.496423084735848,0.));
#3739=DIRECTION('',(0.,0.,1.));
#3740=DIRECTION('',(0.8680807110755,-0.496423084735848,0.));
#3741=DIRECTION('center_axis',(0.,0.,-1.));
#3742=DIRECTION('ref_axis',(0.963395607328109,0.26808376262076,0.));
#3743=DIRECTION('',(0.,0.,-1.));
#3744=DIRECTION('center_axis',(0.,0.,1.));
#3745=DIRECTION('ref_axis',(0.963395607328109,0.26808376262076,0.));
#3746=DIRECTION('center_axis',(0.873467978241089,-0.486881598530304,0.));
#3747=DIRECTION('ref_axis',(-0.486881598530304,-0.873467978241089,0.));
#3748=DIRECTION('',(0.,0.,-1.));
#3749=DIRECTION('',(-0.486881598530304,-0.873467978241089,0.));
#3750=DIRECTION('center_axis',(0.,0.,1.));
#3751=DIRECTION('ref_axis',(-1.,0.,0.));
#3752=DIRECTION('',(0.965924140168638,0.258825337707647,0.));
#3753=DIRECTION('',(0.946930415673926,-0.321438622246308,0.));
#3754=DIRECTION('',(0.866025404544367,-0.499999998683766,0.));
#3755=DIRECTION('',(0.751832665655371,-0.659353958700135,0.));
#3756=DIRECTION('',(0.258825337707119,-0.96592414016878,0.));
#3757=DIRECTION('',(-0.321476924006358,-0.946917413152493,0.));
#3758=DIRECTION('',(-0.499999959313687,-0.866025427274691,0.));
#3759=DIRECTION('',(-0.499999998683768,-0.866025404544366,0.));
#3760=DIRECTION('',(-0.65935395869842,-0.751832665656875,0.));
#3761=DIRECTION('',(-0.96592414016869,-0.258825337707453,0.));
#3762=DIRECTION('',(-0.946917413152493,0.321476924006358,0.));
#3763=DIRECTION('',(-0.86602542727469,0.499999959313689,0.));
#3764=DIRECTION('',(-0.866025404544366,0.499999998683767,0.));
#3765=DIRECTION('',(-0.751832665655463,0.65935395870003,0.));
#3766=DIRECTION('',(-0.258825337708562,0.965924140168393,0.));
#3767=DIRECTION('',(0.321438622245846,0.946930415674083,0.));
#3768=DIRECTION('',(0.499999998683768,0.866025404544366,0.));
#3769=DIRECTION('',(0.65935395870003,0.751832665655463,0.));
#3770=DIRECTION('',(0.965924140168638,0.258825337707647,0.));
#3771=DIRECTION('',(0.946930415674388,-0.321438622244947,0.));
#3772=DIRECTION('',(0.866025421085443,-0.49999997003378,0.));
#3773=DIRECTION('',(0.500000032330395,0.866025385118475,0.));
#3774=DIRECTION('',(0.659353958699277,0.751832665656123,0.));
#3775=DIRECTION('',(1.,0.,0.));
#3776=DIRECTION('',(0.980787134597915,-0.19508100011844,0.));
#3777=DIRECTION('',(0.707106781186547,-0.707106781186547,0.));
#3778=DIRECTION('',(0.19508100011698,-0.980787134598206,0.));
#3779=DIRECTION('',(0.,-1.,0.));
#3780=DIRECTION('',(1.,0.,0.));
#3781=DIRECTION('',(0.980787134598118,-0.19508100011742,0.));
#3782=DIRECTION('',(0.707106781186161,-0.707106781186934,0.));
#3783=DIRECTION('',(0.195081000118295,-0.980787134597944,0.));
#3784=DIRECTION('',(0.,-1.,0.));
#3785=DIRECTION('',(1.,0.,0.));
#3786=DIRECTION('',(0.980787134597915,-0.19508100011844,0.));
#3787=DIRECTION('',(0.707106781186934,-0.707106781186161,0.));
#3788=DIRECTION('',(0.19508100011815,-0.980787134597973,0.));
#3789=DIRECTION('',(0.,-1.,0.));
#3790=DIRECTION('',(-0.19508100011844,-0.980787134597915,0.));
#3791=DIRECTION('',(-0.707106781186547,-0.707106781186547,0.));
#3792=DIRECTION('',(-0.980787134597915,-0.19508100011844,0.));
#3793=DIRECTION('',(-1.,0.,0.));
#3794=DIRECTION('',(0.,-1.,0.));
#3795=DIRECTION('',(-0.19508100011844,-0.980787134597915,0.));
#3796=DIRECTION('',(-0.707106781186161,-0.707106781186934,0.));
#3797=DIRECTION('',(-0.980787134597973,-0.19508100011815,0.));
#3798=DIRECTION('',(-1.,0.,0.));
#3799=DIRECTION('',(-0.980787134597973,0.19508100011815,0.));
#3800=DIRECTION('',(-0.707106781186547,0.707106781186547,0.));
#3801=DIRECTION('',(-0.19508100011698,0.980787134598206,0.));
#3802=DIRECTION('',(0.,1.,0.));
#3803=DIRECTION('',(-1.,0.,0.));
#3804=DIRECTION('',(0.,-1.,0.));
#3805=DIRECTION('',(-0.19508100011844,-0.980787134597915,0.));
#3806=DIRECTION('',(-0.707106781186547,-0.707106781186547,0.));
#3807=DIRECTION('',(-0.980787134597915,-0.19508100011844,0.));
#3808=DIRECTION('',(-1.,0.,0.));
#3809=DIRECTION('',(0.,-1.,0.));
#3810=DIRECTION('',(-0.19508100011815,-0.980787134597973,0.));
#3811=DIRECTION('',(-0.707106781186354,-0.707106781186741,0.));
#3812=DIRECTION('',(-0.980787134598235,-0.195081000116835,0.));
#3813=DIRECTION('',(-1.,0.,0.));
#3814=DIRECTION('',(-0.980787134598235,0.195081000116835,0.));
#3815=DIRECTION('',(-0.707106781186354,0.707106781186741,0.));
#3816=DIRECTION('',(-0.19508100011815,0.980787134597973,0.));
#3817=DIRECTION('',(-9.35416977040681E-16,1.,0.));
#3818=DIRECTION('',(-1.,0.,0.));
#3819=DIRECTION('',(-0.980787134597944,0.195081000118295,0.));
#3820=DIRECTION('',(-0.707106781186354,0.707106781186741,0.));
#3821=DIRECTION('',(-0.19508100011844,0.980787134597915,0.));
#3822=DIRECTION('',(0.,1.,0.));
#3823=DIRECTION('',(0.19508100011815,0.980787134597973,0.));
#3824=DIRECTION('',(0.707106781186741,0.707106781186354,0.));
#3825=DIRECTION('',(0.980787134597944,0.195081000118295,0.));
#3826=DIRECTION('',(1.,0.,0.));
#3827=DIRECTION('',(0.,1.,0.));
#3828=DIRECTION('',(0.195081000118295,0.980787134597944,0.));
#3829=DIRECTION('',(0.707106781186354,0.707106781186741,0.));
#3830=DIRECTION('',(0.980787134598089,0.195081000117565,0.));
#3831=DIRECTION('',(1.,0.,0.));
#3832=DIRECTION('',(0.,1.,0.));
#3833=DIRECTION('',(0.19508100011698,0.980787134598206,0.));
#3834=DIRECTION('',(0.707106781186547,0.707106781186547,0.));
#3835=DIRECTION('',(0.980787134597973,0.19508100011815,0.));
#3836=DIRECTION('center_axis',(0.,0.,-1.));
#3837=DIRECTION('ref_axis',(-1.,0.,0.));
#3838=DIRECTION('center_axis',(0.,0.,-1.));
#3839=DIRECTION('ref_axis',(-1.,0.,0.));
#3840=DIRECTION('',(-0.489059285155235,-0.872250546347465,0.));
#3841=DIRECTION('',(-0.499253920717565,-0.866455724574625,0.));
#3842=DIRECTION('center_axis',(0.,0.,1.));
#3843=DIRECTION('ref_axis',(0.259585592469782,-0.965720104472363,0.));
#3844=DIRECTION('',(-0.866388206133301,0.499371080733677,0.));
#3845=DIRECTION('',(-0.999999324254271,-0.00116253645194134,0.));
#3846=DIRECTION('center_axis',(0.,0.,1.));
#3847=DIRECTION('ref_axis',(-0.70669564295673,-0.707517680504151,0.));
#3848=DIRECTION('',(0.,1.,0.));
#3849=DIRECTION('center_axis',(0.,0.,1.));
#3850=DIRECTION('ref_axis',(-0.707106781186547,0.707106781186547,0.));
#3851=DIRECTION('',(1.,0.,0.));
#3852=DIRECTION('',(0.,-1.,7.43849426498855E-15));
#3853=DIRECTION('',(-1.,0.,0.));
#3854=DIRECTION('center_axis',(0.,0.,-1.));
#3855=DIRECTION('ref_axis',(-0.707106781186548,0.707106781186548,0.));
#3856=DIRECTION('',(0.,-1.,0.));
#3857=DIRECTION('center_axis',(0.,0.,-1.));
#3858=DIRECTION('ref_axis',(-0.706695642956731,-0.70751768050415,0.));
#3859=DIRECTION('',(0.999999324254271,0.00116253645194131,0.));
#3860=DIRECTION('',(0.866388206133301,-0.499371080733677,0.));
#3861=DIRECTION('center_axis',(0.,0.,-1.));
#3862=DIRECTION('ref_axis',(0.259585592469776,-0.965720104472365,0.));
#3863=DIRECTION('',(0.499253920717565,0.866455724574625,0.));
#3864=DIRECTION('',(0.489059285155235,0.872250546347465,0.));
#3865=DIRECTION('',(0.486881598530305,0.873467978241089,0.));
#3866=DIRECTION('center_axis',(0.,0.,-1.));
#3867=DIRECTION('ref_axis',(0.96339560732811,0.268083762620757,0.));
#3868=DIRECTION('',(-0.868080711075499,0.496423084735849,0.));
#3869=DIRECTION('',(0.,1.,0.));
#3870=DIRECTION('',(-5.50923697813082E-5,0.999999998482415,0.));
#3871=DIRECTION('',(-0.000348979214484934,0.999999939106752,0.));
#3872=DIRECTION('',(-0.00107790012382086,0.999999419065493,0.));
#3873=DIRECTION('',(-0.00649864424751362,0.999978883588521,0.));
#3874=DIRECTION('center_axis',(0.,0.,-1.));
#3875=DIRECTION('ref_axis',(0.704805418449831,0.709400678124682,0.));
#3876=DIRECTION('',(-1.,0.,0.));
#3877=DIRECTION('',(0.,1.,-7.43849426498855E-15));
#3878=DIRECTION('',(1.,0.,0.));
#3879=DIRECTION('center_axis',(0.,0.,-1.));
#3880=DIRECTION('ref_axis',(0.259585592469782,-0.965720104472363,0.));
#3881=DIRECTION('',(0.,0.,-1.));
#3882=DIRECTION('',(0.,0.,1.));
#3883=DIRECTION('center_axis',(0.866455724574625,-0.499253920717565,0.));
#3884=DIRECTION('ref_axis',(-0.499253920717565,-0.866455724574625,0.));
#3885=DIRECTION('',(0.,0.,-1.));
#3886=DIRECTION('center_axis',(0.,0.,-1.));
#3887=DIRECTION('ref_axis',(-0.70669564295673,-0.707517680504151,0.));
#3888=DIRECTION('',(0.,0.,-1.));
#3889=DIRECTION('',(0.,0.,1.));
#3890=DIRECTION('center_axis',(0.00116253645194134,-0.999999324254271,0.));
#3891=DIRECTION('ref_axis',(-0.999999324254271,-0.00116253645194134,0.));
#3892=DIRECTION('',(0.,0.,-1.));
#3893=DIRECTION('center_axis',(0.,0.,-1.));
#3894=DIRECTION('ref_axis',(-0.707106781186547,0.707106781186547,0.));
#3895=DIRECTION('',(0.,0.,-1.));
#3896=DIRECTION('',(0.,0.,1.));
#3897=DIRECTION('center_axis',(0.,1.,0.));
#3898=DIRECTION('ref_axis',(1.,0.,0.));
#3899=DIRECTION('center_axis',(0.,-1.,0.));
#3900=DIRECTION('ref_axis',(1.,1.1175529490631E-30,1.4802973661669E-16));
#3901=DIRECTION('',(-2.9773402283714E-30,0.,1.));
#3902=DIRECTION('center_axis',(0.,-1.,0.));
#3903=DIRECTION('ref_axis',(9.473903143468E-15,7.43849426498855E-15,1.));
#3904=DIRECTION('',(-1.,0.,-1.72394879600182E-16));
#3905=DIRECTION('center_axis',(0.,-1.,0.));
#3906=DIRECTION('ref_axis',(-1.,-1.05181454029468E-30,-1.4802973661669E-16));
#3907=DIRECTION('',(2.97734022837141E-30,0.,-1.));
#3908=DIRECTION('center_axis',(0.,-1.,0.));
#3909=DIRECTION('ref_axis',(-9.473903143468E-15,-7.43849426498855E-15,-1.));
#3910=DIRECTION('center_axis',(0.,0.,-1.));
#3911=DIRECTION('ref_axis',(-0.706695642956731,-0.70751768050415,0.));
#3912=DIRECTION('center_axis',(0.,0.,-1.));
#3913=DIRECTION('ref_axis',(-0.706695642956731,-0.70751768050415,0.));
#3914=DIRECTION('',(0.,0.,-1.));
#3915=DIRECTION('',(0.,0.,1.));
#3916=DIRECTION('center_axis',(-0.00116253645194131,0.999999324254271,0.));
#3917=DIRECTION('ref_axis',(0.999999324254271,0.00116253645194131,0.));
#3918=DIRECTION('',(-0.999999324254271,-0.00116253645194131,0.));
#3919=DIRECTION('',(0.,0.,-1.));
#3920=DIRECTION('center_axis',(0.,0.,-1.));
#3921=DIRECTION('ref_axis',(0.259585592469776,-0.965720104472365,0.));
#3922=DIRECTION('center_axis',(0.,0.,-1.));
#3923=DIRECTION('ref_axis',(0.259585592469776,-0.965720104472365,0.));
#3924=DIRECTION('',(0.,0.,-1.));
#3925=DIRECTION('',(0.,0.,1.));
#3926=DIRECTION('center_axis',(-0.866455724574625,0.499253920717565,0.));
#3927=DIRECTION('ref_axis',(0.499253920717565,0.866455724574625,0.));
#3928=DIRECTION('',(-0.499253920717565,-0.866455724574625,0.));
#3929=DIRECTION('',(0.,0.,-1.));
#3930=DIRECTION('center_axis',(0.,0.,-1.));
#3931=DIRECTION('ref_axis',(0.96339560732811,0.268083762620757,0.));
#3932=DIRECTION('center_axis',(0.,0.,-1.));
#3933=DIRECTION('ref_axis',(0.96339560732811,0.268083762620757,0.));
#3934=DIRECTION('',(0.,0.,-1.));
#3935=DIRECTION('',(0.,0.,1.));
#3936=DIRECTION('center_axis',(-0.496423084735849,-0.868080711075499,0.));
#3937=DIRECTION('ref_axis',(-0.868080711075499,0.496423084735849,0.));
#3938=DIRECTION('',(0.868080711075499,-0.496423084735849,0.));
#3939=DIRECTION('',(0.,0.,-1.));
#3940=DIRECTION('center_axis',(0.,0.,-1.));
#3941=DIRECTION('ref_axis',(0.704805418449831,0.709400678124682,0.));
#3942=DIRECTION('center_axis',(0.,0.,-1.));
#3943=DIRECTION('ref_axis',(0.704805418449831,0.709400678124682,0.));
#3944=DIRECTION('',(0.,0.,-1.));
#3945=DIRECTION('',(0.,0.,1.));
#3946=DIRECTION('center_axis',(0.,-1.,0.));
#3947=DIRECTION('ref_axis',(-1.,0.,0.));
#3948=DIRECTION('',(1.,0.,0.));
#3949=DIRECTION('',(0.,0.,1.));
#3950=DIRECTION('center_axis',(0.,1.,0.));
#3951=DIRECTION('ref_axis',(-9.473903143468E-15,-7.43849426498855E-15,-1.));
#3952=DIRECTION('',(-2.97734022837141E-30,0.,1.));
#3953=DIRECTION('center_axis',(0.,1.,0.));
#3954=DIRECTION('ref_axis',(-1.,-1.05181454029468E-30,-1.4802973661669E-16));
#3955=DIRECTION('',(1.,0.,1.72394879600182E-16));
#3956=DIRECTION('center_axis',(0.,1.,0.));
#3957=DIRECTION('ref_axis',(9.473903143468E-15,7.43849426498855E-15,1.));
#3958=DIRECTION('',(2.9773402283714E-30,0.,-1.));
#3959=DIRECTION('center_axis',(0.,1.,0.));
#3960=DIRECTION('ref_axis',(1.,1.1175529490631E-30,1.4802973661669E-16));
#3961=DIRECTION('center_axis',(0.,0.,-1.));
#3962=DIRECTION('ref_axis',(-0.707106781186548,0.707106781186548,0.));
#3963=DIRECTION('center_axis',(0.,0.,-1.));
#3964=DIRECTION('ref_axis',(-0.707106781186548,0.707106781186548,0.));
#3965=DIRECTION('',(0.,0.,-1.));
#3966=DIRECTION('center_axis',(0.,0.,-1.));
#3967=DIRECTION('ref_axis',(-1.,0.,0.));
#3968=DIRECTION('',(0.,1.,0.));
#3969=DIRECTION('',(0.00649864424751362,-0.999978883588521,0.));
#3970=DIRECTION('',(0.00107790012382086,-0.999999419065493,0.));
#3971=DIRECTION('',(0.000348979214484934,-0.999999939106752,0.));
#3972=DIRECTION('',(5.50923697813082E-5,-0.999999998482415,0.));
#3973=DIRECTION('',(0.,-1.,0.));
#3974=DIRECTION('',(-0.486881598530305,-0.873467978241089,0.));
#3975=DIRECTION('',(-0.489059285155235,-0.872250546347465,0.));
#3976=DIRECTION('',(-0.866388206133301,0.499371080733677,0.));
#3977=DIRECTION('',(-0.965924140168638,-0.258825337707647,0.));
#3978=DIRECTION('',(-0.659353958699277,-0.751832665656123,0.));
#3979=DIRECTION('',(-0.500000032330395,-0.866025385118475,0.));
#3980=DIRECTION('',(-0.866025421085443,0.49999997003378,0.));
#3981=DIRECTION('',(-0.946930415674388,0.321438622244947,0.));
#3982=DIRECTION('',(-0.965924140168638,-0.258825337707647,0.));
#3983=DIRECTION('',(-0.65935395870003,-0.751832665655463,0.));
#3984=DIRECTION('',(-0.499999998683768,-0.866025404544366,0.));
#3985=DIRECTION('',(-0.321438622245846,-0.946930415674083,0.));
#3986=DIRECTION('',(0.258825337708562,-0.965924140168393,0.));
#3987=DIRECTION('',(0.751832665655463,-0.65935395870003,0.));
#3988=DIRECTION('',(0.866025404544366,-0.499999998683767,0.));
#3989=DIRECTION('',(0.86602542727469,-0.499999959313689,0.));
#3990=DIRECTION('',(0.946917413152493,-0.321476924006358,0.));
#3991=DIRECTION('',(0.96592414016869,0.258825337707453,0.));
#3992=DIRECTION('',(0.65935395869842,0.751832665656875,0.));
#3993=DIRECTION('',(0.499999998683768,0.866025404544366,0.));
#3994=DIRECTION('',(0.499999959313687,0.866025427274691,0.));
#3995=DIRECTION('',(0.321476924006358,0.946917413152493,0.));
#3996=DIRECTION('',(-0.258825337707119,0.96592414016878,0.));
#3997=DIRECTION('',(-0.751832665655371,0.659353958700135,0.));
#3998=DIRECTION('',(-0.866025404544367,0.499999998683766,0.));
#3999=DIRECTION('',(-0.946930415673926,0.321438622246308,0.));
#4000=DIRECTION('',(-1.,0.,0.));
#4001=DIRECTION('',(-0.980787134597973,-0.19508100011815,0.));
#4002=DIRECTION('',(-0.707106781186547,-0.707106781186547,0.));
#4003=DIRECTION('',(-0.19508100011698,-0.980787134598206,0.));
#4004=DIRECTION('',(0.,-1.,0.));
#4005=DIRECTION('',(-1.,0.,0.));
#4006=DIRECTION('',(-0.980787134598089,-0.195081000117565,0.));
#4007=DIRECTION('',(-0.707106781186354,-0.707106781186741,0.));
#4008=DIRECTION('',(-0.195081000118295,-0.980787134597944,0.));
#4009=DIRECTION('',(0.,-1.,0.));
#4010=DIRECTION('',(-1.,0.,0.));
#4011=DIRECTION('',(-0.980787134597944,-0.195081000118295,0.));
#4012=DIRECTION('',(-0.707106781186741,-0.707106781186354,0.));
#4013=DIRECTION('',(-0.19508100011815,-0.980787134597973,0.));
#4014=DIRECTION('',(0.,-1.,0.));
#4015=DIRECTION('',(0.19508100011844,-0.980787134597915,0.));
#4016=DIRECTION('',(0.707106781186354,-0.707106781186741,0.));
#4017=DIRECTION('',(0.980787134597944,-0.195081000118295,0.));
#4018=DIRECTION('',(1.,0.,0.));
#4019=DIRECTION('',(9.35416977040681E-16,-1.,0.));
#4020=DIRECTION('',(0.19508100011815,-0.980787134597973,0.));
#4021=DIRECTION('',(0.707106781186354,-0.707106781186741,0.));
#4022=DIRECTION('',(0.980787134598235,-0.195081000116835,0.));
#4023=DIRECTION('',(1.,0.,0.));
#4024=DIRECTION('',(0.980787134598235,0.195081000116835,0.));
#4025=DIRECTION('',(0.707106781186354,0.707106781186741,0.));
#4026=DIRECTION('',(0.19508100011815,0.980787134597973,0.));
#4027=DIRECTION('',(0.,1.,0.));
#4028=DIRECTION('',(1.,0.,0.));
#4029=DIRECTION('',(0.980787134597915,0.19508100011844,0.));
#4030=DIRECTION('',(0.707106781186547,0.707106781186547,0.));
#4031=DIRECTION('',(0.19508100011844,0.980787134597915,0.));
#4032=DIRECTION('',(0.,1.,0.));
#4033=DIRECTION('',(1.,0.,0.));
#4034=DIRECTION('',(0.,-1.,0.));
#4035=DIRECTION('',(0.19508100011698,-0.980787134598206,0.));
#4036=DIRECTION('',(0.707106781186547,-0.707106781186547,0.));
#4037=DIRECTION('',(0.980787134597973,-0.19508100011815,0.));
#4038=DIRECTION('',(1.,0.,0.));
#4039=DIRECTION('',(0.980787134597973,0.19508100011815,0.));
#4040=DIRECTION('',(0.707106781186161,0.707106781186934,0.));
#4041=DIRECTION('',(0.19508100011844,0.980787134597915,0.));
#4042=DIRECTION('',(0.,1.,0.));
#4043=DIRECTION('',(1.,0.,0.));
#4044=DIRECTION('',(0.980787134597915,0.19508100011844,0.));
#4045=DIRECTION('',(0.707106781186547,0.707106781186547,0.));
#4046=DIRECTION('',(0.19508100011844,0.980787134597915,0.));
#4047=DIRECTION('',(0.,1.,0.));
#4048=DIRECTION('',(-0.19508100011815,0.980787134597973,0.));
#4049=DIRECTION('',(-0.707106781186934,0.707106781186161,0.));
#4050=DIRECTION('',(-0.980787134597915,0.19508100011844,0.));
#4051=DIRECTION('',(-1.,0.,0.));
#4052=DIRECTION('',(0.,1.,0.));
#4053=DIRECTION('',(-0.195081000118295,0.980787134597944,0.));
#4054=DIRECTION('',(-0.707106781186161,0.707106781186934,0.));
#4055=DIRECTION('',(-0.980787134598118,0.19508100011742,0.));
#4056=DIRECTION('',(-1.,0.,0.));
#4057=DIRECTION('',(0.,1.,0.));
#4058=DIRECTION('',(-0.19508100011698,0.980787134598206,0.));
#4059=DIRECTION('',(-0.707106781186547,0.707106781186547,0.));
#4060=DIRECTION('',(-0.980787134597915,0.19508100011844,0.));
#4061=DIRECTION('center_axis',(0.,0.,1.));
#4062=DIRECTION('ref_axis',(-1.,0.,0.));
#4063=DIRECTION('center_axis',(0.,0.,-1.));
#4064=DIRECTION('ref_axis',(-1.,0.,0.));
#4065=DIRECTION('',(0.,0.,1.));
#4066=DIRECTION('center_axis',(0.,1.,-7.43849426498855E-15));
#4067=DIRECTION('ref_axis',(-9.473903143468E-15,-7.43849426498855E-15,-1.));
#4068=DIRECTION('',(0.,1.,-7.43849426498855E-15));
#4069=DIRECTION('center_axis',(-1.72394879600182E-16,7.43849426498855E-15,
1.));
#4070=DIRECTION('ref_axis',(1.,-2.36358038037571E-15,1.723948796002E-16));
#4071=DIRECTION('',(0.,-1.,7.77156117237612E-15));
#4072=DIRECTION('',(0.,1.,-7.43849426498855E-15));
#4073=DIRECTION('center_axis',(0.,1.,-7.43849426498855E-15));
#4074=DIRECTION('ref_axis',(-1.,-1.05181454029468E-30,-1.4802973661669E-16));
#4075=DIRECTION('',(0.,1.,-7.43849426498855E-15));
#4076=DIRECTION('center_axis',(-1.,-2.21469282136604E-44,-2.97734022837141E-30));
#4077=DIRECTION('ref_axis',(-2.97734022837141E-30,7.48012762840985E-15,
1.));
#4078=DIRECTION('center_axis',(0.,1.,-7.43849426498855E-15));
#4079=DIRECTION('ref_axis',(1.,1.1175529490631E-30,1.4802973661669E-16));
#4080=DIRECTION('',(0.,1.,-7.43849426498855E-15));
#4081=DIRECTION('center_axis',(1.,2.21469282136603E-44,2.9773402283714E-30));
#4082=DIRECTION('ref_axis',(2.9773402283714E-30,-7.48012762840982E-15,-1.));
#4083=DIRECTION('',(0.,1.,-7.43849426498855E-15));
#4084=DIRECTION('center_axis',(0.,1.,-7.43849426498855E-15));
#4085=DIRECTION('ref_axis',(9.473903143468E-15,7.43849426498855E-15,1.));
#4086=DIRECTION('center_axis',(-0.999978883588521,-0.00649864424751362,
0.));
#4087=DIRECTION('ref_axis',(-0.00649864424751362,0.999978883588521,0.));
#4088=DIRECTION('',(0.,0.,-1.));
#4089=DIRECTION('center_axis',(-0.999999419065493,-0.00107790012382086,
0.));
#4090=DIRECTION('ref_axis',(-0.00107790012382086,0.999999419065493,0.));
#4091=DIRECTION('',(0.,0.,-1.));
#4092=DIRECTION('center_axis',(-0.999999939106752,-0.000348979214484934,
0.));
#4093=DIRECTION('ref_axis',(-0.000348979214484934,0.999999939106752,0.));
#4094=DIRECTION('',(0.,0.,-1.));
#4095=DIRECTION('center_axis',(-0.999999998482415,-5.50923697813082E-5,
0.));
#4096=DIRECTION('ref_axis',(-5.50923697813082E-5,0.999999998482415,0.));
#4097=DIRECTION('',(0.,0.,-1.));
#4098=DIRECTION('center_axis',(-1.,0.,0.));
#4099=DIRECTION('ref_axis',(0.,1.,0.));
#4100=DIRECTION('center_axis',(-0.873467978241089,0.486881598530305,0.));
#4101=DIRECTION('ref_axis',(0.486881598530305,0.873467978241089,0.));
#4102=DIRECTION('',(0.,0.,-1.));
#4103=DIRECTION('center_axis',(-0.872250546347465,0.489059285155235,0.));
#4104=DIRECTION('ref_axis',(0.489059285155235,0.872250546347465,0.));
#4105=DIRECTION('center_axis',(0.499371080733677,0.866388206133301,0.));
#4106=DIRECTION('ref_axis',(0.866388206133301,-0.499371080733677,0.));
#4107=DIRECTION('center_axis',(1.,0.,0.));
#4108=DIRECTION('ref_axis',(0.,-1.,0.));
#4109=DIRECTION('center_axis',(-0.499371080733677,-0.866388206133301,0.));
#4110=DIRECTION('ref_axis',(-0.866388206133301,0.499371080733677,0.));
#4111=DIRECTION('center_axis',(0.872250546347463,-0.489059285155238,0.));
#4112=DIRECTION('ref_axis',(-0.489059285155238,-0.872250546347463,0.));
#4113=DIRECTION('center_axis',(-1.,0.,0.));
#4114=DIRECTION('ref_axis',(0.,1.,0.));
#4115=DIRECTION('center_axis',(-0.321438622246308,-0.946930415673926,0.));
#4116=DIRECTION('ref_axis',(-0.946930415673926,0.321438622246308,0.));
#4117=DIRECTION('',(0.,0.,-1.));
#4118=DIRECTION('',(0.,0.,-1.));
#4119=DIRECTION('center_axis',(-0.499999998683766,-0.866025404544367,0.));
#4120=DIRECTION('ref_axis',(-0.866025404544367,0.499999998683766,0.));
#4121=DIRECTION('',(0.,0.,-1.));
#4122=DIRECTION('center_axis',(-0.659353958700135,-0.751832665655371,0.));
#4123=DIRECTION('ref_axis',(-0.751832665655371,0.659353958700135,0.));
#4124=DIRECTION('',(0.,0.,-1.));
#4125=DIRECTION('center_axis',(-0.96592414016878,-0.258825337707119,0.));
#4126=DIRECTION('ref_axis',(-0.258825337707119,0.96592414016878,0.));
#4127=DIRECTION('',(0.,0.,-1.));
#4128=DIRECTION('center_axis',(-0.946917413152494,0.321476924006359,0.));
#4129=DIRECTION('ref_axis',(0.321476924006359,0.946917413152494,0.));
#4130=DIRECTION('',(0.,0.,-1.));
#4131=DIRECTION('center_axis',(-0.866025427274691,0.499999959313687,0.));
#4132=DIRECTION('ref_axis',(0.499999959313687,0.866025427274691,0.));
#4133=DIRECTION('',(0.,0.,-1.));
#4134=DIRECTION('center_axis',(-0.866025404544366,0.499999998683768,0.));
#4135=DIRECTION('ref_axis',(0.499999998683768,0.866025404544366,0.));
#4136=DIRECTION('',(0.,0.,-1.));
#4137=DIRECTION('center_axis',(-0.751832665656875,0.65935395869842,0.));
#4138=DIRECTION('ref_axis',(0.65935395869842,0.751832665656875,0.));
#4139=DIRECTION('',(0.,0.,-1.));
#4140=DIRECTION('center_axis',(-0.258825337707454,0.96592414016869,0.));
#4141=DIRECTION('ref_axis',(0.96592414016869,0.258825337707454,0.));
#4142=DIRECTION('',(0.,0.,-1.));
#4143=DIRECTION('center_axis',(0.321476924006359,0.946917413152494,0.));
#4144=DIRECTION('ref_axis',(0.946917413152494,-0.321476924006359,0.));
#4145=DIRECTION('',(0.,0.,-1.));
#4146=DIRECTION('center_axis',(0.499999959313689,0.86602542727469,0.));
#4147=DIRECTION('ref_axis',(0.86602542727469,-0.499999959313689,0.));
#4148=DIRECTION('',(0.,0.,-1.));
#4149=DIRECTION('center_axis',(0.499999998683767,0.866025404544366,0.));
#4150=DIRECTION('ref_axis',(0.866025404544366,-0.499999998683767,0.));
#4151=DIRECTION('',(0.,0.,-1.));
#4152=DIRECTION('center_axis',(0.65935395870003,0.751832665655463,0.));
#4153=DIRECTION('ref_axis',(0.751832665655463,-0.65935395870003,0.));
#4154=DIRECTION('',(0.,0.,-1.));
#4155=DIRECTION('center_axis',(0.965924140168393,0.258825337708562,0.));
#4156=DIRECTION('ref_axis',(0.258825337708562,-0.965924140168393,0.));
#4157=DIRECTION('',(0.,0.,-1.));
#4158=DIRECTION('center_axis',(0.946930415674083,-0.321438622245846,0.));
#4159=DIRECTION('ref_axis',(-0.321438622245846,-0.946930415674083,0.));
#4160=DIRECTION('',(0.,0.,-1.));
#4161=DIRECTION('center_axis',(0.866025404544366,-0.499999998683768,0.));
#4162=DIRECTION('ref_axis',(-0.499999998683768,-0.866025404544366,0.));
#4163=DIRECTION('',(0.,0.,-1.));
#4164=DIRECTION('center_axis',(0.751832665655463,-0.65935395870003,0.));
#4165=DIRECTION('ref_axis',(-0.65935395870003,-0.751832665655463,0.));
#4166=DIRECTION('',(0.,0.,-1.));
#4167=DIRECTION('center_axis',(0.258825337707647,-0.965924140168638,0.));
#4168=DIRECTION('ref_axis',(-0.965924140168638,-0.258825337707647,0.));
#4169=DIRECTION('',(0.,0.,-1.));
#4170=DIRECTION('center_axis',(-0.321438622244948,-0.946930415674388,0.));
#4171=DIRECTION('ref_axis',(-0.946930415674388,0.321438622244947,0.));
#4172=DIRECTION('',(0.,0.,-1.));
#4173=DIRECTION('center_axis',(-0.49999997003378,-0.866025421085443,0.));
#4174=DIRECTION('ref_axis',(-0.866025421085443,0.49999997003378,0.));
#4175=DIRECTION('',(0.,0.,-1.));
#4176=DIRECTION('center_axis',(0.866025385118475,-0.500000032330395,0.));
#4177=DIRECTION('ref_axis',(-0.500000032330395,-0.866025385118475,0.));
#4178=DIRECTION('',(0.,0.,-1.));
#4179=DIRECTION('center_axis',(0.751832665656123,-0.659353958699277,0.));
#4180=DIRECTION('ref_axis',(-0.659353958699277,-0.751832665656123,0.));
#4181=DIRECTION('',(0.,0.,-1.));
#4182=DIRECTION('center_axis',(0.258825337707647,-0.965924140168638,0.));
#4183=DIRECTION('ref_axis',(-0.965924140168638,-0.258825337707647,0.));
#4184=DIRECTION('center_axis',(-0.19508100011844,-0.980787134597915,0.));
#4185=DIRECTION('ref_axis',(-0.980787134597915,0.19508100011844,0.));
#4186=DIRECTION('',(0.,0.,-1.));
#4187=DIRECTION('',(0.,0.,-1.));
#4188=DIRECTION('center_axis',(-0.707106781186548,-0.707106781186548,0.));
#4189=DIRECTION('ref_axis',(-0.707106781186548,0.707106781186548,0.));
#4190=DIRECTION('',(0.,0.,-1.));
#4191=DIRECTION('center_axis',(-0.980787134598206,-0.19508100011698,0.));
#4192=DIRECTION('ref_axis',(-0.19508100011698,0.980787134598206,0.));
#4193=DIRECTION('',(0.,0.,-1.));
#4194=DIRECTION('center_axis',(-1.,0.,0.));
#4195=DIRECTION('ref_axis',(0.,1.,0.));
#4196=DIRECTION('',(0.,0.,-1.));
#4197=DIRECTION('center_axis',(0.,-1.,0.));
#4198=DIRECTION('ref_axis',(-1.,0.,0.));
#4199=DIRECTION('',(0.,0.,-1.));
#4200=DIRECTION('center_axis',(-0.19508100011742,-0.980787134598118,0.));
#4201=DIRECTION('ref_axis',(-0.980787134598118,0.19508100011742,0.));
#4202=DIRECTION('',(0.,0.,-1.));
#4203=DIRECTION('center_axis',(-0.707106781186934,-0.707106781186161,0.));
#4204=DIRECTION('ref_axis',(-0.707106781186161,0.707106781186934,0.));
#4205=DIRECTION('',(0.,0.,-1.));
#4206=DIRECTION('center_axis',(-0.980787134597944,-0.195081000118295,0.));
#4207=DIRECTION('ref_axis',(-0.195081000118295,0.980787134597944,0.));
#4208=DIRECTION('',(0.,0.,-1.));
#4209=DIRECTION('center_axis',(-1.,0.,0.));
#4210=DIRECTION('ref_axis',(0.,1.,0.));
#4211=DIRECTION('',(0.,0.,-1.));
#4212=DIRECTION('center_axis',(0.,-1.,0.));
#4213=DIRECTION('ref_axis',(-1.,0.,0.));
#4214=DIRECTION('',(0.,0.,-1.));
#4215=DIRECTION('center_axis',(-0.19508100011844,-0.980787134597915,0.));
#4216=DIRECTION('ref_axis',(-0.980787134597915,0.19508100011844,0.));
#4217=DIRECTION('',(0.,0.,-1.));
#4218=DIRECTION('center_axis',(-0.707106781186161,-0.707106781186934,0.));
#4219=DIRECTION('ref_axis',(-0.707106781186934,0.707106781186161,0.));
#4220=DIRECTION('',(0.,0.,-1.));
#4221=DIRECTION('center_axis',(-0.980787134597973,-0.19508100011815,0.));
#4222=DIRECTION('ref_axis',(-0.19508100011815,0.980787134597973,0.));
#4223=DIRECTION('',(0.,0.,-1.));
#4224=DIRECTION('center_axis',(-1.,0.,0.));
#4225=DIRECTION('ref_axis',(0.,1.,0.));
#4226=DIRECTION('',(0.,0.,-1.));
#4227=DIRECTION('center_axis',(-0.980787134597915,0.19508100011844,0.));
#4228=DIRECTION('ref_axis',(0.19508100011844,0.980787134597915,0.));
#4229=DIRECTION('',(0.,0.,-1.));
#4230=DIRECTION('center_axis',(-0.707106781186548,0.707106781186548,0.));
#4231=DIRECTION('ref_axis',(0.707106781186548,0.707106781186548,0.));
#4232=DIRECTION('',(0.,0.,-1.));
#4233=DIRECTION('center_axis',(-0.19508100011844,0.980787134597915,0.));
#4234=DIRECTION('ref_axis',(0.980787134597915,0.19508100011844,0.));
#4235=DIRECTION('',(0.,0.,-1.));
#4236=DIRECTION('center_axis',(0.,1.,0.));
#4237=DIRECTION('ref_axis',(1.,0.,0.));
#4238=DIRECTION('',(0.,0.,-1.));
#4239=DIRECTION('center_axis',(-1.,0.,0.));
#4240=DIRECTION('ref_axis',(0.,1.,0.));
#4241=DIRECTION('',(0.,0.,-1.));
#4242=DIRECTION('center_axis',(-0.980787134597915,0.19508100011844,0.));
#4243=DIRECTION('ref_axis',(0.19508100011844,0.980787134597915,0.));
#4244=DIRECTION('',(0.,0.,-1.));
#4245=DIRECTION('center_axis',(-0.707106781186934,0.707106781186161,0.));
#4246=DIRECTION('ref_axis',(0.707106781186161,0.707106781186934,0.));
#4247=DIRECTION('',(0.,0.,-1.));
#4248=DIRECTION('center_axis',(-0.19508100011815,0.980787134597973,0.));
#4249=DIRECTION('ref_axis',(0.980787134597973,0.19508100011815,0.));
#4250=DIRECTION('',(0.,0.,-1.));
#4251=DIRECTION('center_axis',(0.,1.,0.));
#4252=DIRECTION('ref_axis',(1.,0.,0.));
#4253=DIRECTION('',(0.,0.,-1.));
#4254=DIRECTION('center_axis',(0.19508100011815,0.980787134597973,0.));
#4255=DIRECTION('ref_axis',(0.980787134597973,-0.19508100011815,0.));
#4256=DIRECTION('',(0.,0.,-1.));
#4257=DIRECTION('center_axis',(0.707106781186548,0.707106781186548,0.));
#4258=DIRECTION('ref_axis',(0.707106781186548,-0.707106781186548,0.));
#4259=DIRECTION('',(0.,0.,-1.));
#4260=DIRECTION('center_axis',(0.980787134598206,0.19508100011698,0.));
#4261=DIRECTION('ref_axis',(0.19508100011698,-0.980787134598206,0.));
#4262=DIRECTION('',(0.,0.,-1.));
#4263=DIRECTION('center_axis',(1.,0.,0.));
#4264=DIRECTION('ref_axis',(0.,-1.,0.));
#4265=DIRECTION('',(0.,0.,-1.));
#4266=DIRECTION('center_axis',(0.,1.,0.));
#4267=DIRECTION('ref_axis',(1.,0.,0.));
#4268=DIRECTION('',(0.,0.,-1.));
#4269=DIRECTION('center_axis',(-1.,0.,0.));
#4270=DIRECTION('ref_axis',(0.,1.,0.));
#4271=DIRECTION('',(0.,0.,-1.));
#4272=DIRECTION('center_axis',(-0.980787134597915,0.19508100011844,0.));
#4273=DIRECTION('ref_axis',(0.19508100011844,0.980787134597915,0.));
#4274=DIRECTION('',(0.,0.,-1.));
#4275=DIRECTION('center_axis',(-0.707106781186548,0.707106781186548,0.));
#4276=DIRECTION('ref_axis',(0.707106781186548,0.707106781186548,0.));
#4277=DIRECTION('',(0.,0.,-1.));
#4278=DIRECTION('center_axis',(-0.19508100011844,0.980787134597915,0.));
#4279=DIRECTION('ref_axis',(0.980787134597915,0.19508100011844,0.));
#4280=DIRECTION('',(0.,0.,-1.));
#4281=DIRECTION('center_axis',(0.,1.,0.));
#4282=DIRECTION('ref_axis',(1.,0.,0.));
#4283=DIRECTION('',(0.,0.,-1.));
#4284=DIRECTION('center_axis',(-1.,0.,0.));
#4285=DIRECTION('ref_axis',(0.,1.,0.));
#4286=DIRECTION('',(0.,0.,-1.));
#4287=DIRECTION('center_axis',(-0.980787134597973,0.19508100011815,0.));
#4288=DIRECTION('ref_axis',(0.19508100011815,0.980787134597973,0.));
#4289=DIRECTION('',(0.,0.,-1.));
#4290=DIRECTION('center_axis',(-0.707106781186741,0.707106781186354,0.));
#4291=DIRECTION('ref_axis',(0.707106781186354,0.707106781186741,0.));
#4292=DIRECTION('',(0.,0.,-1.));
#4293=DIRECTION('center_axis',(-0.195081000116835,0.980787134598235,0.));
#4294=DIRECTION('ref_axis',(0.980787134598235,0.195081000116835,0.));
#4295=DIRECTION('',(0.,0.,-1.));
#4296=DIRECTION('center_axis',(0.,1.,0.));
#4297=DIRECTION('ref_axis',(1.,0.,0.));
#4298=DIRECTION('',(0.,0.,-1.));
#4299=DIRECTION('center_axis',(0.195081000116835,0.980787134598235,0.));
#4300=DIRECTION('ref_axis',(0.980787134598235,-0.195081000116835,0.));
#4301=DIRECTION('',(0.,0.,-1.));
#4302=DIRECTION('center_axis',(0.707106781186741,0.707106781186354,0.));
#4303=DIRECTION('ref_axis',(0.707106781186354,-0.707106781186741,0.));
#4304=DIRECTION('',(0.,0.,-1.));
#4305=DIRECTION('center_axis',(0.980787134597973,0.19508100011815,0.));
#4306=DIRECTION('ref_axis',(0.19508100011815,-0.980787134597973,0.));
#4307=DIRECTION('',(0.,0.,-1.));
#4308=DIRECTION('center_axis',(1.,9.35416977040681E-16,0.));
#4309=DIRECTION('ref_axis',(9.35416977040681E-16,-1.,0.));
#4310=DIRECTION('',(0.,0.,-1.));
#4311=DIRECTION('center_axis',(0.,1.,0.));
#4312=DIRECTION('ref_axis',(1.,0.,0.));
#4313=DIRECTION('',(0.,0.,-1.));
#4314=DIRECTION('center_axis',(0.195081000118295,0.980787134597944,0.));
#4315=DIRECTION('ref_axis',(0.980787134597944,-0.195081000118295,0.));
#4316=DIRECTION('',(0.,0.,-1.));
#4317=DIRECTION('center_axis',(0.707106781186741,0.707106781186354,0.));
#4318=DIRECTION('ref_axis',(0.707106781186354,-0.707106781186741,0.));
#4319=DIRECTION('',(0.,0.,-1.));
#4320=DIRECTION('center_axis',(0.980787134597915,0.19508100011844,0.));
#4321=DIRECTION('ref_axis',(0.19508100011844,-0.980787134597915,0.));
#4322=DIRECTION('',(0.,0.,-1.));
#4323=DIRECTION('center_axis',(1.,0.,0.));
#4324=DIRECTION('ref_axis',(0.,-1.,0.));
#4325=DIRECTION('',(0.,0.,-1.));
#4326=DIRECTION('center_axis',(0.980787134597973,-0.19508100011815,0.));
#4327=DIRECTION('ref_axis',(-0.19508100011815,-0.980787134597973,0.));
#4328=DIRECTION('',(0.,0.,-1.));
#4329=DIRECTION('center_axis',(0.707106781186354,-0.707106781186741,0.));
#4330=DIRECTION('ref_axis',(-0.707106781186741,-0.707106781186354,0.));
#4331=DIRECTION('',(0.,0.,-1.));
#4332=DIRECTION('center_axis',(0.195081000118295,-0.980787134597944,0.));
#4333=DIRECTION('ref_axis',(-0.980787134597944,-0.195081000118295,0.));
#4334=DIRECTION('',(0.,0.,-1.));
#4335=DIRECTION('center_axis',(0.,-1.,0.));
#4336=DIRECTION('ref_axis',(-1.,0.,0.));
#4337=DIRECTION('',(0.,0.,-1.));
#4338=DIRECTION('center_axis',(1.,0.,0.));
#4339=DIRECTION('ref_axis',(0.,-1.,0.));
#4340=DIRECTION('',(0.,0.,-1.));
#4341=DIRECTION('center_axis',(0.980787134597944,-0.195081000118295,0.));
#4342=DIRECTION('ref_axis',(-0.195081000118295,-0.980787134597944,0.));
#4343=DIRECTION('',(0.,0.,-1.));
#4344=DIRECTION('center_axis',(0.707106781186741,-0.707106781186354,0.));
#4345=DIRECTION('ref_axis',(-0.707106781186354,-0.707106781186741,0.));
#4346=DIRECTION('',(0.,0.,-1.));
#4347=DIRECTION('center_axis',(0.195081000117565,-0.980787134598089,0.));
#4348=DIRECTION('ref_axis',(-0.980787134598089,-0.195081000117565,0.));
#4349=DIRECTION('',(0.,0.,-1.));
#4350=DIRECTION('center_axis',(0.,-1.,0.));
#4351=DIRECTION('ref_axis',(-1.,0.,0.));
#4352=DIRECTION('',(0.,0.,-1.));
#4353=DIRECTION('center_axis',(1.,0.,0.));
#4354=DIRECTION('ref_axis',(0.,-1.,0.));
#4355=DIRECTION('',(0.,0.,-1.));
#4356=DIRECTION('center_axis',(0.980787134598206,-0.19508100011698,0.));
#4357=DIRECTION('ref_axis',(-0.19508100011698,-0.980787134598206,0.));
#4358=DIRECTION('',(0.,0.,-1.));
#4359=DIRECTION('center_axis',(0.707106781186548,-0.707106781186548,0.));
#4360=DIRECTION('ref_axis',(-0.707106781186548,-0.707106781186548,0.));
#4361=DIRECTION('',(0.,0.,-1.));
#4362=DIRECTION('center_axis',(0.19508100011815,-0.980787134597973,0.));
#4363=DIRECTION('ref_axis',(-0.980787134597973,-0.19508100011815,0.));
#4364=DIRECTION('',(0.,0.,-1.));
#4365=DIRECTION('center_axis',(0.,-1.,0.));
#4366=DIRECTION('ref_axis',(-1.,0.,0.));
#4367=CARTESIAN_POINT('',(0.,0.,0.));
#4368=CARTESIAN_POINT('Origin',(113.000001683831,-117.000001743436,9.01));
#4369=CARTESIAN_POINT('',(111.000001683831,-117.000001743436,1.71));
#4370=CARTESIAN_POINT('Origin',(113.000001683831,-117.000001743436,1.71));
#4371=CARTESIAN_POINT('',(111.000001683831,-117.000001743436,9.01));
#4372=CARTESIAN_POINT('',(111.000001683831,-117.000001743436,9.01));
#4373=CARTESIAN_POINT('Origin',(113.000001683831,-117.000001743436,9.01));
#4374=CARTESIAN_POINT('Origin',(113.000001683831,-117.000001743436,1.71));
#4375=CARTESIAN_POINT('Origin',(201.000002995133,-235.000003501773,9.01));
#4376=CARTESIAN_POINT('',(199.000002995133,-235.000003501773,1.71));
#4377=CARTESIAN_POINT('Origin',(201.000002995133,-235.000003501773,1.71));
#4378=CARTESIAN_POINT('',(199.000002995133,-235.000003501773,9.01));
#4379=CARTESIAN_POINT('',(199.000002995133,-235.000003501773,9.01));
#4380=CARTESIAN_POINT('Origin',(201.000002995133,-235.000003501773,9.01));
#4381=CARTESIAN_POINT('Origin',(201.000002995133,-235.000003501773,1.71));
#4382=CARTESIAN_POINT('Origin',(242.000003606081,-279.000004157424,9.01));
#4383=CARTESIAN_POINT('',(240.000003606081,-279.000004157424,1.71));
#4384=CARTESIAN_POINT('Origin',(242.000003606081,-279.000004157424,1.71));
#4385=CARTESIAN_POINT('',(240.000003606081,-279.000004157424,9.01));
#4386=CARTESIAN_POINT('',(240.000003606081,-279.000004157424,9.01));
#4387=CARTESIAN_POINT('Origin',(242.000003606081,-279.000004157424,9.01));
#4388=CARTESIAN_POINT('Origin',(242.000003606081,-279.000004157424,1.71));
#4389=CARTESIAN_POINT('Origin',(235.000003501773,-117.000001743436,9.01));
#4390=CARTESIAN_POINT('',(233.000003501773,-117.000001743436,1.71));
#4391=CARTESIAN_POINT('Origin',(235.000003501773,-117.000001743436,1.71));
#4392=CARTESIAN_POINT('',(233.000003501773,-117.000001743436,9.01));
#4393=CARTESIAN_POINT('',(233.000003501773,-117.000001743436,9.01));
#4394=CARTESIAN_POINT('Origin',(235.000003501773,-117.000001743436,9.01));
#4395=CARTESIAN_POINT('Origin',(235.000003501773,-117.000001743436,1.71));
#4396=CARTESIAN_POINT('Origin',(102.000001519918,-237.000003531575,9.01));
#4397=CARTESIAN_POINT('',(100.000001519918,-237.000003531575,1.71));
#4398=CARTESIAN_POINT('Origin',(102.000001519918,-237.000003531575,1.71));
#4399=CARTESIAN_POINT('',(100.000001519918,-237.000003531575,9.01));
#4400=CARTESIAN_POINT('',(100.000001519918,-237.000003531575,9.01));
#4401=CARTESIAN_POINT('Origin',(102.000001519918,-237.000003531575,9.01));
#4402=CARTESIAN_POINT('Origin',(102.000001519918,-237.000003531575,1.71));
#4403=CARTESIAN_POINT('Origin',(278.851624981767,-221.41,9.01));
#4404=CARTESIAN_POINT('',(276.851624981767,-221.41,1.71));
#4405=CARTESIAN_POINT('Origin',(278.851624981767,-221.41,1.71));
#4406=CARTESIAN_POINT('',(276.851624981767,-221.41,9.01));
#4407=CARTESIAN_POINT('',(276.851624981767,-221.41,9.01));
#4408=CARTESIAN_POINT('Origin',(278.851624981767,-221.41,9.01));
#4409=CARTESIAN_POINT('Origin',(278.851624981767,-221.41,1.71));
#4410=CARTESIAN_POINT('Origin',(249.32,-282.03,1.51));
#4411=CARTESIAN_POINT('',(251.42,-282.03,9.01));
#4412=CARTESIAN_POINT('Origin',(249.32,-282.03,9.01));
#4413=CARTESIAN_POINT('',(251.42,-282.03,12.01));
#4414=CARTESIAN_POINT('',(251.42,-282.03,1.51));
#4415=CARTESIAN_POINT('Origin',(249.32,-282.03,12.01));
#4416=CARTESIAN_POINT('Origin',(249.32,-282.03,12.01));
#4417=CARTESIAN_POINT('Origin',(103.10125,-117.04,1.51));
#4418=CARTESIAN_POINT('',(105.20125,-117.04,9.01));
#4419=CARTESIAN_POINT('Origin',(103.10125,-117.04,9.01));
#4420=CARTESIAN_POINT('',(105.20125,-117.04,12.01));
#4421=CARTESIAN_POINT('',(105.20125,-117.04,1.51));
#4422=CARTESIAN_POINT('Origin',(103.10125,-117.04,12.01));
#4423=CARTESIAN_POINT('Origin',(103.10125,-117.04,12.01));
#4424=CARTESIAN_POINT('Origin',(284.76125,-225.58,1.51));
#4425=CARTESIAN_POINT('',(286.86125,-225.58,9.01));
#4426=CARTESIAN_POINT('Origin',(284.76125,-225.58,9.01));
#4427=CARTESIAN_POINT('',(286.86125,-225.58,12.01));
#4428=CARTESIAN_POINT('',(286.86125,-225.58,1.51));
#4429=CARTESIAN_POINT('Origin',(284.76125,-225.58,12.01));
#4430=CARTESIAN_POINT('Origin',(284.76125,-225.58,12.01));
#4431=CARTESIAN_POINT('Origin',(211.79125,-221.41,1.51));
#4432=CARTESIAN_POINT('',(213.89125,-221.41,9.01));
#4433=CARTESIAN_POINT('Origin',(211.79125,-221.41,9.01));
#4434=CARTESIAN_POINT('',(213.89125,-221.41,12.01));
#4435=CARTESIAN_POINT('',(213.89125,-221.41,1.51));
#4436=CARTESIAN_POINT('Origin',(211.79125,-221.41,12.01));
#4437=CARTESIAN_POINT('Origin',(211.79125,-221.41,12.01));
#4438=CARTESIAN_POINT('Origin',(101.94125,-231.1,1.51));
#4439=CARTESIAN_POINT('',(104.04125,-231.1,9.01));
#4440=CARTESIAN_POINT('Origin',(101.94125,-231.1,9.01));
#4441=CARTESIAN_POINT('',(104.04125,-231.1,12.01));
#4442=CARTESIAN_POINT('',(104.04125,-231.1,1.51));
#4443=CARTESIAN_POINT('Origin',(101.94125,-231.1,12.01));
#4444=CARTESIAN_POINT('Origin',(101.94125,-231.1,12.01));
#4445=CARTESIAN_POINT('Origin',(242.88125,-117.19,1.51));
#4446=CARTESIAN_POINT('',(244.98125,-117.19,9.01));
#4447=CARTESIAN_POINT('Origin',(242.88125,-117.19,9.01));
#4448=CARTESIAN_POINT('',(244.98125,-117.19,12.01));
#4449=CARTESIAN_POINT('',(244.98125,-117.19,1.51));
#4450=CARTESIAN_POINT('Origin',(242.88125,-117.19,12.01));
#4451=CARTESIAN_POINT('Origin',(242.88125,-117.19,12.01));
#4452=CARTESIAN_POINT('Origin',(290.169490631501,-234.807332469504,10.01));
#4453=CARTESIAN_POINT('',(267.373242462752,-275.703913608625,13.01));
#4454=CARTESIAN_POINT('',(269.991824327284,-277.167827207084,10.01));
#4455=CARTESIAN_POINT('Ctrl Pts',(267.373242462752,-275.703913608624,13.01));
#4456=CARTESIAN_POINT('Ctrl Pts',(267.461486517685,-275.753193803838,13.01));
#4457=CARTESIAN_POINT('Ctrl Pts',(267.549730419143,-275.802473913502,13.0048878840034));
#4458=CARTESIAN_POINT('Ctrl Pts',(267.637523927677,-275.851502968711,12.9946897235843));
#4459=CARTESIAN_POINT('Ctrl Pts',(267.725314800809,-275.900530552158,12.9844918692955));
#4460=CARTESIAN_POINT('Ctrl Pts',(267.812655002727,-275.949306926028,12.9692083116404));
#4461=CARTESIAN_POINT('Ctrl Pts',(267.89909892953,-275.997583705325,12.9489169914407));
#4462=CARTESIAN_POINT('Ctrl Pts',(267.985540434109,-276.045859131871,12.9286262398191));
#4463=CARTESIAN_POINT('Ctrl Pts',(268.071085413217,-276.093634824293,12.903328077065));
#4464=CARTESIAN_POINT('Ctrl Pts',(268.155297442391,-276.140667514327,12.8731515077791));
#4465=CARTESIAN_POINT('Ctrl Pts',(268.239507280052,-276.187698980393,12.842975723801));
#4466=CARTESIAN_POINT('Ctrl Pts',(268.322383944377,-276.233987319543,12.8079218922988));
#4467=CARTESIAN_POINT('Ctrl Pts',(268.403504639595,-276.27929686031,12.7681687563136));
#4468=CARTESIAN_POINT('Ctrl Pts',(268.484623385715,-276.324605312417,12.7284165754827));
#4469=CARTESIAN_POINT('Ctrl Pts',(268.563985965117,-276.368934855989,12.6839654543384));
#4470=CARTESIAN_POINT('Ctrl Pts',(268.641187520136,-276.412059818475,12.6350420427792));
#4471=CARTESIAN_POINT('Ctrl Pts',(268.718387374336,-276.45518383088,12.586119709046));
#4472=CARTESIAN_POINT('Ctrl Pts',(268.793426031031,-276.497103165699,12.5327254521345));
#4473=CARTESIAN_POINT('Ctrl Pts',(268.865920696465,-276.537604449069,12.4751315097337));
#4474=CARTESIAN_POINT('Ctrl Pts',(268.938413909472,-276.578104920997,12.417538721225));
#4475=CARTESIAN_POINT('Ctrl Pts',(269.008362981199,-276.617187257855,12.3557466157787));
#4476=CARTESIAN_POINT('Ctrl Pts',(269.075411082092,-276.654652558539,12.2900702360217));
#4477=CARTESIAN_POINT('Ctrl Pts',(269.142457973482,-276.692117183375,12.2243950410223));
#4478=CARTESIAN_POINT('Ctrl Pts',(269.206603765691,-276.727964700495,12.1548359401671));
#4479=CARTESIAN_POINT('Ctrl Pts',(269.267521228562,-276.762012707858,12.0817475627782));
#4480=CARTESIAN_POINT('Ctrl Pts',(269.328448087179,-276.796065966696,12.0086479124337));
#4481=CARTESIAN_POINT('Ctrl Pts',(269.386145407768,-276.828319042038,11.9320181499412));
#4482=CARTESIAN_POINT('Ctrl Pts',(269.440318745361,-276.858607806704,11.8522490729253));
#4483=CARTESIAN_POINT('Ctrl Pts',(269.494489037726,-276.888894868759,11.7724844799416));
#4484=CARTESIAN_POINT('Ctrl Pts',(269.545135555161,-276.917217736117,11.6895812029405));
#4485=CARTESIAN_POINT('Ctrl Pts',(269.591999839518,-276.943432341085,11.6039619858527));
#4486=CARTESIAN_POINT('Ctrl Pts',(269.638861863835,-276.969645681848,11.518346897771));
#4487=CARTESIAN_POINT('Ctrl Pts',(269.681941857167,-276.993750872871,11.4300164293268));
#4488=CARTESIAN_POINT('Ctrl Pts',(269.721019966092,-277.015625365201,11.3394209556413));
#4489=CARTESIAN_POINT('Ctrl Pts',(269.760096502488,-277.037498977286,11.2488291275798));
#4490=CARTESIAN_POINT('Ctrl Pts',(269.795171340898,-277.057141994593,11.1559727915155));
#4491=CARTESIAN_POINT('Ctrl Pts',(269.826065458593,-277.074454627689,11.0613253607998));
#4492=CARTESIAN_POINT('Ctrl Pts',(269.856963221714,-277.091769303631,10.9666667619289));
#4493=CARTESIAN_POINT('Ctrl Pts',(269.883679169067,-277.106752984967,10.8702169743393));
#4494=CARTESIAN_POINT('Ctrl Pts',(269.906076862239,-277.119329619278,10.7724678479028));
#4495=CARTESIAN_POINT('Ctrl Pts',(269.928472379815,-277.13190503196,10.6747282163104));
#4496=CARTESIAN_POINT('Ctrl Pts',(269.946550404815,-277.142073822145,10.575689838187));
#4497=CARTESIAN_POINT('Ctrl Pts',(269.960218566226,-277.149784501113,10.4758576660732));
#4498=CARTESIAN_POINT('Ctrl Pts',(269.973887394161,-277.157495556092,10.3760206256645));
#4499=CARTESIAN_POINT('Ctrl Pts',(269.983145880397,-277.162748233351,10.2753900607526));
#4500=CARTESIAN_POINT('Ctrl Pts',(269.987946616191,-277.165516106684,10.1744790916927));
#4501=CARTESIAN_POINT('Ctrl Pts',(269.990552307577,-277.167018422998,10.1197077287013));
#4502=CARTESIAN_POINT('Ctrl Pts',(269.991845536824,-277.167789157067,10.0648538684885));
#4503=CARTESIAN_POINT('Ctrl Pts',(269.991824327284,-277.167827207084,10.0099999999997));
#4504=CARTESIAN_POINT('',(298.979949027811,-225.16298916925,10.01));
#4505=CARTESIAN_POINT('',(292.789894566224,-236.267977265095,10.01));
#4506=CARTESIAN_POINT('',(296.359545093088,-223.70234437366,13.01));
#4507=CARTESIAN_POINT('Origin',(296.359545093088,-223.70234437366,10.01));
#4508=CARTESIAN_POINT('',(290.169490631501,-234.807332469504,13.01));
#4509=CARTESIAN_POINT('Ctrl Pts',(295.605455306078,-220.992419754448,13.01));
#4510=CARTESIAN_POINT('Ctrl Pts',(297.322696445891,-221.974446117878,13.01));
#4511=CARTESIAN_POINT('Ctrl Pts',(296.359545093088,-223.70234437366,13.01));
#4512=CARTESIAN_POINT('Ctrl Pts',(297.094724560285,-218.388177621221,13.01));
#4513=CARTESIAN_POINT('Ctrl Pts',(301.387827409818,-220.843243529797,13.01));
#4514=CARTESIAN_POINT('Ctrl Pts',(298.979949027811,-225.16298916925,13.01));
#4515=CARTESIAN_POINT('Ctrl Pts',(297.094724560285,-218.388177621221,10.01));
#4516=CARTESIAN_POINT('Ctrl Pts',(301.387827409818,-220.843243529797,10.01));
#4517=CARTESIAN_POINT('Ctrl Pts',(298.979949027811,-225.16298916925,10.01));
#4518=CARTESIAN_POINT('',(297.094724560285,-218.388177621221,10.01));
#4519=CARTESIAN_POINT('',(295.605455306078,-220.992419754448,13.01));
#4520=CARTESIAN_POINT('Origin',(295.605455306078,-220.992419754448,10.01));
#4521=CARTESIAN_POINT('Origin',(294.612609136606,-222.728581176599,13.01));
#4522=CARTESIAN_POINT('Origin',(294.612609136606,-222.728581176599,10.01));
#4523=CARTESIAN_POINT('Origin',(245.929176192133,-192.584402618126,10.01));
#4524=CARTESIAN_POINT('',(279.6875,-211.889532920411,13.01));
#4525=CARTESIAN_POINT('',(245.929176192133,-192.584402618126,13.01));
#4526=CARTESIAN_POINT('',(282.6875,-210.149221534019,10.01));
#4527=CARTESIAN_POINT('',(247.418445446341,-189.980160484899,10.01));
#4528=CARTESIAN_POINT('Origin',(279.6875,-211.889532920411,10.01));
#4529=CARTESIAN_POINT('Origin',(279.6875,-192.984914918359,10.01));
#4530=CARTESIAN_POINT('',(282.6875,-184.519834723371,10.01));
#4531=CARTESIAN_POINT('',(282.6875,-192.984914918359,10.01));
#4532=CARTESIAN_POINT('',(279.6875,-184.519917361926,13.01));
#4533=CARTESIAN_POINT('Ctrl Pts',(282.6875,-184.519834723371,10.01));
#4534=CARTESIAN_POINT('Ctrl Pts',(282.6875,-184.519834723359,10.4006444840945));
#4535=CARTESIAN_POINT('Ctrl Pts',(282.611198444214,-184.519836824916,10.7875541846754));
#4536=CARTESIAN_POINT('Ctrl Pts',(282.314581812785,-184.519844995548,11.5103480385351));
#4537=CARTESIAN_POINT('Ctrl Pts',(282.097102561357,-184.51985098649,11.8393218968461));
#4538=CARTESIAN_POINT('Ctrl Pts',(281.548284629835,-184.519866104428,12.3953896279563));
#4539=CARTESIAN_POINT('Ctrl Pts',(281.222192994057,-184.519875087004,12.6171671534348));
#4540=CARTESIAN_POINT('Ctrl Pts',(280.518242115052,-184.519894478271,12.9169038109308));
#4541=CARTESIAN_POINT('Ctrl Pts',(280.149274390849,-184.519904642002,12.9978052668202));
#4542=CARTESIAN_POINT('Ctrl Pts',(279.745827628384,-184.519915754807,13.009574710157));
#4543=CARTESIAN_POINT('Ctrl Pts',(279.716664259819,-184.519916558531,13.0099999999993));
#4544=CARTESIAN_POINT('Ctrl Pts',(279.687500000072,-184.519917361895,13.01));
#4545=CARTESIAN_POINT('',(279.6875,-192.984914918359,13.01));
#4546=CARTESIAN_POINT('Origin',(279.687704513779,-188.232115248802,10.01));
#4547=CARTESIAN_POINT('',(279.686976593647,-175.019393892592,13.01));
#4548=CARTESIAN_POINT('',(279.687704513779,-188.232115248802,13.01));
#4549=CARTESIAN_POINT('',(282.686976564808,-175.018787785213,10.01));
#4550=CARTESIAN_POINT('',(282.687704509226,-188.231949971693,10.01));
#4551=CARTESIAN_POINT('Ctrl Pts',(282.686976564808,-175.018787785213,10.01));
#4552=CARTESIAN_POINT('Ctrl Pts',(282.686976564808,-175.01878778518,10.4006444702447));
#4553=CARTESIAN_POINT('Ctrl Pts',(282.610675014401,-175.018803200808,10.7875541661104));
#4554=CARTESIAN_POINT('Ctrl Pts',(282.314058384635,-175.018863127936,11.5103480373573));
#4555=CARTESIAN_POINT('Ctrl Pts',(282.096579120761,-175.018907066487,11.8393219100125));
#4556=CARTESIAN_POINT('Ctrl Pts',(281.54776120813,-175.019017947313,12.3953896234477));
#4557=CARTESIAN_POINT('Ctrl Pts',(281.221669554792,-175.01908382952,12.6171671546198));
#4558=CARTESIAN_POINT('Ctrl Pts',(280.517722473362,-175.019226052103,12.9169022108429));
#4559=CARTESIAN_POINT('Ctrl Pts',(280.14875512901,-175.019300596423,12.9978051458044));
#4560=CARTESIAN_POINT('Ctrl Pts',(279.7453040081,-175.019382108057,13.0095747163801));
#4561=CARTESIAN_POINT('Ctrl Pts',(279.71614106636,-175.019387999918,13.0100000000006));
#4562=CARTESIAN_POINT('Ctrl Pts',(279.68697659358,-175.019393892184,13.01));
#4563=CARTESIAN_POINT('Origin',(279.682106254627,-161.063437431534,10.01));
#4564=CARTESIAN_POINT('',(279.668022995946,-120.707859680572,13.01));
#4565=CARTESIAN_POINT('',(279.682106254627,-161.063437431534,13.01));
#4566=CARTESIAN_POINT('',(282.668022431699,-120.705719361426,10.01));
#4567=CARTESIAN_POINT('',(282.682106071948,-161.062390493891,10.01));
#4568=CARTESIAN_POINT('Ctrl Pts',(282.668022431699,-120.705719361426,10.0100000000003));
#4569=CARTESIAN_POINT('Ctrl Pts',(282.668022431699,-120.705719361391,10.4006444491646));
#4570=CARTESIAN_POINT('Ctrl Pts',(282.59172090326,-120.705773798035,10.7875541229679));
#4571=CARTESIAN_POINT('Ctrl Pts',(282.29510435567,-120.705985416129,11.510347968554));
#4572=CARTESIAN_POINT('Ctrl Pts',(282.077625148406,-120.706140574454,11.839321833242));
#4573=CARTESIAN_POINT('Ctrl Pts',(281.5288073631,-120.706532122946,12.3953895582159));
#4574=CARTESIAN_POINT('Ctrl Pts',(281.202715774985,-120.706764769754,12.6171671003258));
#4575=CARTESIAN_POINT('Ctrl Pts',(280.498768869984,-120.707266993539,12.9169021647118));
#4576=CARTESIAN_POINT('Ctrl Pts',(280.129801565886,-120.70753023002,12.9978051423898));
#4577=CARTESIAN_POINT('Ctrl Pts',(279.726350395746,-120.707818067602,13.009574716504));
#4578=CARTESIAN_POINT('Ctrl Pts',(279.697187467771,-120.707838873789,13.0100000000001));
#4579=CARTESIAN_POINT('Ctrl Pts',(279.668022995938,-120.707859680887,13.01));
#4580=CARTESIAN_POINT('Origin',(279.70635983229,-156.274062175026,10.01));
#4581=CARTESIAN_POINT('',(279.657772995574,-111.198635040217,13.01));
#4582=CARTESIAN_POINT('',(279.70635983229,-156.274062175026,13.01));
#4583=CARTESIAN_POINT('',(282.657762488209,-111.187270199905,10.01));
#4584=CARTESIAN_POINT('',(282.706358089486,-156.270828474655,10.01));
#4585=CARTESIAN_POINT('Origin',(279.657772995639,-111.198635099946,10.01));
#4586=CARTESIAN_POINT('Origin',(279.924818901183,-152.290323815663,10.01));
#4587=CARTESIAN_POINT('',(282.64120025639,-108.638756778762,10.01));
#4588=CARTESIAN_POINT('',(282.924755551948,-152.270827882921,10.01));
#4589=CARTESIAN_POINT('',(279.641263605624,-108.658252711505,13.01));
#4590=CARTESIAN_POINT('Origin',(279.641263605624,-108.658252711505,10.01));
#4591=CARTESIAN_POINT('',(279.924818901183,-152.290323815663,13.01));
#4592=CARTESIAN_POINT('Ctrl Pts',(277.641305838447,-106.67125,13.01));
#4593=CARTESIAN_POINT('Ctrl Pts',(279.628350509205,-106.67125,13.01));
#4594=CARTESIAN_POINT('Ctrl Pts',(279.641263605624,-108.658252711505,13.01));
#4595=CARTESIAN_POINT('Ctrl Pts',(277.641305838447,-103.67125,13.01));
#4596=CARTESIAN_POINT('Ctrl Pts',(282.608917515342,-103.67125,13.01));
#4597=CARTESIAN_POINT('Ctrl Pts',(282.64120025639,-108.638756778762,13.01));
#4598=CARTESIAN_POINT('Ctrl Pts',(277.641305838447,-103.67125,10.01));
#4599=CARTESIAN_POINT('Ctrl Pts',(282.608917515342,-103.67125,10.01));
#4600=CARTESIAN_POINT('Ctrl Pts',(282.64120025639,-108.638756778762,10.01));
#4601=CARTESIAN_POINT('',(277.641305838447,-103.67125,10.01));
#4602=CARTESIAN_POINT('',(277.641305838447,-106.67125,13.01));
#4603=CARTESIAN_POINT('Origin',(277.641305838447,-106.67125,10.01));
#4604=CARTESIAN_POINT('Origin',(277.641305838447,-108.67125,13.01));
#4605=CARTESIAN_POINT('Origin',(277.641305838447,-108.67125,10.01));
#4606=CARTESIAN_POINT('Origin',(141.455641370491,-106.67125,10.01));
#4607=CARTESIAN_POINT('',(93.855,-103.67125,10.01));
#4608=CARTESIAN_POINT('',(93.855,-106.67125,13.01));
#4609=CARTESIAN_POINT('Origin',(93.855,-106.67125,10.01));
#4610=CARTESIAN_POINT('',(141.455641370491,-106.67125,13.01));
#4611=CARTESIAN_POINT('',(141.455641370491,-103.67125,10.01));
#4612=CARTESIAN_POINT('Ctrl Pts',(91.855,-108.67125,13.01));
#4613=CARTESIAN_POINT('Ctrl Pts',(91.855,-106.67125,13.01));
#4614=CARTESIAN_POINT('Ctrl Pts',(93.855,-106.67125,13.01));
#4615=CARTESIAN_POINT('Ctrl Pts',(88.855,-108.67125,13.01));
#4616=CARTESIAN_POINT('Ctrl Pts',(88.855,-103.67125,13.01));
#4617=CARTESIAN_POINT('Ctrl Pts',(93.855,-103.67125,13.01));
#4618=CARTESIAN_POINT('Ctrl Pts',(88.855,-108.67125,10.01));
#4619=CARTESIAN_POINT('Ctrl Pts',(88.855,-103.67125,10.01));
#4620=CARTESIAN_POINT('Ctrl Pts',(93.855,-103.67125,10.01));
#4621=CARTESIAN_POINT('',(88.855,-108.67125,10.01));
#4622=CARTESIAN_POINT('',(91.855,-108.67125,13.01));
#4623=CARTESIAN_POINT('Origin',(91.855,-108.67125,10.01));
#4624=CARTESIAN_POINT('Origin',(93.855,-108.67125,13.01));
#4625=CARTESIAN_POINT('Origin',(93.855,-108.67125,10.01));
#4626=CARTESIAN_POINT('Origin',(91.855,-224.679359605362,10.01));
#4627=CARTESIAN_POINT('',(88.855,-242.902908032459,10.01));
#4628=CARTESIAN_POINT('',(91.855,-242.902908032459,13.01));
#4629=CARTESIAN_POINT('Origin',(91.855,-242.902908032459,10.01));
#4630=CARTESIAN_POINT('',(91.855,-224.679359605362,13.01));
#4631=CARTESIAN_POINT('',(88.855,-224.679359605362,10.01));
#4632=CARTESIAN_POINT('Ctrl Pts',(93.8573250729039,-244.902906680968,13.01));
#4633=CARTESIAN_POINT('Ctrl Pts',(93.0282174281731,-244.903870549479,13.01));
#4634=CARTESIAN_POINT('Ctrl Pts',(92.4416087140866,-244.317943393468,13.01));
#4635=CARTESIAN_POINT('Ctrl Pts',(91.855,-243.732016237456,13.01));
#4636=CARTESIAN_POINT('Ctrl Pts',(91.855,-242.902908032459,13.01));
#4637=CARTESIAN_POINT('Ctrl Pts',(93.8608126822597,-247.902904653731,13.01));
#4638=CARTESIAN_POINT('Ctrl Pts',(91.7880435704327,-247.905314325008,13.01));
#4639=CARTESIAN_POINT('Ctrl Pts',(90.3215217852163,-246.44049643498,13.01));
#4640=CARTESIAN_POINT('Ctrl Pts',(88.855,-244.975678544952,13.01));
#4641=CARTESIAN_POINT('Ctrl Pts',(88.855,-242.902908032459,13.01));
#4642=CARTESIAN_POINT('Ctrl Pts',(93.8608126822597,-247.902904653731,10.01));
#4643=CARTESIAN_POINT('Ctrl Pts',(91.7880435704327,-247.905314325008,10.01));
#4644=CARTESIAN_POINT('Ctrl Pts',(90.3215217852163,-246.44049643498,10.01));
#4645=CARTESIAN_POINT('Ctrl Pts',(88.855,-244.975678544952,10.01));
#4646=CARTESIAN_POINT('Ctrl Pts',(88.855,-242.902908032459,10.01));
#4647=CARTESIAN_POINT('',(93.8608126822597,-247.902904653731,10.01));
#4648=CARTESIAN_POINT('',(93.8573250729039,-244.902906680968,13.01));
#4649=CARTESIAN_POINT('Origin',(93.8573250729039,-244.902906680968,10.01));
#4650=CARTESIAN_POINT('Origin',(93.855,-242.902908032459,13.01));
#4651=CARTESIAN_POINT('Origin',(93.855,-242.902908032459,10.01));
#4652=CARTESIAN_POINT('Origin',(178.635261155667,-244.804349173351,10.01));
#4653=CARTESIAN_POINT('',(163.968408222916,-244.821399936043,13.01));
#4654=CARTESIAN_POINT('',(178.635261155667,-244.804349173351,13.01));
#4655=CARTESIAN_POINT('',(163.167347038193,-247.822333226738,10.01));
#4656=CARTESIAN_POINT('',(178.638748765023,-247.804347146114,10.01));
#4657=CARTESIAN_POINT('Origin',(163.968408222916,-244.821399936043,10.01));
#4658=CARTESIAN_POINT('Origin',(274.44392061255,-263.09316667788,10.01));
#4659=CARTESIAN_POINT('',(262.0362856748,-285.222521301825,13.01));
#4660=CARTESIAN_POINT('',(264.644435038924,-286.705041548744,10.01));
#4661=CARTESIAN_POINT('Ctrl Pts',(262.0362856748,-285.222521301825,13.01));
#4662=CARTESIAN_POINT('Ctrl Pts',(262.124261258708,-285.272280556142,13.01));
#4663=CARTESIAN_POINT('Ctrl Pts',(262.212236689355,-285.322039724528,13.0048878840034));
#4664=CARTESIAN_POINT('Ctrl Pts',(262.299762354832,-285.371546715562,12.9946897235843));
#4665=CARTESIAN_POINT('Ctrl Pts',(262.387285392947,-285.421052220486,12.9844918692954));
#4666=CARTESIAN_POINT('Ctrl Pts',(262.474358387989,-285.470305392243,12.9692083116404));
#4667=CARTESIAN_POINT('Ctrl Pts',(262.560536357137,-285.519056734879,12.9489169914406));
#4668=CARTESIAN_POINT('Ctrl Pts',(262.646711911512,-285.567806711465,12.9286262398191));
#4669=CARTESIAN_POINT('Ctrl Pts',(262.731992189986,-285.616054718756,12.9033280770649));
#4670=CARTESIAN_POINT('Ctrl Pts',(262.815941376381,-285.663556400414,12.873151507779));
#4671=CARTESIAN_POINT('Ctrl Pts',(262.899888378101,-285.7110568459,12.8429757238009));
#4672=CARTESIAN_POINT('Ctrl Pts',(262.982504064652,-285.757810840669,12.8079218922987));
#4673=CARTESIAN_POINT('Ctrl Pts',(263.06336622955,-285.80358165916,12.7681687563135));
#4674=CARTESIAN_POINT('Ctrl Pts',(263.144226451561,-285.849351377908,12.7284165754826));
#4675=CARTESIAN_POINT('Ctrl Pts',(263.223332954583,-285.894137809735,12.6839654543383));
#4676=CARTESIAN_POINT('Ctrl Pts',(263.300281445239,-285.937714272717,12.6350420427791));
#4677=CARTESIAN_POINT('Ctrl Pts',(263.377228240651,-285.981289775672,12.5861197090459));
#4678=CARTESIAN_POINT('Ctrl Pts',(263.452016850817,-286.02365521285,12.5327254521343));
#4679=CARTESIAN_POINT('Ctrl Pts',(263.524265015514,-286.064596256029,12.4751315097336));
#4680=CARTESIAN_POINT('Ctrl Pts',(263.596511732722,-286.105536478955,12.4175387212249));
#4681=CARTESIAN_POINT('Ctrl Pts',(263.666217854651,-286.145052223885,12.3557466157785));
#4682=CARTESIAN_POINT('Ctrl Pts',(263.733027049095,-286.182943700086,12.2900702360215));
#4683=CARTESIAN_POINT('Ctrl Pts',(263.799835038345,-286.220834492751,12.2243950410221));
#4684=CARTESIAN_POINT('Ctrl Pts',(263.863745971939,-286.257100944825,12.1548359401669));
#4685=CARTESIAN_POINT('Ctrl Pts',(263.924433075813,-286.291559838433,12.081747562778));
#4686=CARTESIAN_POINT('Ctrl Pts',(263.985129539903,-286.326024046889,12.0086479124335));
#4687=CARTESIAN_POINT('Ctrl Pts',(264.042600967266,-286.358680020128,11.932018149941));
#4688=CARTESIAN_POINT('Ctrl Pts',(264.096553323329,-286.389362896873,11.8522490729251));
#4689=CARTESIAN_POINT('Ctrl Pts',(264.150502646586,-286.420044048852,11.7724844799414));
#4690=CARTESIAN_POINT('Ctrl Pts',(264.20093310632,-286.448752220835,11.6895812029403));
#4691=CARTESIAN_POINT('Ctrl Pts',(264.247586604618,-286.475342700754,11.6039619858525));
#4692=CARTESIAN_POINT('Ctrl Pts',(264.294237853041,-286.501931898341,11.5183468977708));
#4693=CARTESIAN_POINT('Ctrl Pts',(264.33711234184,-286.526403517018,11.4300164293266));
#4694=CARTESIAN_POINT('Ctrl Pts',(264.375990524024,-286.548634459704,11.3394209556411));
#4695=CARTESIAN_POINT('Ctrl Pts',(264.414867141723,-286.570864507803,11.2488291275796));
#4696=CARTESIAN_POINT('Ctrl Pts',(264.449747638968,-286.590853984289,11.1559727915153));
#4697=CARTESIAN_POINT('Ctrl Pts',(264.480453242548,-286.6085026534,11.0613253607997));
#4698=CARTESIAN_POINT('Ctrl Pts',(264.511162469311,-286.62615340501,10.9666667619288));
#4699=CARTESIAN_POINT('Ctrl Pts',(264.537695708884,-286.64146273612,10.8702169743391));
#4700=CARTESIAN_POINT('Ctrl Pts',(264.55991671302,-286.654354254149,10.7724678479027));
#4701=CARTESIAN_POINT('Ctrl Pts',(264.582135558722,-286.667244519963,10.6747282163102));
#4702=CARTESIAN_POINT('Ctrl Pts',(264.600042929531,-286.677717399124,10.5756898381868));
#4703=CARTESIAN_POINT('Ctrl Pts',(264.613546583179,-286.685721172617,10.4758576660731));
#4704=CARTESIAN_POINT('Ctrl Pts',(264.627050895329,-286.693725336413,10.3760206256644));
#4705=CARTESIAN_POINT('Ctrl Pts',(264.636151012876,-286.699260126847,10.2753900607524));
#4706=CARTESIAN_POINT('Ctrl Pts',(264.640799593153,-286.702298999515,10.1744790916926));
#4707=CARTESIAN_POINT('Ctrl Pts',(264.643322699215,-286.703948405913,10.1197077287013));
#4708=CARTESIAN_POINT('Ctrl Pts',(264.644535172436,-286.7048629579,10.0648538684887));
#4709=CARTESIAN_POINT('Ctrl Pts',(264.644435038924,-286.705041548744,10.01));
#4710=CARTESIAN_POINT('',(277.060672251593,-264.560344533346,10.01));
#4711=CARTESIAN_POINT('',(274.44392061255,-263.09316667788,13.01));
#4712=CARTESIAN_POINT('Origin',(212.725120609899,-272.923920244315,10.01));
#4713=CARTESIAN_POINT('',(251.830980318262,-298.926508075155,10.01));
#4714=CARTESIAN_POINT('',(211.227007367698,-275.523084862715,10.01));
#4715=CARTESIAN_POINT('',(253.329093560463,-296.327343456756,13.01));
#4716=CARTESIAN_POINT('Origin',(253.329093560463,-296.327343456756,10.01));
#4717=CARTESIAN_POINT('',(212.725120609899,-272.923920244315,13.01));
#4718=CARTESIAN_POINT('Ctrl Pts',(256.06074717108,-295.593074885924,13.01));
#4719=CARTESIAN_POINT('Ctrl Pts',(255.647112133721,-296.310938944937,13.01));
#4720=CARTESIAN_POINT('Ctrl Pts',(254.84700690687,-296.526007253434,13.01));
#4721=CARTESIAN_POINT('Ctrl Pts',(254.04690168002,-296.74107556193,13.01));
#4722=CARTESIAN_POINT('Ctrl Pts',(253.329093560463,-296.327343456755,13.01));
#4723=CARTESIAN_POINT('Ctrl Pts',(258.660114344804,-297.090836648077,13.01));
#4724=CARTESIAN_POINT('Ctrl Pts',(257.626026751406,-298.885496795609,13.01));
#4725=CARTESIAN_POINT('Ctrl Pts',(255.62576368428,-299.423167566851,13.01));
#4726=CARTESIAN_POINT('Ctrl Pts',(253.625500617153,-299.960838338093,13.01));
#4727=CARTESIAN_POINT('Ctrl Pts',(251.830980318262,-298.926508075155,13.01));
#4728=CARTESIAN_POINT('Ctrl Pts',(258.660114344804,-297.090836648077,10.01));
#4729=CARTESIAN_POINT('Ctrl Pts',(257.626026751406,-298.885496795609,10.01));
#4730=CARTESIAN_POINT('Ctrl Pts',(255.62576368428,-299.423167566851,10.01));
#4731=CARTESIAN_POINT('Ctrl Pts',(253.625500617153,-299.960838338093,10.01));
#4732=CARTESIAN_POINT('Ctrl Pts',(251.830980318262,-298.926508075155,10.01));
#4733=CARTESIAN_POINT('',(258.660114344804,-297.090836648077,10.01));
#4734=CARTESIAN_POINT('',(256.06074717108,-295.593074885924,13.01));
#4735=CARTESIAN_POINT('Origin',(256.06074717108,-295.593074885924,10.01));
#4736=CARTESIAN_POINT('Origin',(254.327835721931,-294.594567044489,13.01));
#4737=CARTESIAN_POINT('Origin',(254.327835721931,-294.594567044489,10.01));
#4738=CARTESIAN_POINT('Origin',(271.687735784301,-268.472419083507,10.01));
#4739=CARTESIAN_POINT('',(271.687735784301,-268.472419083507,13.01));
#4740=CARTESIAN_POINT('',(274.287102958025,-269.97018084566,10.01));
#4741=CARTESIAN_POINT('Origin',(277.641305838447,-108.67125,13.01));
#4742=CARTESIAN_POINT('',(282.64120025639,-108.638756778762,4.01));
#4743=CARTESIAN_POINT('',(282.64120025639,-108.638756778762,13.01));
#4744=CARTESIAN_POINT('',(277.641305838447,-103.67125,4.01));
#4745=CARTESIAN_POINT('Origin',(277.641305838447,-108.67125,4.01));
#4746=CARTESIAN_POINT('',(277.641305838447,-103.67125,13.01));
#4747=CARTESIAN_POINT('Origin',(282.608917515342,-103.67125,13.01));
#4748=CARTESIAN_POINT('',(282.657762488209,-111.187270199905,4.01));
#4749=CARTESIAN_POINT('',(282.657762488209,-111.187270199905,13.01));
#4750=CARTESIAN_POINT('',(282.608917515342,-103.67125,4.01));
#4751=CARTESIAN_POINT('Origin',(282.657762488209,-111.187270199905,13.01));
#4752=CARTESIAN_POINT('',(282.668022431699,-120.705719361426,4.01));
#4753=CARTESIAN_POINT('',(282.668022431699,-120.705719361426,13.01));
#4754=CARTESIAN_POINT('',(282.657762488209,-111.187270199905,4.01));
#4755=CARTESIAN_POINT('Origin',(282.668022431699,-120.705719361426,13.01));
#4756=CARTESIAN_POINT('',(282.686976564808,-175.018787785213,4.01));
#4757=CARTESIAN_POINT('',(282.686976564808,-175.018787785213,13.01));
#4758=CARTESIAN_POINT('',(282.668022431699,-120.705719361426,4.01));
#4759=CARTESIAN_POINT('Origin',(282.686976564808,-175.018787785213,13.01));
#4760=CARTESIAN_POINT('',(282.6875,-184.519834723371,4.01));
#4761=CARTESIAN_POINT('',(282.6875,-184.519834723371,13.01));
#4762=CARTESIAN_POINT('',(282.686976564808,-175.018787785213,4.01));
#4763=CARTESIAN_POINT('Origin',(282.6875,-184.519834723371,13.01));
#4764=CARTESIAN_POINT('',(282.6875,-210.149221534019,4.01));
#4765=CARTESIAN_POINT('',(282.6875,-210.149221534019,13.01));
#4766=CARTESIAN_POINT('',(282.6875,-184.519834723371,4.01));
#4767=CARTESIAN_POINT('Origin',(282.6875,-210.149221534019,13.01));
#4768=CARTESIAN_POINT('',(297.094724560285,-218.388177621221,4.01));
#4769=CARTESIAN_POINT('',(297.094724560285,-218.388177621221,13.01));
#4770=CARTESIAN_POINT('',(282.6875,-210.149221534019,4.01));
#4771=CARTESIAN_POINT('Origin',(294.612609136606,-222.728581176599,13.01));
#4772=CARTESIAN_POINT('',(298.979949027811,-225.16298916925,4.01));
#4773=CARTESIAN_POINT('',(298.979949027811,-225.16298916925,13.01));
#4774=CARTESIAN_POINT('Origin',(294.612609136606,-222.728581176599,4.01));
#4775=CARTESIAN_POINT('Origin',(301.387827409818,-220.843243529797,13.01));
#4776=CARTESIAN_POINT('',(269.991824327284,-277.167827207084,4.01));
#4777=CARTESIAN_POINT('',(269.991824327284,-277.167827207084,13.01));
#4778=CARTESIAN_POINT('',(301.387827409818,-220.843243529797,4.01));
#4779=CARTESIAN_POINT('Origin',(194.056282740982,-201.449995113347,13.01));
#4780=CARTESIAN_POINT('',(249.294281,-210.104446,13.01));
#4781=CARTESIAN_POINT('',(249.338639,-210.09256,13.01));
#4782=CARTESIAN_POINT('',(249.294281,-210.104446,13.01));
#4783=CARTESIAN_POINT('',(249.360807,-210.100085,13.01));
#4784=CARTESIAN_POINT('',(249.338639,-210.09256,13.01));
#4785=CARTESIAN_POINT('',(282.356375,-229.150085,13.01));
#4786=CARTESIAN_POINT('',(265.858591,-219.625085,13.01));
#4787=CARTESIAN_POINT('',(282.373976,-229.165521,13.01));
#4788=CARTESIAN_POINT('',(282.356375,-229.150085,13.01));
#4789=CARTESIAN_POINT('',(282.385862,-229.209879,13.01));
#4790=CARTESIAN_POINT('',(282.373976,-229.165521,13.01));
#4791=CARTESIAN_POINT('',(282.378336,-229.232047,13.01));
#4792=CARTESIAN_POINT('',(282.385862,-229.209879,13.01));
#4793=CARTESIAN_POINT('',(272.853337,-245.729831,13.01));
#4794=CARTESIAN_POINT('',(282.378336,-229.232047,13.01));
#4795=CARTESIAN_POINT('',(253.803337,-278.725399,13.01));
#4796=CARTESIAN_POINT('',(263.328337,-262.227615,13.01));
#4797=CARTESIAN_POINT('',(253.787901,-278.743,13.01));
#4798=CARTESIAN_POINT('',(253.803337,-278.725399,13.01));
#4799=CARTESIAN_POINT('',(253.743543,-278.754886,13.01));
#4800=CARTESIAN_POINT('',(253.787901,-278.743,13.01));
#4801=CARTESIAN_POINT('',(253.721375,-278.74736,13.01));
#4802=CARTESIAN_POINT('',(253.743543,-278.754886,13.01));
#4803=CARTESIAN_POINT('',(237.223591,-269.222361,13.01));
#4804=CARTESIAN_POINT('',(253.721375,-278.74736,13.01));
#4805=CARTESIAN_POINT('',(204.228023,-250.172361,13.01));
#4806=CARTESIAN_POINT('',(220.725807,-259.697361,13.01));
#4807=CARTESIAN_POINT('',(204.210422,-250.156925,13.01));
#4808=CARTESIAN_POINT('',(204.228023,-250.172361,13.01));
#4809=CARTESIAN_POINT('',(204.198536,-250.112567,13.01));
#4810=CARTESIAN_POINT('',(204.210422,-250.156925,13.01));
#4811=CARTESIAN_POINT('',(204.206061,-250.090399,13.01));
#4812=CARTESIAN_POINT('',(204.198536,-250.112567,13.01));
#4813=CARTESIAN_POINT('',(223.256061,-217.094831,13.01));
#4814=CARTESIAN_POINT('',(204.206061,-250.090399,13.01));
#4815=CARTESIAN_POINT('',(223.271497,-217.07723,13.01));
#4816=CARTESIAN_POINT('',(223.256061,-217.094831,13.01));
#4817=CARTESIAN_POINT('',(223.315855,-217.065344,13.01));
#4818=CARTESIAN_POINT('',(223.271497,-217.07723,13.01));
#4819=CARTESIAN_POINT('',(223.338023,-217.072869,13.01));
#4820=CARTESIAN_POINT('',(223.315855,-217.065344,13.01));
#4821=CARTESIAN_POINT('',(239.783845,-226.567868,13.01));
#4822=CARTESIAN_POINT('',(223.338023,-217.072869,13.01));
#4823=CARTESIAN_POINT('',(249.278845,-210.122047,13.01));
#4824=CARTESIAN_POINT('',(239.783845,-226.567868,13.01));
#4825=CARTESIAN_POINT('',(249.278845,-210.122047,13.01));
#4826=CARTESIAN_POINT('',(166.06725,-128.6365,13.01));
#4827=CARTESIAN_POINT('',(185.11725,-128.6365,13.01));
#4828=CARTESIAN_POINT('',(166.06725,-128.6365,13.01));
#4829=CARTESIAN_POINT('',(185.140211,-128.641067,13.01));
#4830=CARTESIAN_POINT('',(185.11725,-128.6365,13.01));
#4831=CARTESIAN_POINT('',(185.172683,-128.673539,13.01));
#4832=CARTESIAN_POINT('',(185.140211,-128.641067,13.01));
#4833=CARTESIAN_POINT('',(185.17725,-128.6965,13.01));
#4834=CARTESIAN_POINT('',(185.172683,-128.673539,13.01));
#4835=CARTESIAN_POINT('',(185.17725,-133.399,13.01));
#4836=CARTESIAN_POINT('',(185.17725,-128.6965,13.01));
#4837=CARTESIAN_POINT('',(204.16725,-133.399,13.01));
#4838=CARTESIAN_POINT('',(185.17725,-133.399,13.01));
#4839=CARTESIAN_POINT('',(204.190211,-133.403567,13.01));
#4840=CARTESIAN_POINT('',(204.16725,-133.399,13.01));
#4841=CARTESIAN_POINT('',(204.222683,-133.436039,13.01));
#4842=CARTESIAN_POINT('',(204.190211,-133.403567,13.01));
#4843=CARTESIAN_POINT('',(204.22725,-133.459,13.01));
#4844=CARTESIAN_POINT('',(204.222683,-133.436039,13.01));
#4845=CARTESIAN_POINT('',(204.22725,-138.1615,13.01));
#4846=CARTESIAN_POINT('',(204.22725,-133.459,13.01));
#4847=CARTESIAN_POINT('',(242.26725,-138.1615,13.01));
#4848=CARTESIAN_POINT('',(223.21725,-138.1615,13.01));
#4849=CARTESIAN_POINT('',(242.290211,-138.166067,13.01));
#4850=CARTESIAN_POINT('',(242.26725,-138.1615,13.01));
#4851=CARTESIAN_POINT('',(242.322683,-138.198539,13.01));
#4852=CARTESIAN_POINT('',(242.290211,-138.166067,13.01));
#4853=CARTESIAN_POINT('',(242.32725,-138.2215,13.01));
#4854=CARTESIAN_POINT('',(242.322683,-138.198539,13.01));
#4855=CARTESIAN_POINT('',(242.32725,-214.4215,13.01));
#4856=CARTESIAN_POINT('',(242.32725,-185.8465,13.01));
#4857=CARTESIAN_POINT('',(242.322683,-214.444461,13.01));
#4858=CARTESIAN_POINT('',(242.32725,-214.4215,13.01));
#4859=CARTESIAN_POINT('',(242.290211,-214.476933,13.01));
#4860=CARTESIAN_POINT('',(242.322683,-214.444461,13.01));
#4861=CARTESIAN_POINT('',(242.26725,-214.4815,13.01));
#4862=CARTESIAN_POINT('',(242.290211,-214.476933,13.01));
#4863=CARTESIAN_POINT('',(204.22725,-214.4815,13.01));
#4864=CARTESIAN_POINT('',(223.21725,-214.4815,13.01));
#4865=CARTESIAN_POINT('',(204.22725,-228.709,13.01));
#4866=CARTESIAN_POINT('',(204.22725,-214.4815,13.01));
#4867=CARTESIAN_POINT('',(204.222683,-228.731961,13.01));
#4868=CARTESIAN_POINT('',(204.22725,-228.709,13.01));
#4869=CARTESIAN_POINT('',(204.190211,-228.764433,13.01));
#4870=CARTESIAN_POINT('',(204.222683,-228.731961,13.01));
#4871=CARTESIAN_POINT('',(204.16725,-228.769,13.01));
#4872=CARTESIAN_POINT('',(204.190211,-228.764433,13.01));
#4873=CARTESIAN_POINT('',(185.11725,-228.769,13.01));
#4874=CARTESIAN_POINT('',(204.16725,-228.769,13.01));
#4875=CARTESIAN_POINT('',(185.094289,-228.764433,13.01));
#4876=CARTESIAN_POINT('',(185.11725,-228.769,13.01));
#4877=CARTESIAN_POINT('',(185.061817,-228.731961,13.01));
#4878=CARTESIAN_POINT('',(185.094289,-228.764433,13.01));
#4879=CARTESIAN_POINT('',(185.05725,-228.709,13.01));
#4880=CARTESIAN_POINT('',(185.061817,-228.731961,13.01));
#4881=CARTESIAN_POINT('',(185.05725,-224.0065,13.01));
#4882=CARTESIAN_POINT('',(185.05725,-228.709,13.01));
#4883=CARTESIAN_POINT('',(166.12725,-224.0065,13.01));
#4884=CARTESIAN_POINT('',(185.05725,-224.0065,13.01));
#4885=CARTESIAN_POINT('',(166.12725,-228.709,13.01));
#4886=CARTESIAN_POINT('',(166.12725,-224.0065,13.01));
#4887=CARTESIAN_POINT('',(166.122683,-228.731961,13.01));
#4888=CARTESIAN_POINT('',(166.12725,-228.709,13.01));
#4889=CARTESIAN_POINT('',(166.090211,-228.764433,13.01));
#4890=CARTESIAN_POINT('',(166.122683,-228.731961,13.01));
#4891=CARTESIAN_POINT('',(166.06725,-228.769,13.01));
#4892=CARTESIAN_POINT('',(166.090211,-228.764433,13.01));
#4893=CARTESIAN_POINT('',(147.07725,-228.769,13.01));
#4894=CARTESIAN_POINT('',(166.06725,-228.769,13.01));
#4895=CARTESIAN_POINT('',(147.07725,-233.4715,13.01));
#4896=CARTESIAN_POINT('',(147.07725,-228.769,13.01));
#4897=CARTESIAN_POINT('',(147.072683,-233.494461,13.01));
#4898=CARTESIAN_POINT('',(147.07725,-233.4715,13.01));
#4899=CARTESIAN_POINT('',(147.040211,-233.526933,13.01));
#4900=CARTESIAN_POINT('',(147.072683,-233.494461,13.01));
#4901=CARTESIAN_POINT('',(147.01725,-233.5315,13.01));
#4902=CARTESIAN_POINT('',(147.040211,-233.526933,13.01));
#4903=CARTESIAN_POINT('',(108.91725,-233.5315,13.01));
#4904=CARTESIAN_POINT('',(127.96725,-233.5315,13.01));
#4905=CARTESIAN_POINT('',(108.894289,-233.526933,13.01));
#4906=CARTESIAN_POINT('',(108.91725,-233.5315,13.01));
#4907=CARTESIAN_POINT('',(108.861817,-233.494461,13.01));
#4908=CARTESIAN_POINT('',(108.894289,-233.526933,13.01));
#4909=CARTESIAN_POINT('',(108.85725,-233.4715,13.01));
#4910=CARTESIAN_POINT('',(108.861817,-233.494461,13.01));
#4911=CARTESIAN_POINT('',(108.85725,-214.4815,13.01));
#4912=CARTESIAN_POINT('',(108.85725,-233.4715,13.01));
#4913=CARTESIAN_POINT('',(99.39225,-214.4815,13.01));
#4914=CARTESIAN_POINT('',(108.85725,-214.4815,13.01));
#4915=CARTESIAN_POINT('',(99.369289,-214.476933,13.01));
#4916=CARTESIAN_POINT('',(99.39225,-214.4815,13.01));
#4917=CARTESIAN_POINT('',(99.336817,-214.444461,13.01));
#4918=CARTESIAN_POINT('',(99.369289,-214.476933,13.01));
#4919=CARTESIAN_POINT('',(99.33225,-214.4215,13.01));
#4920=CARTESIAN_POINT('',(99.336817,-214.444461,13.01));
#4921=CARTESIAN_POINT('',(99.33225,-138.2215,13.01));
#4922=CARTESIAN_POINT('',(99.33225,-157.2715,13.01));
#4923=CARTESIAN_POINT('',(99.336817,-138.198539,13.01));
#4924=CARTESIAN_POINT('',(99.33225,-138.2215,13.01));
#4925=CARTESIAN_POINT('',(99.369289,-138.166067,13.01));
#4926=CARTESIAN_POINT('',(99.336817,-138.198539,13.01));
#4927=CARTESIAN_POINT('',(99.39225,-138.1615,13.01));
#4928=CARTESIAN_POINT('',(99.369289,-138.166067,13.01));
#4929=CARTESIAN_POINT('',(146.95725,-138.1615,13.01));
#4930=CARTESIAN_POINT('',(127.96725,-138.1615,13.01));
#4931=CARTESIAN_POINT('',(146.95725,-133.459,13.01));
#4932=CARTESIAN_POINT('',(146.95725,-138.1615,13.01));
#4933=CARTESIAN_POINT('',(146.961817,-133.436039,13.01));
#4934=CARTESIAN_POINT('',(146.95725,-133.459,13.01));
#4935=CARTESIAN_POINT('',(146.994289,-133.403567,13.01));
#4936=CARTESIAN_POINT('',(146.961817,-133.436039,13.01));
#4937=CARTESIAN_POINT('',(147.01725,-133.399,13.01));
#4938=CARTESIAN_POINT('',(146.994289,-133.403567,13.01));
#4939=CARTESIAN_POINT('',(166.00725,-133.399,13.01));
#4940=CARTESIAN_POINT('',(147.01725,-133.399,13.01));
#4941=CARTESIAN_POINT('',(166.00725,-128.6965,13.01));
#4942=CARTESIAN_POINT('',(166.00725,-133.399,13.01));
#4943=CARTESIAN_POINT('',(166.011817,-128.673539,13.01));
#4944=CARTESIAN_POINT('',(166.00725,-128.6965,13.01));
#4945=CARTESIAN_POINT('',(166.044289,-128.641067,13.01));
#4946=CARTESIAN_POINT('',(166.011817,-128.673539,13.01));
#4947=CARTESIAN_POINT('',(166.044289,-128.641067,13.01));
#4948=CARTESIAN_POINT('',(263.436,-200.134,13.01));
#4949=CARTESIAN_POINT('Origin',(259.186,-200.134,13.01));
#4950=CARTESIAN_POINT('Origin',(195.121413704909,-202.547475566733,4.01));
#4951=CARTESIAN_POINT('',(264.644435038924,-286.705041548744,4.01));
#4952=CARTESIAN_POINT('',(269.991824327284,-277.167827207084,4.01));
#4953=CARTESIAN_POINT('',(258.660114344804,-297.090836648077,4.01));
#4954=CARTESIAN_POINT('',(264.644435038924,-286.705041548744,4.01));
#4955=CARTESIAN_POINT('',(251.830980318262,-298.926508075155,4.01));
#4956=CARTESIAN_POINT('Origin',(254.327835721931,-294.594567044489,4.01));
#4957=CARTESIAN_POINT('',(163.167347038193,-247.822333226738,4.01));
#4958=CARTESIAN_POINT('',(256.163507165792,-301.423701133466,4.01));
#4959=CARTESIAN_POINT('',(93.8608126822597,-247.902904653731,4.01));
#4960=CARTESIAN_POINT('',(163.167347038193,-247.822333226738,4.01));
#4961=CARTESIAN_POINT('',(88.855,-242.902908032459,4.01));
#4962=CARTESIAN_POINT('Origin',(93.855,-242.902908032459,4.01));
#4963=CARTESIAN_POINT('',(88.855,-108.67125,4.01));
#4964=CARTESIAN_POINT('',(88.855,-247.908724097378,4.01));
#4965=CARTESIAN_POINT('',(93.855,-103.67125,4.01));
#4966=CARTESIAN_POINT('Origin',(93.855,-108.67125,4.01));
#4967=CARTESIAN_POINT('',(253.552294010258,-103.67125,4.01));
#4968=CARTESIAN_POINT('',(88.855,-103.67125,4.01));
#4969=CARTESIAN_POINT('',(253.552294010258,-105.87125,4.01));
#4970=CARTESIAN_POINT('',(253.552294010258,-109.65381884981,4.01));
#4971=CARTESIAN_POINT('',(94.055,-105.87125,4.01));
#4972=CARTESIAN_POINT('',(91.055,-105.87125,4.01));
#4973=CARTESIAN_POINT('',(91.055,-108.87125,4.01));
#4974=CARTESIAN_POINT('Origin',(94.055,-108.87125,4.01));
#4975=CARTESIAN_POINT('',(91.055,-242.702675389863,4.01));
#4976=CARTESIAN_POINT('',(91.055,-245.706165028814,4.01));
#4977=CARTESIAN_POINT('',(94.0584876093559,-245.702673362625,4.01));
#4978=CARTESIAN_POINT('Origin',(94.055,-242.702675389863,4.01));
#4979=CARTESIAN_POINT('',(163.75479190699,-245.621648813562,4.01));
#4980=CARTESIAN_POINT('',(163.75479190699,-245.621648813562,4.01));
#4981=CARTESIAN_POINT('',(252.756295621975,-296.92056629933,4.01));
#4982=CARTESIAN_POINT('',(255.355811730493,-298.418882134316,4.01));
#4983=CARTESIAN_POINT('',(256.8537760379,-295.819163443082,4.01));
#4984=CARTESIAN_POINT('Origin',(254.254408864176,-294.32140168093,4.01));
#4985=CARTESIAN_POINT('',(262.731792388773,-285.617859647537,4.01));
#4986=CARTESIAN_POINT('',(262.731792388773,-285.617859647537,4.01));
#4987=CARTESIAN_POINT('',(268.071530962041,-276.094290564482,4.01));
#4988=CARTESIAN_POINT('',(268.071530962041,-276.094290564482,4.01));
#4989=CARTESIAN_POINT('',(296.962004340401,-224.264639478062,4.01));
#4990=CARTESIAN_POINT('',(298.406731369605,-221.67279209439,4.01));
#4991=CARTESIAN_POINT('',(295.830869659885,-220.199752549244,4.01));
#4992=CARTESIAN_POINT('Origin',(294.341600405677,-222.803994682471,4.01));
#4993=CARTESIAN_POINT('',(280.4875,-211.42544988404,4.01));
#4994=CARTESIAN_POINT('',(280.4875,-211.42544988404,4.01));
#4995=CARTESIAN_POINT('',(280.4875,-184.519895325404,4.01));
#4996=CARTESIAN_POINT('',(280.4875,-184.519895325404,4.01));
#4997=CARTESIAN_POINT('',(280.486976585957,-175.01923226396,4.01));
#4998=CARTESIAN_POINT('',(280.486976585957,-175.01923226396,4.01));
#4999=CARTESIAN_POINT('',(280.46802284548,-120.707288928872,4.01));
#5000=CARTESIAN_POINT('',(280.46802284548,-120.707288928872,4.01));
#5001=CARTESIAN_POINT('',(280.457770193657,-111.195604459942,4.01));
#5002=CARTESIAN_POINT('',(280.457770193657,-111.195604459942,4.01));
#5003=CARTESIAN_POINT('',(280.442538022137,-108.851754067257,4.01));
#5004=CARTESIAN_POINT('',(280.423168377508,-105.87125,4.01));
#5005=CARTESIAN_POINT('',(277.442601371372,-105.87125,4.01));
#5006=CARTESIAN_POINT('Origin',(277.442601371372,-108.87125,4.01));
#5007=CARTESIAN_POINT('',(267.492054006418,-105.87125,4.01));
#5008=CARTESIAN_POINT('',(91.055,-105.87125,4.01));
#5009=CARTESIAN_POINT('',(267.492054006418,-103.67125,4.01));
#5010=CARTESIAN_POINT('',(267.492054006418,-109.653818849809,4.01));
#5011=CARTESIAN_POINT('',(88.855,-103.67125,4.01));
#5012=CARTESIAN_POINT('Origin',(254.327835721931,-294.594567044489,13.01));
#5013=CARTESIAN_POINT('',(251.830980318262,-298.926508075155,13.01));
#5014=CARTESIAN_POINT('',(258.660114344804,-297.090836648077,13.01));
#5015=CARTESIAN_POINT('Origin',(264.644435038924,-286.705041548744,13.01));
#5016=CARTESIAN_POINT('',(264.644435038924,-286.705041548744,13.01));
#5017=CARTESIAN_POINT('Origin',(93.855,-242.902908032459,13.01));
#5018=CARTESIAN_POINT('',(88.855,-242.902908032459,13.01));
#5019=CARTESIAN_POINT('',(93.8608126822597,-247.902904653731,13.01));
#5020=CARTESIAN_POINT('Origin',(163.167347038193,-247.822333226738,13.01));
#5021=CARTESIAN_POINT('',(163.167347038193,-247.822333226738,13.01));
#5022=CARTESIAN_POINT('Origin',(93.855,-108.67125,13.01));
#5023=CARTESIAN_POINT('',(93.855,-103.67125,13.01));
#5024=CARTESIAN_POINT('',(88.855,-108.67125,13.01));
#5025=CARTESIAN_POINT('Origin',(88.855,-103.67125,13.01));
#5026=CARTESIAN_POINT('',(267.492174008338,-103.67125,4.03999999999985));
#5027=CARTESIAN_POINT('Origin',(263.742174008338,-103.67125,4.03999999999985));
#5028=CARTESIAN_POINT('',(267.492174008338,-103.67125,4.74999999999985));
#5029=CARTESIAN_POINT('',(267.492174008338,-103.67125,8.87999999999995));
#5030=CARTESIAN_POINT('',(263.742174008338,-103.67125,8.49999999999985));
#5031=CARTESIAN_POINT('Origin',(263.742174008338,-103.67125,4.74999999999985));
#5032=CARTESIAN_POINT('',(257.302174008338,-103.67125,8.49999999999985));
#5033=CARTESIAN_POINT('',(173.078587004169,-103.67125,8.49999999999983));
#5034=CARTESIAN_POINT('',(253.552174008338,-103.67125,4.74999999999985));
#5035=CARTESIAN_POINT('Origin',(257.302174008338,-103.67125,4.74999999999985));
#5036=CARTESIAN_POINT('',(253.552174008338,-103.67125,4.03999999999985));
#5037=CARTESIAN_POINT('',(253.552174008338,-103.67125,8.52499999999995));
#5038=CARTESIAN_POINT('Origin',(257.302174008338,-103.67125,4.03999999999985));
#5039=CARTESIAN_POINT('Origin',(94.055,-242.702675389863,9.01));
#5040=CARTESIAN_POINT('',(94.0584876093559,-245.702673362625,9.01));
#5041=CARTESIAN_POINT('',(91.055,-242.702675389863,9.01));
#5042=CARTESIAN_POINT('Origin',(94.055,-242.702675389863,9.01));
#5043=CARTESIAN_POINT('',(94.0584876093559,-245.702673362625,9.01));
#5044=CARTESIAN_POINT('',(91.055,-242.702675389863,9.01));
#5045=CARTESIAN_POINT('Origin',(91.055,-245.706165028814,9.01));
#5046=CARTESIAN_POINT('',(163.75479190699,-245.621648813562,9.01));
#5047=CARTESIAN_POINT('',(142.581296455829,-245.646263790472,9.01));
#5048=CARTESIAN_POINT('',(163.75479190699,-245.621648813562,9.01));
#5049=CARTESIAN_POINT('Origin',(254.254408864176,-294.32140168093,9.01));
#5050=CARTESIAN_POINT('',(256.8537760379,-295.819163443082,9.01));
#5051=CARTESIAN_POINT('',(252.756295621975,-296.92056629933,9.01));
#5052=CARTESIAN_POINT('Origin',(254.254408864176,-294.32140168093,9.01));
#5053=CARTESIAN_POINT('',(256.8537760379,-295.819163443082,9.01));
#5054=CARTESIAN_POINT('',(252.756295621975,-296.92056629933,9.01));
#5055=CARTESIAN_POINT('Origin',(255.355811730493,-298.418882134316,9.01));
#5056=CARTESIAN_POINT('',(262.731792388773,-285.617859647537,9.01));
#5057=CARTESIAN_POINT('',(268.689690006777,-275.277921825657,9.01));
#5058=CARTESIAN_POINT('',(262.731792388773,-285.617859647537,9.01));
#5059=CARTESIAN_POINT('Origin',(294.341600405677,-222.803994682471,9.01));
#5060=CARTESIAN_POINT('',(295.830869659885,-220.199752549244,9.01));
#5061=CARTESIAN_POINT('',(296.962004340401,-224.264639478062,9.01));
#5062=CARTESIAN_POINT('Origin',(294.341600405677,-222.803994682471,9.01));
#5063=CARTESIAN_POINT('',(295.830869659885,-220.199752549244,9.01));
#5064=CARTESIAN_POINT('',(296.962004340401,-224.264639478062,9.01));
#5065=CARTESIAN_POINT('Origin',(298.406731369605,-221.67279209439,9.01));
#5066=CARTESIAN_POINT('',(280.4875,-211.42544988404,9.01));
#5067=CARTESIAN_POINT('',(254.731995737934,-196.696834547268,9.01));
#5068=CARTESIAN_POINT('',(280.4875,-211.42544988404,9.01));
#5069=CARTESIAN_POINT('Origin',(277.442601371372,-108.87125,9.01));
#5070=CARTESIAN_POINT('',(277.442601371372,-105.87125,9.01));
#5071=CARTESIAN_POINT('',(280.442538022137,-108.851754067257,9.01));
#5072=CARTESIAN_POINT('Origin',(277.442601371372,-108.87125,9.01));
#5073=CARTESIAN_POINT('',(277.442601371372,-105.87125,9.01));
#5074=CARTESIAN_POINT('',(280.442538022137,-108.851754067257,9.01));
#5075=CARTESIAN_POINT('Origin',(280.423168377508,-105.87125,9.01));
#5076=CARTESIAN_POINT('',(94.055,-105.87125,9.01));
#5077=CARTESIAN_POINT('',(237.239725559245,-105.87125,9.01));
#5078=CARTESIAN_POINT('',(94.055,-105.87125,9.01));
#5079=CARTESIAN_POINT('',(253.552174008338,-105.87125,4.03999999999987));
#5080=CARTESIAN_POINT('Origin',(257.302174008338,-105.87125,4.03999999999987));
#5081=CARTESIAN_POINT('',(253.552174008338,-105.87125,4.74999999999986));
#5082=CARTESIAN_POINT('',(253.552174008338,-105.87125,6.52499999999995));
#5083=CARTESIAN_POINT('',(257.302174008338,-105.87125,8.49999999999987));
#5084=CARTESIAN_POINT('Origin',(257.302174008338,-105.87125,4.74999999999987));
#5085=CARTESIAN_POINT('',(263.742174008338,-105.87125,8.49999999999987));
#5086=CARTESIAN_POINT('',(268.862671192923,-105.87125,8.49999999999987));
#5087=CARTESIAN_POINT('',(267.492174008338,-105.87125,4.74999999999987));
#5088=CARTESIAN_POINT('Origin',(263.742174008338,-105.87125,4.74999999999987));
#5089=CARTESIAN_POINT('',(267.492174008338,-105.87125,4.03999999999987));
#5090=CARTESIAN_POINT('',(267.492174008338,-105.87125,6.87999999999995));
#5091=CARTESIAN_POINT('Origin',(263.742174008338,-105.87125,4.03999999999987));
#5092=CARTESIAN_POINT('Origin',(94.055,-108.87125,9.01));
#5093=CARTESIAN_POINT('',(91.055,-108.87125,9.01));
#5094=CARTESIAN_POINT('Origin',(94.055,-108.87125,9.01));
#5095=CARTESIAN_POINT('',(91.055,-108.87125,9.01));
#5096=CARTESIAN_POINT('Origin',(194.056282740982,-201.449995113347,9.01));
#5097=CARTESIAN_POINT('',(91.055,-153.660622556673,9.01));
#5098=CARTESIAN_POINT('',(280.457770193657,-111.195604459942,9.01));
#5099=CARTESIAN_POINT('',(280.749205119159,-156.040153621564,9.01));
#5100=CARTESIAN_POINT('',(280.46802284548,-120.707288928872,9.01));
#5101=CARTESIAN_POINT('',(280.51148890715,-161.032023529275,9.01));
#5102=CARTESIAN_POINT('',(280.486976585957,-175.01923226396,9.01));
#5103=CARTESIAN_POINT('',(280.491583216059,-188.219530822294,9.01));
#5104=CARTESIAN_POINT('',(280.4875,-184.519895325404,9.01));
#5105=CARTESIAN_POINT('',(280.487966228492,-192.982564343395,9.01));
#5106=CARTESIAN_POINT('',(280.4875,-206.437722498693,9.01));
#5107=CARTESIAN_POINT('',(268.071530962041,-276.094290564482,9.01));
#5108=CARTESIAN_POINT('',(275.170931566271,-263.357931024054,9.01));
#5109=CARTESIAN_POINT('',(272.471180681355,-268.247395539902,9.01));
#5110=CARTESIAN_POINT('',(165.571957927103,-246.669031676016,9.01));
#5111=CARTESIAN_POINT('',(249.338639,-210.09256,9.01));
#5112=CARTESIAN_POINT('',(249.294281,-210.104446,9.01));
#5113=CARTESIAN_POINT('',(249.294281,-210.104446,9.01));
#5114=CARTESIAN_POINT('',(249.278845,-210.122047,9.01));
#5115=CARTESIAN_POINT('',(249.278845,-210.122047,9.01));
#5116=CARTESIAN_POINT('',(239.783845,-226.567868,9.01));
#5117=CARTESIAN_POINT('',(239.783845,-226.567868,9.01));
#5118=CARTESIAN_POINT('',(223.338023,-217.072869,9.01));
#5119=CARTESIAN_POINT('',(223.338023,-217.072869,9.01));
#5120=CARTESIAN_POINT('',(223.315855,-217.065344,9.01));
#5121=CARTESIAN_POINT('',(223.315855,-217.065344,9.01));
#5122=CARTESIAN_POINT('',(223.271497,-217.07723,9.01));
#5123=CARTESIAN_POINT('',(223.271497,-217.07723,9.01));
#5124=CARTESIAN_POINT('',(223.256061,-217.094831,9.01));
#5125=CARTESIAN_POINT('',(223.256061,-217.094831,9.01));
#5126=CARTESIAN_POINT('',(204.206061,-250.090399,9.01));
#5127=CARTESIAN_POINT('',(204.206061,-250.090399,9.01));
#5128=CARTESIAN_POINT('',(204.198536,-250.112567,9.01));
#5129=CARTESIAN_POINT('',(204.198536,-250.112567,9.01));
#5130=CARTESIAN_POINT('',(204.210422,-250.156925,9.01));
#5131=CARTESIAN_POINT('',(204.210422,-250.156925,9.01));
#5132=CARTESIAN_POINT('',(204.228023,-250.172361,9.01));
#5133=CARTESIAN_POINT('',(204.228023,-250.172361,9.01));
#5134=CARTESIAN_POINT('',(237.223591,-269.222361,9.01));
#5135=CARTESIAN_POINT('',(220.725807,-259.697361,9.01));
#5136=CARTESIAN_POINT('',(253.721375,-278.74736,9.01));
#5137=CARTESIAN_POINT('',(253.721375,-278.74736,9.01));
#5138=CARTESIAN_POINT('',(253.743543,-278.754886,9.01));
#5139=CARTESIAN_POINT('',(253.743543,-278.754886,9.01));
#5140=CARTESIAN_POINT('',(253.787901,-278.743,9.01));
#5141=CARTESIAN_POINT('',(253.787901,-278.743,9.01));
#5142=CARTESIAN_POINT('',(253.803337,-278.725399,9.01));
#5143=CARTESIAN_POINT('',(253.803337,-278.725399,9.01));
#5144=CARTESIAN_POINT('',(272.853337,-245.729831,9.01));
#5145=CARTESIAN_POINT('',(263.328337,-262.227615,9.01));
#5146=CARTESIAN_POINT('',(282.378336,-229.232047,9.01));
#5147=CARTESIAN_POINT('',(282.378336,-229.232047,9.01));
#5148=CARTESIAN_POINT('',(282.385862,-229.209879,9.01));
#5149=CARTESIAN_POINT('',(282.385862,-229.209879,9.01));
#5150=CARTESIAN_POINT('',(282.373976,-229.165521,9.01));
#5151=CARTESIAN_POINT('',(282.373976,-229.165521,9.01));
#5152=CARTESIAN_POINT('',(282.356375,-229.150085,9.01));
#5153=CARTESIAN_POINT('',(282.356375,-229.150085,9.01));
#5154=CARTESIAN_POINT('',(249.360807,-210.100085,9.01));
#5155=CARTESIAN_POINT('',(265.858591,-219.625085,9.01));
#5156=CARTESIAN_POINT('',(249.338639,-210.09256,9.01));
#5157=CARTESIAN_POINT('',(185.11725,-128.6365,9.01));
#5158=CARTESIAN_POINT('',(166.06725,-128.6365,9.01));
#5159=CARTESIAN_POINT('',(166.06725,-128.6365,9.01));
#5160=CARTESIAN_POINT('',(166.044289,-128.641067,9.01));
#5161=CARTESIAN_POINT('',(166.044289,-128.641067,9.01));
#5162=CARTESIAN_POINT('',(166.011817,-128.673539,9.01));
#5163=CARTESIAN_POINT('',(166.011817,-128.673539,9.01));
#5164=CARTESIAN_POINT('',(166.00725,-128.6965,9.01));
#5165=CARTESIAN_POINT('',(166.00725,-128.6965,9.01));
#5166=CARTESIAN_POINT('',(166.00725,-133.399,9.01));
#5167=CARTESIAN_POINT('',(166.00725,-133.399,9.01));
#5168=CARTESIAN_POINT('',(147.01725,-133.399,9.01));
#5169=CARTESIAN_POINT('',(147.01725,-133.399,9.01));
#5170=CARTESIAN_POINT('',(146.994289,-133.403567,9.01));
#5171=CARTESIAN_POINT('',(146.994289,-133.403567,9.01));
#5172=CARTESIAN_POINT('',(146.961817,-133.436039,9.01));
#5173=CARTESIAN_POINT('',(146.961817,-133.436039,9.01));
#5174=CARTESIAN_POINT('',(146.95725,-133.459,9.01));
#5175=CARTESIAN_POINT('',(146.95725,-133.459,9.01));
#5176=CARTESIAN_POINT('',(146.95725,-138.1615,9.01));
#5177=CARTESIAN_POINT('',(146.95725,-138.1615,9.01));
#5178=CARTESIAN_POINT('',(99.39225,-138.1615,9.01));
#5179=CARTESIAN_POINT('',(127.96725,-138.1615,9.01));
#5180=CARTESIAN_POINT('',(99.369289,-138.166067,9.01));
#5181=CARTESIAN_POINT('',(99.369289,-138.166067,9.01));
#5182=CARTESIAN_POINT('',(99.336817,-138.198539,9.01));
#5183=CARTESIAN_POINT('',(99.336817,-138.198539,9.01));
#5184=CARTESIAN_POINT('',(99.33225,-138.2215,9.01));
#5185=CARTESIAN_POINT('',(99.33225,-138.2215,9.01));
#5186=CARTESIAN_POINT('',(99.33225,-214.4215,9.01));
#5187=CARTESIAN_POINT('',(99.33225,-157.2715,9.01));
#5188=CARTESIAN_POINT('',(99.336817,-214.444461,9.01));
#5189=CARTESIAN_POINT('',(99.336817,-214.444461,9.01));
#5190=CARTESIAN_POINT('',(99.369289,-214.476933,9.01));
#5191=CARTESIAN_POINT('',(99.369289,-214.476933,9.01));
#5192=CARTESIAN_POINT('',(99.39225,-214.4815,9.01));
#5193=CARTESIAN_POINT('',(99.39225,-214.4815,9.01));
#5194=CARTESIAN_POINT('',(108.85725,-214.4815,9.01));
#5195=CARTESIAN_POINT('',(108.85725,-214.4815,9.01));
#5196=CARTESIAN_POINT('',(108.85725,-233.4715,9.01));
#5197=CARTESIAN_POINT('',(108.85725,-233.4715,9.01));
#5198=CARTESIAN_POINT('',(108.861817,-233.494461,9.01));
#5199=CARTESIAN_POINT('',(108.861817,-233.494461,9.01));
#5200=CARTESIAN_POINT('',(108.894289,-233.526933,9.01));
#5201=CARTESIAN_POINT('',(108.894289,-233.526933,9.01));
#5202=CARTESIAN_POINT('',(108.91725,-233.5315,9.01));
#5203=CARTESIAN_POINT('',(108.91725,-233.5315,9.01));
#5204=CARTESIAN_POINT('',(147.01725,-233.5315,9.01));
#5205=CARTESIAN_POINT('',(127.96725,-233.5315,9.01));
#5206=CARTESIAN_POINT('',(147.040211,-233.526933,9.01));
#5207=CARTESIAN_POINT('',(147.040211,-233.526933,9.01));
#5208=CARTESIAN_POINT('',(147.072683,-233.494461,9.01));
#5209=CARTESIAN_POINT('',(147.072683,-233.494461,9.01));
#5210=CARTESIAN_POINT('',(147.07725,-233.4715,9.01));
#5211=CARTESIAN_POINT('',(147.07725,-233.4715,9.01));
#5212=CARTESIAN_POINT('',(147.07725,-228.769,9.01));
#5213=CARTESIAN_POINT('',(147.07725,-228.769,9.01));
#5214=CARTESIAN_POINT('',(166.06725,-228.769,9.01));
#5215=CARTESIAN_POINT('',(166.06725,-228.769,9.01));
#5216=CARTESIAN_POINT('',(166.090211,-228.764433,9.01));
#5217=CARTESIAN_POINT('',(166.090211,-228.764433,9.01));
#5218=CARTESIAN_POINT('',(166.122683,-228.731961,9.01));
#5219=CARTESIAN_POINT('',(166.122683,-228.731961,9.01));
#5220=CARTESIAN_POINT('',(166.12725,-228.709,9.01));
#5221=CARTESIAN_POINT('',(166.12725,-228.709,9.01));
#5222=CARTESIAN_POINT('',(166.12725,-224.0065,9.01));
#5223=CARTESIAN_POINT('',(166.12725,-224.0065,9.01));
#5224=CARTESIAN_POINT('',(185.05725,-224.0065,9.01));
#5225=CARTESIAN_POINT('',(185.05725,-224.0065,9.01));
#5226=CARTESIAN_POINT('',(185.05725,-228.709,9.01));
#5227=CARTESIAN_POINT('',(185.05725,-228.709,9.01));
#5228=CARTESIAN_POINT('',(185.061817,-228.731961,9.01));
#5229=CARTESIAN_POINT('',(185.061817,-228.731961,9.01));
#5230=CARTESIAN_POINT('',(185.094289,-228.764433,9.01));
#5231=CARTESIAN_POINT('',(185.094289,-228.764433,9.01));
#5232=CARTESIAN_POINT('',(185.11725,-228.769,9.01));
#5233=CARTESIAN_POINT('',(185.11725,-228.769,9.01));
#5234=CARTESIAN_POINT('',(204.16725,-228.769,9.01));
#5235=CARTESIAN_POINT('',(204.16725,-228.769,9.01));
#5236=CARTESIAN_POINT('',(204.190211,-228.764433,9.01));
#5237=CARTESIAN_POINT('',(204.190211,-228.764433,9.01));
#5238=CARTESIAN_POINT('',(204.222683,-228.731961,9.01));
#5239=CARTESIAN_POINT('',(204.222683,-228.731961,9.01));
#5240=CARTESIAN_POINT('',(204.22725,-228.709,9.01));
#5241=CARTESIAN_POINT('',(204.22725,-228.709,9.01));
#5242=CARTESIAN_POINT('',(204.22725,-214.4815,9.01));
#5243=CARTESIAN_POINT('',(204.22725,-214.4815,9.01));
#5244=CARTESIAN_POINT('',(242.26725,-214.4815,9.01));
#5245=CARTESIAN_POINT('',(223.21725,-214.4815,9.01));
#5246=CARTESIAN_POINT('',(242.290211,-214.476933,9.01));
#5247=CARTESIAN_POINT('',(242.290211,-214.476933,9.01));
#5248=CARTESIAN_POINT('',(242.322683,-214.444461,9.01));
#5249=CARTESIAN_POINT('',(242.322683,-214.444461,9.01));
#5250=CARTESIAN_POINT('',(242.32725,-214.4215,9.01));
#5251=CARTESIAN_POINT('',(242.32725,-214.4215,9.01));
#5252=CARTESIAN_POINT('',(242.32725,-138.2215,9.01));
#5253=CARTESIAN_POINT('',(242.32725,-185.8465,9.01));
#5254=CARTESIAN_POINT('',(242.322683,-138.198539,9.01));
#5255=CARTESIAN_POINT('',(242.322683,-138.198539,9.01));
#5256=CARTESIAN_POINT('',(242.290211,-138.166067,9.01));
#5257=CARTESIAN_POINT('',(242.290211,-138.166067,9.01));
#5258=CARTESIAN_POINT('',(242.26725,-138.1615,9.01));
#5259=CARTESIAN_POINT('',(242.26725,-138.1615,9.01));
#5260=CARTESIAN_POINT('',(204.22725,-138.1615,9.01));
#5261=CARTESIAN_POINT('',(223.21725,-138.1615,9.01));
#5262=CARTESIAN_POINT('',(204.22725,-133.459,9.01));
#5263=CARTESIAN_POINT('',(204.22725,-133.459,9.01));
#5264=CARTESIAN_POINT('',(204.222683,-133.436039,9.01));
#5265=CARTESIAN_POINT('',(204.222683,-133.436039,9.01));
#5266=CARTESIAN_POINT('',(204.190211,-133.403567,9.01));
#5267=CARTESIAN_POINT('',(204.190211,-133.403567,9.01));
#5268=CARTESIAN_POINT('',(204.16725,-133.399,9.01));
#5269=CARTESIAN_POINT('',(204.16725,-133.399,9.01));
#5270=CARTESIAN_POINT('',(185.17725,-133.399,9.01));
#5271=CARTESIAN_POINT('',(185.17725,-133.399,9.01));
#5272=CARTESIAN_POINT('',(185.17725,-128.6965,9.01));
#5273=CARTESIAN_POINT('',(185.17725,-128.6965,9.01));
#5274=CARTESIAN_POINT('',(185.172683,-128.673539,9.01));
#5275=CARTESIAN_POINT('',(185.172683,-128.673539,9.01));
#5276=CARTESIAN_POINT('',(185.140211,-128.641067,9.01));
#5277=CARTESIAN_POINT('',(185.140211,-128.641067,9.01));
#5278=CARTESIAN_POINT('',(185.11725,-128.6365,9.01));
#5279=CARTESIAN_POINT('',(263.436,-200.134,9.01));
#5280=CARTESIAN_POINT('Origin',(259.186,-200.134,9.01));
#5281=CARTESIAN_POINT('Origin',(259.186,-200.134,13.01));
#5282=CARTESIAN_POINT('',(263.436,-200.134,13.01));
#5283=CARTESIAN_POINT('Origin',(257.302174008338,-109.65381884981,4.03999999999989));
#5284=CARTESIAN_POINT('',(253.552174008338,-109.65381884981,4.03999999999989));
#5285=CARTESIAN_POINT('Origin',(257.302174008338,-109.653818849809,8.49999999999989));
#5286=CARTESIAN_POINT('',(263.742174008338,-109.65381884981,8.4999999999999));
#5287=CARTESIAN_POINT('',(257.302174008338,-109.653818849809,8.49999999999989));
#5288=CARTESIAN_POINT('Origin',(257.302174008338,-109.65381884981,4.74999999999989));
#5289=CARTESIAN_POINT('',(253.552174008338,-109.65381884981,4.74999999999989));
#5290=CARTESIAN_POINT('Origin',(253.552174008338,-109.65381884981,4.03999999999989));
#5291=CARTESIAN_POINT('Origin',(263.742174008338,-109.65381884981,4.0399999999999));
#5292=CARTESIAN_POINT('',(267.492174008338,-109.65381884981,4.0399999999999));
#5293=CARTESIAN_POINT('Origin',(267.492174008338,-109.65381884981,4.7499999999999));
#5294=CARTESIAN_POINT('',(267.492174008338,-109.65381884981,4.7499999999999));
#5295=CARTESIAN_POINT('Origin',(263.742174008338,-109.65381884981,4.7499999999999));
#5296=CARTESIAN_POINT('Origin',(280.457770193657,-111.195604459942,9.01));
#5297=CARTESIAN_POINT('',(280.457770193657,-111.195604459942,9.01));
#5298=CARTESIAN_POINT('Origin',(280.46802284548,-120.707288928872,9.01));
#5299=CARTESIAN_POINT('',(280.46802284548,-120.707288928872,9.01));
#5300=CARTESIAN_POINT('Origin',(280.486976585957,-175.01923226396,9.01));
#5301=CARTESIAN_POINT('',(280.486976585957,-175.01923226396,9.01));
#5302=CARTESIAN_POINT('Origin',(280.4875,-184.519895325404,9.01));
#5303=CARTESIAN_POINT('',(280.4875,-184.519895325404,9.01));
#5304=CARTESIAN_POINT('Origin',(280.4875,-211.42544988404,9.01));
#5305=CARTESIAN_POINT('Origin',(268.071530962041,-276.094290564482,9.01));
#5306=CARTESIAN_POINT('',(268.071530962041,-276.094290564482,9.01));
#5307=CARTESIAN_POINT('Origin',(262.731792388773,-285.617859647537,9.01));
#5308=CARTESIAN_POINT('Origin',(163.75479190699,-245.621648813562,9.01));
#5309=CARTESIAN_POINT('Origin',(91.055,-105.87125,9.01));
#5310=CARTESIAN_POINT('Origin',(256.163507165792,-301.423701133466,13.01));
#5311=CARTESIAN_POINT('Origin',(269.991824327284,-277.167827207084,13.01));
#5312=CARTESIAN_POINT('Origin',(88.855,-247.908724097378,13.01));
#5313=CARTESIAN_POINT('Origin',(249.360807,-210.100085,13.01));
#5314=CARTESIAN_POINT('',(249.338639,-210.09256,13.01));
#5315=CARTESIAN_POINT('',(249.360807,-210.100085,13.01));
#5316=CARTESIAN_POINT('Origin',(282.356375,-229.150085,13.01));
#5317=CARTESIAN_POINT('',(282.356375,-229.150085,13.01));
#5318=CARTESIAN_POINT('Origin',(282.373976,-229.165521,13.01));
#5319=CARTESIAN_POINT('',(282.373976,-229.165521,13.01));
#5320=CARTESIAN_POINT('Origin',(282.385862,-229.209879,13.01));
#5321=CARTESIAN_POINT('',(282.385862,-229.209879,13.01));
#5322=CARTESIAN_POINT('Origin',(282.378336,-229.232047,13.01));
#5323=CARTESIAN_POINT('',(282.378336,-229.232047,13.01));
#5324=CARTESIAN_POINT('Origin',(272.853337,-245.729831,13.01));
#5325=CARTESIAN_POINT('',(272.853337,-245.729831,13.01));
#5326=CARTESIAN_POINT('Origin',(253.803337,-278.725399,13.01));
#5327=CARTESIAN_POINT('',(253.803337,-278.725399,13.01));
#5328=CARTESIAN_POINT('Origin',(253.787901,-278.743,13.01));
#5329=CARTESIAN_POINT('',(253.787901,-278.743,13.01));
#5330=CARTESIAN_POINT('Origin',(253.743543,-278.754886,13.01));
#5331=CARTESIAN_POINT('',(253.743543,-278.754886,13.01));
#5332=CARTESIAN_POINT('Origin',(253.721375,-278.74736,13.01));
#5333=CARTESIAN_POINT('',(253.721375,-278.74736,13.01));
#5334=CARTESIAN_POINT('Origin',(237.223591,-269.222361,13.01));
#5335=CARTESIAN_POINT('',(237.223591,-269.222361,13.01));
#5336=CARTESIAN_POINT('Origin',(204.228023,-250.172361,13.01));
#5337=CARTESIAN_POINT('',(204.228023,-250.172361,13.01));
#5338=CARTESIAN_POINT('Origin',(204.210422,-250.156925,13.01));
#5339=CARTESIAN_POINT('',(204.210422,-250.156925,13.01));
#5340=CARTESIAN_POINT('Origin',(204.198536,-250.112567,13.01));
#5341=CARTESIAN_POINT('',(204.198536,-250.112567,13.01));
#5342=CARTESIAN_POINT('Origin',(204.206061,-250.090399,13.01));
#5343=CARTESIAN_POINT('',(204.206061,-250.090399,13.01));
#5344=CARTESIAN_POINT('Origin',(223.256061,-217.094831,13.01));
#5345=CARTESIAN_POINT('',(223.256061,-217.094831,13.01));
#5346=CARTESIAN_POINT('Origin',(223.271497,-217.07723,13.01));
#5347=CARTESIAN_POINT('',(223.271497,-217.07723,13.01));
#5348=CARTESIAN_POINT('Origin',(223.315855,-217.065344,13.01));
#5349=CARTESIAN_POINT('',(223.315855,-217.065344,13.01));
#5350=CARTESIAN_POINT('Origin',(223.338023,-217.072869,13.01));
#5351=CARTESIAN_POINT('',(223.338023,-217.072869,13.01));
#5352=CARTESIAN_POINT('Origin',(239.783845,-226.567868,13.01));
#5353=CARTESIAN_POINT('',(239.783845,-226.567868,13.01));
#5354=CARTESIAN_POINT('Origin',(249.278845,-210.122047,13.01));
#5355=CARTESIAN_POINT('',(249.278845,-210.122047,13.01));
#5356=CARTESIAN_POINT('Origin',(249.294281,-210.104446,13.01));
#5357=CARTESIAN_POINT('',(249.294281,-210.104446,13.01));
#5358=CARTESIAN_POINT('Origin',(249.338639,-210.09256,13.01));
#5359=CARTESIAN_POINT('Origin',(185.140211,-128.641067,13.01));
#5360=CARTESIAN_POINT('',(185.11725,-128.6365,13.01));
#5361=CARTESIAN_POINT('',(185.140211,-128.641067,13.01));
#5362=CARTESIAN_POINT('Origin',(185.172683,-128.673539,13.01));
#5363=CARTESIAN_POINT('',(185.172683,-128.673539,13.01));
#5364=CARTESIAN_POINT('Origin',(185.17725,-128.6965,13.01));
#5365=CARTESIAN_POINT('',(185.17725,-128.6965,13.01));
#5366=CARTESIAN_POINT('Origin',(185.17725,-133.399,13.01));
#5367=CARTESIAN_POINT('',(185.17725,-133.399,13.01));
#5368=CARTESIAN_POINT('Origin',(204.16725,-133.399,13.01));
#5369=CARTESIAN_POINT('',(204.16725,-133.399,13.01));
#5370=CARTESIAN_POINT('Origin',(204.190211,-133.403567,13.01));
#5371=CARTESIAN_POINT('',(204.190211,-133.403567,13.01));
#5372=CARTESIAN_POINT('Origin',(204.222683,-133.436039,13.01));
#5373=CARTESIAN_POINT('',(204.222683,-133.436039,13.01));
#5374=CARTESIAN_POINT('Origin',(204.22725,-133.459,13.01));
#5375=CARTESIAN_POINT('',(204.22725,-133.459,13.01));
#5376=CARTESIAN_POINT('Origin',(204.22725,-138.1615,13.01));
#5377=CARTESIAN_POINT('',(204.22725,-138.1615,13.01));
#5378=CARTESIAN_POINT('Origin',(242.26725,-138.1615,13.01));
#5379=CARTESIAN_POINT('',(242.26725,-138.1615,13.01));
#5380=CARTESIAN_POINT('Origin',(242.290211,-138.166067,13.01));
#5381=CARTESIAN_POINT('',(242.290211,-138.166067,13.01));
#5382=CARTESIAN_POINT('Origin',(242.322683,-138.198539,13.01));
#5383=CARTESIAN_POINT('',(242.322683,-138.198539,13.01));
#5384=CARTESIAN_POINT('Origin',(242.32725,-138.2215,13.01));
#5385=CARTESIAN_POINT('',(242.32725,-138.2215,13.01));
#5386=CARTESIAN_POINT('Origin',(242.32725,-214.4215,13.01));
#5387=CARTESIAN_POINT('',(242.32725,-214.4215,13.01));
#5388=CARTESIAN_POINT('Origin',(242.322683,-214.444461,13.01));
#5389=CARTESIAN_POINT('',(242.322683,-214.444461,13.01));
#5390=CARTESIAN_POINT('Origin',(242.290211,-214.476933,13.01));
#5391=CARTESIAN_POINT('',(242.290211,-214.476933,13.01));
#5392=CARTESIAN_POINT('Origin',(242.26725,-214.4815,13.01));
#5393=CARTESIAN_POINT('',(242.26725,-214.4815,13.01));
#5394=CARTESIAN_POINT('Origin',(204.22725,-214.4815,13.01));
#5395=CARTESIAN_POINT('',(204.22725,-214.4815,13.01));
#5396=CARTESIAN_POINT('Origin',(204.22725,-228.709,13.01));
#5397=CARTESIAN_POINT('',(204.22725,-228.709,13.01));
#5398=CARTESIAN_POINT('Origin',(204.222683,-228.731961,13.01));
#5399=CARTESIAN_POINT('',(204.222683,-228.731961,13.01));
#5400=CARTESIAN_POINT('Origin',(204.190211,-228.764433,13.01));
#5401=CARTESIAN_POINT('',(204.190211,-228.764433,13.01));
#5402=CARTESIAN_POINT('Origin',(204.16725,-228.769,13.01));
#5403=CARTESIAN_POINT('',(204.16725,-228.769,13.01));
#5404=CARTESIAN_POINT('Origin',(185.11725,-228.769,13.01));
#5405=CARTESIAN_POINT('',(185.11725,-228.769,13.01));
#5406=CARTESIAN_POINT('Origin',(185.094289,-228.764433,13.01));
#5407=CARTESIAN_POINT('',(185.094289,-228.764433,13.01));
#5408=CARTESIAN_POINT('Origin',(185.061817,-228.731961,13.01));
#5409=CARTESIAN_POINT('',(185.061817,-228.731961,13.01));
#5410=CARTESIAN_POINT('Origin',(185.05725,-228.709,13.01));
#5411=CARTESIAN_POINT('',(185.05725,-228.709,13.01));
#5412=CARTESIAN_POINT('Origin',(185.05725,-224.0065,13.01));
#5413=CARTESIAN_POINT('',(185.05725,-224.0065,13.01));
#5414=CARTESIAN_POINT('Origin',(166.12725,-224.0065,13.01));
#5415=CARTESIAN_POINT('',(166.12725,-224.0065,13.01));
#5416=CARTESIAN_POINT('Origin',(166.12725,-228.709,13.01));
#5417=CARTESIAN_POINT('',(166.12725,-228.709,13.01));
#5418=CARTESIAN_POINT('Origin',(166.122683,-228.731961,13.01));
#5419=CARTESIAN_POINT('',(166.122683,-228.731961,13.01));
#5420=CARTESIAN_POINT('Origin',(166.090211,-228.764433,13.01));
#5421=CARTESIAN_POINT('',(166.090211,-228.764433,13.01));
#5422=CARTESIAN_POINT('Origin',(166.06725,-228.769,13.01));
#5423=CARTESIAN_POINT('',(166.06725,-228.769,13.01));
#5424=CARTESIAN_POINT('Origin',(147.07725,-228.769,13.01));
#5425=CARTESIAN_POINT('',(147.07725,-228.769,13.01));
#5426=CARTESIAN_POINT('Origin',(147.07725,-233.4715,13.01));
#5427=CARTESIAN_POINT('',(147.07725,-233.4715,13.01));
#5428=CARTESIAN_POINT('Origin',(147.072683,-233.494461,13.01));
#5429=CARTESIAN_POINT('',(147.072683,-233.494461,13.01));
#5430=CARTESIAN_POINT('Origin',(147.040211,-233.526933,13.01));
#5431=CARTESIAN_POINT('',(147.040211,-233.526933,13.01));
#5432=CARTESIAN_POINT('Origin',(147.01725,-233.5315,13.01));
#5433=CARTESIAN_POINT('',(147.01725,-233.5315,13.01));
#5434=CARTESIAN_POINT('Origin',(108.91725,-233.5315,13.01));
#5435=CARTESIAN_POINT('',(108.91725,-233.5315,13.01));
#5436=CARTESIAN_POINT('Origin',(108.894289,-233.526933,13.01));
#5437=CARTESIAN_POINT('',(108.894289,-233.526933,13.01));
#5438=CARTESIAN_POINT('Origin',(108.861817,-233.494461,13.01));
#5439=CARTESIAN_POINT('',(108.861817,-233.494461,13.01));
#5440=CARTESIAN_POINT('Origin',(108.85725,-233.4715,13.01));
#5441=CARTESIAN_POINT('',(108.85725,-233.4715,13.01));
#5442=CARTESIAN_POINT('Origin',(108.85725,-214.4815,13.01));
#5443=CARTESIAN_POINT('',(108.85725,-214.4815,13.01));
#5444=CARTESIAN_POINT('Origin',(99.39225,-214.4815,13.01));
#5445=CARTESIAN_POINT('',(99.39225,-214.4815,13.01));
#5446=CARTESIAN_POINT('Origin',(99.369289,-214.476933,13.01));
#5447=CARTESIAN_POINT('',(99.369289,-214.476933,13.01));
#5448=CARTESIAN_POINT('Origin',(99.336817,-214.444461,13.01));
#5449=CARTESIAN_POINT('',(99.336817,-214.444461,13.01));
#5450=CARTESIAN_POINT('Origin',(99.33225,-214.4215,13.01));
#5451=CARTESIAN_POINT('',(99.33225,-214.4215,13.01));
#5452=CARTESIAN_POINT('Origin',(99.33225,-138.2215,13.01));
#5453=CARTESIAN_POINT('',(99.33225,-138.2215,13.01));
#5454=CARTESIAN_POINT('Origin',(99.336817,-138.198539,13.01));
#5455=CARTESIAN_POINT('',(99.336817,-138.198539,13.01));
#5456=CARTESIAN_POINT('Origin',(99.369289,-138.166067,13.01));
#5457=CARTESIAN_POINT('',(99.369289,-138.166067,13.01));
#5458=CARTESIAN_POINT('Origin',(99.39225,-138.1615,13.01));
#5459=CARTESIAN_POINT('',(99.39225,-138.1615,13.01));
#5460=CARTESIAN_POINT('Origin',(146.95725,-138.1615,13.01));
#5461=CARTESIAN_POINT('',(146.95725,-138.1615,13.01));
#5462=CARTESIAN_POINT('Origin',(146.95725,-133.459,13.01));
#5463=CARTESIAN_POINT('',(146.95725,-133.459,13.01));
#5464=CARTESIAN_POINT('Origin',(146.961817,-133.436039,13.01));
#5465=CARTESIAN_POINT('',(146.961817,-133.436039,13.01));
#5466=CARTESIAN_POINT('Origin',(146.994289,-133.403567,13.01));
#5467=CARTESIAN_POINT('',(146.994289,-133.403567,13.01));
#5468=CARTESIAN_POINT('Origin',(147.01725,-133.399,13.01));
#5469=CARTESIAN_POINT('',(147.01725,-133.399,13.01));
#5470=CARTESIAN_POINT('Origin',(166.00725,-133.399,13.01));
#5471=CARTESIAN_POINT('',(166.00725,-133.399,13.01));
#5472=CARTESIAN_POINT('Origin',(166.00725,-128.6965,13.01));
#5473=CARTESIAN_POINT('',(166.00725,-128.6965,13.01));
#5474=CARTESIAN_POINT('Origin',(166.011817,-128.673539,13.01));
#5475=CARTESIAN_POINT('',(166.011817,-128.673539,13.01));
#5476=CARTESIAN_POINT('Origin',(166.044289,-128.641067,13.01));
#5477=CARTESIAN_POINT('',(166.044289,-128.641067,13.01));
#5478=CARTESIAN_POINT('Origin',(166.06725,-128.6365,13.01));
#5479=CARTESIAN_POINT('',(166.06725,-128.6365,13.01));
#5480=CARTESIAN_POINT('Origin',(185.11725,-128.6365,13.01));
#5481=UNCERTAINTY_MEASURE_WITH_UNIT(LENGTH_MEASURE(0.01),#5485,
'DISTANCE_ACCURACY_VALUE',
'Maximum model space distance between geometric entities at asserted c
onnectivities');
#5482=UNCERTAINTY_MEASURE_WITH_UNIT(LENGTH_MEASURE(0.01),#5485,
'DISTANCE_ACCURACY_VALUE',
'Maximum model space distance between geometric entities at asserted c
onnectivities');
#5483=(
GEOMETRIC_REPRESENTATION_CONTEXT(3)
GLOBAL_UNCERTAINTY_ASSIGNED_CONTEXT((#5481))
GLOBAL_UNIT_ASSIGNED_CONTEXT((#5485,#5486,#5487))
REPRESENTATION_CONTEXT('','3D')
);
#5484=(
GEOMETRIC_REPRESENTATION_CONTEXT(3)
GLOBAL_UNCERTAINTY_ASSIGNED_CONTEXT((#5482))
GLOBAL_UNIT_ASSIGNED_CONTEXT((#5485,#5486,#5487))
REPRESENTATION_CONTEXT('','3D')
);
#5485=(
LENGTH_UNIT()
NAMED_UNIT(*)
SI_UNIT(.MILLI.,.METRE.)
);
#5486=(
NAMED_UNIT(*)
PLANE_ANGLE_UNIT()
SI_UNIT($,.RADIAN.)
);
#5487=(
NAMED_UNIT(*)
SI_UNIT($,.STERADIAN.)
SOLID_ANGLE_UNIT()
);
#5488=SHAPE_DEFINITION_REPRESENTATION(#5489,#5490);
#5489=PRODUCT_DEFINITION_SHAPE('',$,#5492);
#5490=SHAPE_REPRESENTATION('',(#3262),#5483);
#5491=PRODUCT_DEFINITION_CONTEXT('part definition',#5496,'design');
#5492=PRODUCT_DEFINITION('TwinPanda 1','TwinPanda v14',#5493,#5491);
#5493=PRODUCT_DEFINITION_FORMATION('',$,#5498);
#5494=PRODUCT_RELATED_PRODUCT_CATEGORY('TwinPanda v14','TwinPanda v14',
(#5498));
#5495=APPLICATION_PROTOCOL_DEFINITION('international standard',
'automotive_design',2009,#5496);
#5496=APPLICATION_CONTEXT(
'Core Data for Automotive Mechanical Design Process');
#5497=PRODUCT_CONTEXT('part definition',#5496,'mechanical');
#5498=PRODUCT('TwinPanda 1','TwinPanda v14','KiCad electronic assembly',
(#5497));
#5499=PRESENTATION_STYLE_ASSIGNMENT((#5500));
#5500=SURFACE_STYLE_USAGE(.BOTH.,#5501);
#5501=SURFACE_SIDE_STYLE('',(#5502));
#5502=SURFACE_STYLE_FILL_AREA(#5503);
#5503=FILL_AREA_STYLE('Acciaio - Satinato',(#5504));
#5504=FILL_AREA_STYLE_COLOUR('Acciaio - Satinato',#5505);
#5505=COLOUR_RGB('Acciaio - Satinato',0.627450980392157,0.627450980392157,
0.627450980392157);
ENDSEC;
END-ISO-10303-21;
