ISO-10303-21;
HEADER;
/* Generated by software containing ST-Developer
 * from STEP Tools, Inc. (www.steptools.com) 
 */

FILE_DESCRIPTION(
/* description */ ('KiCad electronic assembly'),
/* implementation_level */ '2;1');

FILE_NAME(
/* name */ 'RBottomCase.step',
/* time_stamp */ '2026-01-05T13:37:55+01:00',
/* author */ (''),
/* organization */ (''),
/* preprocessor_version */ 'ST-DEVELOPER v20.1',
/* originating_system */ 'Autodesk Translation Framework v14.21.0.0',
/* authorisation */ '');

FILE_SCHEMA (('AUTOMOTIVE_DESIGN { 1 0 10303 214 3 1 1 }'));
ENDSEC;

DATA;
#10=MECHANICAL_DESIGN_GEOMETRIC_PRESENTATION_REPRESENTATION('',(#13),#2552);
#11=SHAPE_REPRESENTATION_RELATIONSHIP('SRR','None',#2558,#12);
#12=ADVANCED_BREP_SHAPE_REPRESENTATION('',(#14),#2551);
#13=STYLED_ITEM('',(#2567),#14);
#14=MANIFOLD_SOLID_BREP('RBottomCase',#1506);
#15=CYLINDRICAL_SURFACE('',#1522,2.09999999999997);
#16=CYLINDRICAL_SURFACE('',#1526,2.09999999999997);
#17=CYLINDRICAL_SURFACE('',#1530,2.09999999999997);
#18=CYLINDRICAL_SURFACE('',#1534,2.09999999999997);
#19=CYLINDRICAL_SURFACE('',#1538,2.09999999999997);
#20=CYLINDRICAL_SURFACE('',#1542,2.09999999999997);
#21=CYLINDRICAL_SURFACE('',#1544,3.);
#22=CYLINDRICAL_SURFACE('',#1552,3.);
#23=CYLINDRICAL_SURFACE('',#1554,3.);
#24=CYLINDRICAL_SURFACE('',#1560,3.);
#25=CYLINDRICAL_SURFACE('',#1562,3.);
#26=CYLINDRICAL_SURFACE('',#1565,3.75);
#27=CYLINDRICAL_SURFACE('',#1568,3.75);
#28=CYLINDRICAL_SURFACE('',#1571,3.75);
#29=CYLINDRICAL_SURFACE('',#1574,3.75);
#30=CYLINDRICAL_SURFACE('',#1597,4.09999999999997);
#31=CYLINDRICAL_SURFACE('',#1602,1.59999999999997);
#32=CYLINDRICAL_SURFACE('',#1605,3.59999999999999);
#33=CYLINDRICAL_SURFACE('',#1609,4.09999999999997);
#34=CYLINDRICAL_SURFACE('',#1614,1.59999999999997);
#35=CYLINDRICAL_SURFACE('',#1617,3.59999999999999);
#36=CYLINDRICAL_SURFACE('',#1621,4.09999999999997);
#37=CYLINDRICAL_SURFACE('',#1626,1.59999999999997);
#38=CYLINDRICAL_SURFACE('',#1629,3.59999999999999);
#39=CYLINDRICAL_SURFACE('',#1633,4.09999999999997);
#40=CYLINDRICAL_SURFACE('',#1638,1.59999999999997);
#41=CYLINDRICAL_SURFACE('',#1640,3.59999999999999);
#42=CYLINDRICAL_SURFACE('',#1645,4.09999999999997);
#43=CYLINDRICAL_SURFACE('',#1650,1.59999999999997);
#44=CYLINDRICAL_SURFACE('',#1653,3.59999999999999);
#45=CYLINDRICAL_SURFACE('',#1662,4.09999999999997);
#46=CYLINDRICAL_SURFACE('',#1663,1.6);
#47=CYLINDRICAL_SURFACE('',#1666,3.59999999999999);
#48=FACE_BOUND('',#224,.T.);
#49=FACE_BOUND('',#225,.T.);
#50=FACE_BOUND('',#226,.T.);
#51=FACE_BOUND('',#227,.T.);
#52=FACE_BOUND('',#228,.T.);
#53=FACE_BOUND('',#229,.T.);
#54=FACE_BOUND('',#244,.T.);
#55=FACE_BOUND('',#249,.T.);
#56=FACE_BOUND('',#270,.T.);
#57=FACE_BOUND('',#286,.T.);
#58=FACE_BOUND('',#290,.T.);
#59=FACE_BOUND('',#292,.T.);
#60=FACE_BOUND('',#295,.T.);
#61=FACE_BOUND('',#299,.T.);
#62=FACE_BOUND('',#301,.T.);
#63=FACE_BOUND('',#304,.T.);
#64=FACE_BOUND('',#308,.T.);
#65=FACE_BOUND('',#310,.T.);
#66=FACE_BOUND('',#313,.T.);
#67=FACE_BOUND('',#317,.T.);
#68=FACE_BOUND('',#319,.T.);
#69=FACE_BOUND('',#322,.T.);
#70=FACE_BOUND('',#326,.T.);
#71=FACE_BOUND('',#328,.T.);
#72=FACE_BOUND('',#330,.T.);
#73=FACE_BOUND('',#331,.T.);
#74=FACE_BOUND('',#332,.T.);
#75=FACE_BOUND('',#333,.T.);
#76=FACE_BOUND('',#334,.T.);
#77=FACE_BOUND('',#335,.T.);
#78=FACE_BOUND('',#337,.T.);
#79=FACE_BOUND('',#342,.T.);
#80=FACE_BOUND('',#344,.T.);
#81=PLANE('',#1511);
#82=PLANE('',#1546);
#83=PLANE('',#1547);
#84=PLANE('',#1553);
#85=PLANE('',#1555);
#86=PLANE('',#1561);
#87=PLANE('',#1563);
#88=PLANE('',#1564);
#89=PLANE('',#1567);
#90=PLANE('',#1570);
#91=PLANE('',#1573);
#92=PLANE('',#1576);
#93=PLANE('',#1577);
#94=PLANE('',#1578);
#95=PLANE('',#1579);
#96=PLANE('',#1580);
#97=PLANE('',#1581);
#98=PLANE('',#1582);
#99=PLANE('',#1583);
#100=PLANE('',#1584);
#101=PLANE('',#1585);
#102=PLANE('',#1586);
#103=PLANE('',#1587);
#104=PLANE('',#1588);
#105=PLANE('',#1589);
#106=PLANE('',#1590);
#107=PLANE('',#1591);
#108=PLANE('',#1592);
#109=PLANE('',#1593);
#110=PLANE('',#1594);
#111=PLANE('',#1595);
#112=PLANE('',#1596);
#113=PLANE('',#1600);
#114=PLANE('',#1607);
#115=PLANE('',#1608);
#116=PLANE('',#1612);
#117=PLANE('',#1619);
#118=PLANE('',#1620);
#119=PLANE('',#1624);
#120=PLANE('',#1631);
#121=PLANE('',#1632);
#122=PLANE('',#1636);
#123=PLANE('',#1643);
#124=PLANE('',#1644);
#125=PLANE('',#1648);
#126=PLANE('',#1655);
#127=PLANE('',#1656);
#128=PLANE('',#1657);
#129=PLANE('',#1659);
#130=PLANE('',#1668);
#131=PLANE('',#1669);
#132=FACE_OUTER_BOUND('',#222,.T.);
#133=FACE_OUTER_BOUND('',#223,.T.);
#134=FACE_OUTER_BOUND('',#230,.T.);
#135=FACE_OUTER_BOUND('',#231,.T.);
#136=FACE_OUTER_BOUND('',#232,.T.);
#137=FACE_OUTER_BOUND('',#233,.T.);
#138=FACE_OUTER_BOUND('',#234,.T.);
#139=FACE_OUTER_BOUND('',#235,.T.);
#140=FACE_OUTER_BOUND('',#236,.T.);
#141=FACE_OUTER_BOUND('',#237,.T.);
#142=FACE_OUTER_BOUND('',#238,.T.);
#143=FACE_OUTER_BOUND('',#239,.T.);
#144=FACE_OUTER_BOUND('',#240,.T.);
#145=FACE_OUTER_BOUND('',#241,.T.);
#146=FACE_OUTER_BOUND('',#242,.T.);
#147=FACE_OUTER_BOUND('',#243,.T.);
#148=FACE_OUTER_BOUND('',#245,.T.);
#149=FACE_OUTER_BOUND('',#246,.T.);
#150=FACE_OUTER_BOUND('',#247,.T.);
#151=FACE_OUTER_BOUND('',#248,.T.);
#152=FACE_OUTER_BOUND('',#250,.T.);
#153=FACE_OUTER_BOUND('',#251,.T.);
#154=FACE_OUTER_BOUND('',#252,.T.);
#155=FACE_OUTER_BOUND('',#253,.T.);
#156=FACE_OUTER_BOUND('',#254,.T.);
#157=FACE_OUTER_BOUND('',#255,.T.);
#158=FACE_OUTER_BOUND('',#256,.T.);
#159=FACE_OUTER_BOUND('',#257,.T.);
#160=FACE_OUTER_BOUND('',#258,.T.);
#161=FACE_OUTER_BOUND('',#259,.T.);
#162=FACE_OUTER_BOUND('',#260,.T.);
#163=FACE_OUTER_BOUND('',#261,.T.);
#164=FACE_OUTER_BOUND('',#262,.T.);
#165=FACE_OUTER_BOUND('',#263,.T.);
#166=FACE_OUTER_BOUND('',#264,.T.);
#167=FACE_OUTER_BOUND('',#265,.T.);
#168=FACE_OUTER_BOUND('',#266,.T.);
#169=FACE_OUTER_BOUND('',#267,.T.);
#170=FACE_OUTER_BOUND('',#268,.T.);
#171=FACE_OUTER_BOUND('',#269,.T.);
#172=FACE_OUTER_BOUND('',#271,.T.);
#173=FACE_OUTER_BOUND('',#272,.T.);
#174=FACE_OUTER_BOUND('',#273,.T.);
#175=FACE_OUTER_BOUND('',#274,.T.);
#176=FACE_OUTER_BOUND('',#275,.T.);
#177=FACE_OUTER_BOUND('',#276,.T.);
#178=FACE_OUTER_BOUND('',#277,.T.);
#179=FACE_OUTER_BOUND('',#278,.T.);
#180=FACE_OUTER_BOUND('',#279,.T.);
#181=FACE_OUTER_BOUND('',#280,.T.);
#182=FACE_OUTER_BOUND('',#281,.T.);
#183=FACE_OUTER_BOUND('',#282,.T.);
#184=FACE_OUTER_BOUND('',#283,.T.);
#185=FACE_OUTER_BOUND('',#284,.T.);
#186=FACE_OUTER_BOUND('',#285,.T.);
#187=FACE_OUTER_BOUND('',#287,.T.);
#188=FACE_OUTER_BOUND('',#288,.T.);
#189=FACE_OUTER_BOUND('',#289,.T.);
#190=FACE_OUTER_BOUND('',#291,.T.);
#191=FACE_OUTER_BOUND('',#293,.T.);
#192=FACE_OUTER_BOUND('',#294,.T.);
#193=FACE_OUTER_BOUND('',#296,.T.);
#194=FACE_OUTER_BOUND('',#297,.T.);
#195=FACE_OUTER_BOUND('',#298,.T.);
#196=FACE_OUTER_BOUND('',#300,.T.);
#197=FACE_OUTER_BOUND('',#302,.T.);
#198=FACE_OUTER_BOUND('',#303,.T.);
#199=FACE_OUTER_BOUND('',#305,.T.);
#200=FACE_OUTER_BOUND('',#306,.T.);
#201=FACE_OUTER_BOUND('',#307,.T.);
#202=FACE_OUTER_BOUND('',#309,.T.);
#203=FACE_OUTER_BOUND('',#311,.T.);
#204=FACE_OUTER_BOUND('',#312,.T.);
#205=FACE_OUTER_BOUND('',#314,.T.);
#206=FACE_OUTER_BOUND('',#315,.T.);
#207=FACE_OUTER_BOUND('',#316,.T.);
#208=FACE_OUTER_BOUND('',#318,.T.);
#209=FACE_OUTER_BOUND('',#320,.T.);
#210=FACE_OUTER_BOUND('',#321,.T.);
#211=FACE_OUTER_BOUND('',#323,.T.);
#212=FACE_OUTER_BOUND('',#324,.T.);
#213=FACE_OUTER_BOUND('',#325,.T.);
#214=FACE_OUTER_BOUND('',#327,.T.);
#215=FACE_OUTER_BOUND('',#329,.T.);
#216=FACE_OUTER_BOUND('',#336,.T.);
#217=FACE_OUTER_BOUND('',#338,.T.);
#218=FACE_OUTER_BOUND('',#339,.T.);
#219=FACE_OUTER_BOUND('',#340,.T.);
#220=FACE_OUTER_BOUND('',#341,.T.);
#221=FACE_OUTER_BOUND('',#343,.T.);
#222=EDGE_LOOP('',(#1008,#1009,#1010,#1011));
#223=EDGE_LOOP('',(#1012,#1013,#1014,#1015,#1016,#1017,#1018,#1019,#1020,
#1021,#1022,#1023,#1024,#1025,#1026,#1027,#1028,#1029));
#224=EDGE_LOOP('',(#1030));
#225=EDGE_LOOP('',(#1031));
#226=EDGE_LOOP('',(#1032));
#227=EDGE_LOOP('',(#1033));
#228=EDGE_LOOP('',(#1034));
#229=EDGE_LOOP('',(#1035));
#230=EDGE_LOOP('',(#1036,#1037,#1038,#1039));
#231=EDGE_LOOP('',(#1040,#1041,#1042,#1043));
#232=EDGE_LOOP('',(#1044,#1045,#1046,#1047));
#233=EDGE_LOOP('',(#1048,#1049,#1050,#1051));
#234=EDGE_LOOP('',(#1052,#1053,#1054,#1055));
#235=EDGE_LOOP('',(#1056,#1057,#1058,#1059));
#236=EDGE_LOOP('',(#1060,#1061,#1062,#1063));
#237=EDGE_LOOP('',(#1064,#1065,#1066,#1067));
#238=EDGE_LOOP('',(#1068,#1069,#1070,#1071));
#239=EDGE_LOOP('',(#1072,#1073,#1074,#1075));
#240=EDGE_LOOP('',(#1076,#1077,#1078,#1079));
#241=EDGE_LOOP('',(#1080,#1081,#1082,#1083));
#242=EDGE_LOOP('',(#1084,#1085,#1086,#1087));
#243=EDGE_LOOP('',(#1088,#1089,#1090,#1091,#1092,#1093,#1094,#1095,#1096,
#1097,#1098,#1099,#1100,#1101,#1102,#1103,#1104,#1105));
#244=EDGE_LOOP('',(#1106,#1107,#1108,#1109,#1110,#1111,#1112,#1113,#1114,
#1115,#1116,#1117,#1118));
#245=EDGE_LOOP('',(#1119,#1120,#1121,#1122));
#246=EDGE_LOOP('',(#1123,#1124,#1125,#1126));
#247=EDGE_LOOP('',(#1127,#1128,#1129,#1130));
#248=EDGE_LOOP('',(#1131,#1132,#1133,#1134));
#249=EDGE_LOOP('',(#1135,#1136,#1137,#1138,#1139,#1140,#1141,#1142));
#250=EDGE_LOOP('',(#1143,#1144,#1145,#1146));
#251=EDGE_LOOP('',(#1147,#1148,#1149,#1150));
#252=EDGE_LOOP('',(#1151,#1152,#1153,#1154));
#253=EDGE_LOOP('',(#1155,#1156,#1157,#1158));
#254=EDGE_LOOP('',(#1159,#1160,#1161,#1162));
#255=EDGE_LOOP('',(#1163,#1164,#1165,#1166));
#256=EDGE_LOOP('',(#1167,#1168,#1169,#1170));
#257=EDGE_LOOP('',(#1171,#1172,#1173,#1174));
#258=EDGE_LOOP('',(#1175,#1176,#1177,#1178));
#259=EDGE_LOOP('',(#1179,#1180,#1181,#1182));
#260=EDGE_LOOP('',(#1183,#1184,#1185,#1186));
#261=EDGE_LOOP('',(#1187,#1188,#1189,#1190));
#262=EDGE_LOOP('',(#1191,#1192,#1193,#1194));
#263=EDGE_LOOP('',(#1195,#1196,#1197,#1198));
#264=EDGE_LOOP('',(#1199,#1200,#1201,#1202));
#265=EDGE_LOOP('',(#1203,#1204,#1205,#1206));
#266=EDGE_LOOP('',(#1207,#1208,#1209,#1210));
#267=EDGE_LOOP('',(#1211,#1212,#1213,#1214));
#268=EDGE_LOOP('',(#1215,#1216,#1217,#1218));
#269=EDGE_LOOP('',(#1219,#1220,#1221,#1222));
#270=EDGE_LOOP('',(#1223,#1224,#1225,#1226,#1227,#1228,#1229,#1230));
#271=EDGE_LOOP('',(#1231,#1232,#1233,#1234));
#272=EDGE_LOOP('',(#1235,#1236,#1237,#1238));
#273=EDGE_LOOP('',(#1239,#1240,#1241,#1242));
#274=EDGE_LOOP('',(#1243,#1244,#1245,#1246));
#275=EDGE_LOOP('',(#1247,#1248,#1249,#1250));
#276=EDGE_LOOP('',(#1251,#1252,#1253,#1254));
#277=EDGE_LOOP('',(#1255,#1256,#1257,#1258));
#278=EDGE_LOOP('',(#1259,#1260,#1261,#1262));
#279=EDGE_LOOP('',(#1263,#1264,#1265,#1266));
#280=EDGE_LOOP('',(#1267,#1268,#1269,#1270));
#281=EDGE_LOOP('',(#1271,#1272,#1273,#1274));
#282=EDGE_LOOP('',(#1275,#1276,#1277,#1278));
#283=EDGE_LOOP('',(#1279,#1280,#1281,#1282));
#284=EDGE_LOOP('',(#1283,#1284,#1285,#1286));
#285=EDGE_LOOP('',(#1287));
#286=EDGE_LOOP('',(#1288));
#287=EDGE_LOOP('',(#1289,#1290,#1291,#1292));
#288=EDGE_LOOP('',(#1293,#1294,#1295,#1296));
#289=EDGE_LOOP('',(#1297));
#290=EDGE_LOOP('',(#1298));
#291=EDGE_LOOP('',(#1299));
#292=EDGE_LOOP('',(#1300));
#293=EDGE_LOOP('',(#1301,#1302,#1303,#1304));
#294=EDGE_LOOP('',(#1305));
#295=EDGE_LOOP('',(#1306));
#296=EDGE_LOOP('',(#1307,#1308,#1309,#1310));
#297=EDGE_LOOP('',(#1311,#1312,#1313,#1314));
#298=EDGE_LOOP('',(#1315));
#299=EDGE_LOOP('',(#1316));
#300=EDGE_LOOP('',(#1317));
#301=EDGE_LOOP('',(#1318));
#302=EDGE_LOOP('',(#1319,#1320,#1321,#1322));
#303=EDGE_LOOP('',(#1323));
#304=EDGE_LOOP('',(#1324));
#305=EDGE_LOOP('',(#1325,#1326,#1327,#1328));
#306=EDGE_LOOP('',(#1329,#1330,#1331,#1332));
#307=EDGE_LOOP('',(#1333));
#308=EDGE_LOOP('',(#1334));
#309=EDGE_LOOP('',(#1335));
#310=EDGE_LOOP('',(#1336));
#311=EDGE_LOOP('',(#1337,#1338,#1339,#1340));
#312=EDGE_LOOP('',(#1341));
#313=EDGE_LOOP('',(#1342));
#314=EDGE_LOOP('',(#1343,#1344,#1345,#1346));
#315=EDGE_LOOP('',(#1347,#1348,#1349,#1350));
#316=EDGE_LOOP('',(#1351));
#317=EDGE_LOOP('',(#1352));
#318=EDGE_LOOP('',(#1353));
#319=EDGE_LOOP('',(#1354));
#320=EDGE_LOOP('',(#1355,#1356,#1357,#1358));
#321=EDGE_LOOP('',(#1359));
#322=EDGE_LOOP('',(#1360));
#323=EDGE_LOOP('',(#1361,#1362,#1363,#1364));
#324=EDGE_LOOP('',(#1365,#1366,#1367,#1368));
#325=EDGE_LOOP('',(#1369));
#326=EDGE_LOOP('',(#1370));
#327=EDGE_LOOP('',(#1371));
#328=EDGE_LOOP('',(#1372));
#329=EDGE_LOOP('',(#1373,#1374,#1375,#1376,#1377,#1378,#1379,#1380,#1381,
#1382,#1383,#1384,#1385));
#330=EDGE_LOOP('',(#1386));
#331=EDGE_LOOP('',(#1387));
#332=EDGE_LOOP('',(#1388));
#333=EDGE_LOOP('',(#1389));
#334=EDGE_LOOP('',(#1390));
#335=EDGE_LOOP('',(#1391));
#336=EDGE_LOOP('',(#1392));
#337=EDGE_LOOP('',(#1393));
#338=EDGE_LOOP('',(#1394,#1395,#1396,#1397));
#339=EDGE_LOOP('',(#1398,#1399,#1400,#1401));
#340=EDGE_LOOP('',(#1402,#1403,#1404,#1405));
#341=EDGE_LOOP('',(#1406));
#342=EDGE_LOOP('',(#1407));
#343=EDGE_LOOP('',(#1408));
#344=EDGE_LOOP('',(#1409));
#345=LINE('',#2130,#474);
#346=LINE('',#2137,#475);
#347=LINE('',#2141,#476);
#348=LINE('',#2143,#477);
#349=LINE('',#2147,#478);
#350=LINE('',#2149,#479);
#351=LINE('',#2151,#480);
#352=LINE('',#2155,#481);
#353=LINE('',#2157,#482);
#354=LINE('',#2159,#483);
#355=LINE('',#2161,#484);
#356=LINE('',#2163,#485);
#357=LINE('',#2165,#486);
#358=LINE('',#2168,#487);
#359=LINE('',#2181,#488);
#360=LINE('',#2185,#489);
#361=LINE('',#2189,#490);
#362=LINE('',#2193,#491);
#363=LINE('',#2197,#492);
#364=LINE('',#2201,#493);
#365=LINE('',#2205,#494);
#366=LINE('',#2209,#495);
#367=LINE('',#2213,#496);
#368=LINE('',#2217,#497);
#369=LINE('',#2221,#498);
#370=LINE('',#2227,#499);
#371=LINE('',#2228,#500);
#372=LINE('',#2231,#501);
#373=LINE('',#2232,#502);
#374=LINE('',#2235,#503);
#375=LINE('',#2239,#504);
#376=LINE('',#2241,#505);
#377=LINE('',#2243,#506);
#378=LINE('',#2245,#507);
#379=LINE('',#2247,#508);
#380=LINE('',#2249,#509);
#381=LINE('',#2253,#510);
#382=LINE('',#2255,#511);
#383=LINE('',#2257,#512);
#384=LINE('',#2261,#513);
#385=LINE('',#2263,#514);
#386=LINE('',#2267,#515);
#387=LINE('',#2269,#516);
#388=LINE('',#2271,#517);
#389=LINE('',#2273,#518);
#390=LINE('',#2275,#519);
#391=LINE('',#2277,#520);
#392=LINE('',#2279,#521);
#393=LINE('',#2281,#522);
#394=LINE('',#2283,#523);
#395=LINE('',#2285,#524);
#396=LINE('',#2287,#525);
#397=LINE('',#2289,#526);
#398=LINE('',#2290,#527);
#399=LINE('',#2292,#528);
#400=LINE('',#2294,#529);
#401=LINE('',#2296,#530);
#402=LINE('',#2297,#531);
#403=LINE('',#2301,#532);
#404=LINE('',#2305,#533);
#405=LINE('',#2309,#534);
#406=LINE('',#2313,#535);
#407=LINE('',#2316,#536);
#408=LINE('',#2317,#537);
#409=LINE('',#2319,#538);
#410=LINE('',#2321,#539);
#411=LINE('',#2322,#540);
#412=LINE('',#2324,#541);
#413=LINE('',#2328,#542);
#414=LINE('',#2329,#543);
#415=LINE('',#2330,#544);
#416=LINE('',#2334,#545);
#417=LINE('',#2337,#546);
#418=LINE('',#2338,#547);
#419=LINE('',#2342,#548);
#420=LINE('',#2345,#549);
#421=LINE('',#2346,#550);
#422=LINE('',#2350,#551);
#423=LINE('',#2353,#552);
#424=LINE('',#2354,#553);
#425=LINE('',#2360,#554);
#426=LINE('',#2361,#555);
#427=LINE('',#2362,#556);
#428=LINE('',#2365,#557);
#429=LINE('',#2366,#558);
#430=LINE('',#2369,#559);
#431=LINE('',#2370,#560);
#432=LINE('',#2373,#561);
#433=LINE('',#2374,#562);
#434=LINE('',#2377,#563);
#435=LINE('',#2378,#564);
#436=LINE('',#2381,#565);
#437=LINE('',#2382,#566);
#438=LINE('',#2386,#567);
#439=LINE('',#2387,#568);
#440=LINE('',#2388,#569);
#441=LINE('',#2391,#570);
#442=LINE('',#2392,#571);
#443=LINE('',#2395,#572);
#444=LINE('',#2396,#573);
#445=LINE('',#2399,#574);
#446=LINE('',#2400,#575);
#447=LINE('',#2403,#576);
#448=LINE('',#2404,#577);
#449=LINE('',#2406,#578);
#450=LINE('',#2408,#579);
#451=LINE('',#2410,#580);
#452=LINE('',#2412,#581);
#453=LINE('',#2414,#582);
#454=LINE('',#2416,#583);
#455=LINE('',#2419,#584);
#456=LINE('',#2426,#585);
#457=LINE('',#2435,#586);
#458=LINE('',#2439,#587);
#459=LINE('',#2447,#588);
#460=LINE('',#2456,#589);
#461=LINE('',#2460,#590);
#462=LINE('',#2468,#591);
#463=LINE('',#2477,#592);
#464=LINE('',#2481,#593);
#465=LINE('',#2489,#594);
#466=LINE('',#2496,#595);
#467=LINE('',#2502,#596);
#468=LINE('',#2510,#597);
#469=LINE('',#2519,#598);
#470=LINE('',#2523,#599);
#471=LINE('',#2536,#600);
#472=LINE('',#2541,#601);
#473=LINE('',#2545,#602);
#474=VECTOR('',#1676,3.09999999999999);
#475=VECTOR('',#1683,10.);
#476=VECTOR('',#1686,10.);
#477=VECTOR('',#1687,10.);
#478=VECTOR('',#1690,10.);
#479=VECTOR('',#1691,10.);
#480=VECTOR('',#1692,10.);
#481=VECTOR('',#1695,10.);
#482=VECTOR('',#1696,10.);
#483=VECTOR('',#1697,10.);
#484=VECTOR('',#1698,10.);
#485=VECTOR('',#1699,10.);
#486=VECTOR('',#1700,10.);
#487=VECTOR('',#1703,10.);
#488=VECTOR('',#1716,2.09999999999997);
#489=VECTOR('',#1721,3.09999999999999);
#490=VECTOR('',#1726,2.09999999999997);
#491=VECTOR('',#1731,3.09999999999999);
#492=VECTOR('',#1736,2.09999999999997);
#493=VECTOR('',#1741,3.09999999999999);
#494=VECTOR('',#1746,2.09999999999997);
#495=VECTOR('',#1751,3.09999999999999);
#496=VECTOR('',#1756,2.09999999999997);
#497=VECTOR('',#1761,3.09999999999999);
#498=VECTOR('',#1766,2.09999999999997);
#499=VECTOR('',#1773,10.);
#500=VECTOR('',#1774,10.);
#501=VECTOR('',#1777,10.);
#502=VECTOR('',#1778,10.);
#503=VECTOR('',#1781,10.);
#504=VECTOR('',#1784,10.);
#505=VECTOR('',#1785,10.);
#506=VECTOR('',#1786,10.);
#507=VECTOR('',#1787,10.);
#508=VECTOR('',#1788,10.);
#509=VECTOR('',#1789,10.);
#510=VECTOR('',#1792,10.);
#511=VECTOR('',#1793,10.);
#512=VECTOR('',#1794,10.);
#513=VECTOR('',#1797,10.);
#514=VECTOR('',#1798,10.);
#515=VECTOR('',#1801,10.);
#516=VECTOR('',#1802,10.);
#517=VECTOR('',#1803,10.);
#518=VECTOR('',#1804,10.);
#519=VECTOR('',#1805,10.);
#520=VECTOR('',#1806,10.);
#521=VECTOR('',#1807,10.);
#522=VECTOR('',#1808,10.);
#523=VECTOR('',#1809,10.);
#524=VECTOR('',#1810,10.);
#525=VECTOR('',#1811,10.);
#526=VECTOR('',#1812,10.);
#527=VECTOR('',#1813,10.);
#528=VECTOR('',#1816,10.);
#529=VECTOR('',#1819,10.);
#530=VECTOR('',#1822,10.);
#531=VECTOR('',#1823,10.);
#532=VECTOR('',#1826,10.);
#533=VECTOR('',#1829,10.);
#534=VECTOR('',#1832,10.);
#535=VECTOR('',#1835,10.);
#536=VECTOR('',#1840,10.);
#537=VECTOR('',#1841,10.);
#538=VECTOR('',#1844,10.);
#539=VECTOR('',#1847,10.);
#540=VECTOR('',#1848,10.);
#541=VECTOR('',#1851,10.);
#542=VECTOR('',#1854,10.);
#543=VECTOR('',#1855,10.);
#544=VECTOR('',#1856,10.);
#545=VECTOR('',#1861,10.);
#546=VECTOR('',#1864,10.);
#547=VECTOR('',#1865,10.);
#548=VECTOR('',#1870,10.);
#549=VECTOR('',#1873,10.);
#550=VECTOR('',#1874,10.);
#551=VECTOR('',#1879,10.);
#552=VECTOR('',#1882,10.);
#553=VECTOR('',#1883,10.);
#554=VECTOR('',#1890,10.);
#555=VECTOR('',#1891,10.);
#556=VECTOR('',#1892,10.);
#557=VECTOR('',#1895,10.);
#558=VECTOR('',#1896,10.);
#559=VECTOR('',#1899,10.);
#560=VECTOR('',#1900,10.);
#561=VECTOR('',#1903,10.);
#562=VECTOR('',#1904,10.);
#563=VECTOR('',#1907,10.);
#564=VECTOR('',#1908,10.);
#565=VECTOR('',#1911,10.);
#566=VECTOR('',#1912,10.);
#567=VECTOR('',#1915,10.);
#568=VECTOR('',#1916,10.);
#569=VECTOR('',#1917,10.);
#570=VECTOR('',#1920,10.);
#571=VECTOR('',#1921,10.);
#572=VECTOR('',#1924,10.);
#573=VECTOR('',#1925,10.);
#574=VECTOR('',#1928,10.);
#575=VECTOR('',#1929,10.);
#576=VECTOR('',#1932,10.);
#577=VECTOR('',#1933,10.);
#578=VECTOR('',#1936,10.);
#579=VECTOR('',#1939,10.);
#580=VECTOR('',#1942,10.);
#581=VECTOR('',#1945,10.);
#582=VECTOR('',#1948,10.);
#583=VECTOR('',#1951,10.);
#584=VECTOR('',#1956,10.);
#585=VECTOR('',#1965,4.09999999999997);
#586=VECTOR('',#1976,1.59999999999997);
#587=VECTOR('',#1981,3.59999999999999);
#588=VECTOR('',#1992,4.09999999999997);
#589=VECTOR('',#2003,1.59999999999997);
#590=VECTOR('',#2008,3.59999999999999);
#591=VECTOR('',#2019,4.09999999999997);
#592=VECTOR('',#2030,1.59999999999997);
#593=VECTOR('',#2035,3.59999999999999);
#594=VECTOR('',#2046,4.09999999999997);
#595=VECTOR('',#2055,1.59999999999997);
#596=VECTOR('',#2062,3.59999999999999);
#597=VECTOR('',#2073,4.09999999999997);
#598=VECTOR('',#2084,1.59999999999997);
#599=VECTOR('',#2089,3.59999999999999);
#600=VECTOR('',#2108,4.09999999999997);
#601=VECTOR('',#2113,1.6);
#602=VECTOR('',#2118,3.59999999999999);
#603=CIRCLE('',#1509,4.1);
#604=CIRCLE('',#1510,2.09999999999997);
#605=CIRCLE('',#1512,3.);
#606=CIRCLE('',#1513,3.);
#607=CIRCLE('',#1514,3.);
#608=CIRCLE('',#1515,3.);
#609=CIRCLE('',#1516,3.);
#610=CIRCLE('',#1517,4.1);
#611=CIRCLE('',#1518,4.1);
#612=CIRCLE('',#1519,4.1);
#613=CIRCLE('',#1520,4.1);
#614=CIRCLE('',#1521,4.1);
#615=CIRCLE('',#1523,2.09999999999997);
#616=CIRCLE('',#1525,2.09999999999997);
#617=CIRCLE('',#1527,2.09999999999997);
#618=CIRCLE('',#1529,2.09999999999997);
#619=CIRCLE('',#1531,2.09999999999997);
#620=CIRCLE('',#1533,2.09999999999997);
#621=CIRCLE('',#1535,2.09999999999997);
#622=CIRCLE('',#1537,2.09999999999997);
#623=CIRCLE('',#1539,2.09999999999997);
#624=CIRCLE('',#1541,2.09999999999997);
#625=CIRCLE('',#1543,2.09999999999997);
#626=CIRCLE('',#1545,3.);
#627=CIRCLE('',#1548,3.);
#628=CIRCLE('',#1549,3.);
#629=CIRCLE('',#1550,3.);
#630=CIRCLE('',#1551,3.);
#631=CIRCLE('',#1556,3.75);
#632=CIRCLE('',#1557,3.75);
#633=CIRCLE('',#1558,3.75);
#634=CIRCLE('',#1559,3.75);
#635=CIRCLE('',#1566,3.75);
#636=CIRCLE('',#1569,3.75);
#637=CIRCLE('',#1572,3.75);
#638=CIRCLE('',#1575,3.75);
#639=CIRCLE('',#1598,4.09999999999997);
#640=CIRCLE('',#1599,4.09999999999997);
#641=CIRCLE('',#1601,3.59999999999999);
#642=CIRCLE('',#1603,1.59999999999997);
#643=CIRCLE('',#1604,1.59999999999997);
#644=CIRCLE('',#1606,3.59999999999999);
#645=CIRCLE('',#1610,4.09999999999997);
#646=CIRCLE('',#1611,4.09999999999997);
#647=CIRCLE('',#1613,3.59999999999999);
#648=CIRCLE('',#1615,1.59999999999997);
#649=CIRCLE('',#1616,1.59999999999997);
#650=CIRCLE('',#1618,3.59999999999999);
#651=CIRCLE('',#1622,4.09999999999997);
#652=CIRCLE('',#1623,4.09999999999997);
#653=CIRCLE('',#1625,3.59999999999999);
#654=CIRCLE('',#1627,1.59999999999997);
#655=CIRCLE('',#1628,1.59999999999997);
#656=CIRCLE('',#1630,3.59999999999999);
#657=CIRCLE('',#1634,4.09999999999997);
#658=CIRCLE('',#1635,4.09999999999997);
#659=CIRCLE('',#1637,1.59999999999997);
#660=CIRCLE('',#1639,1.59999999999997);
#661=CIRCLE('',#1641,3.59999999999999);
#662=CIRCLE('',#1642,3.59999999999999);
#663=CIRCLE('',#1646,4.09999999999997);
#664=CIRCLE('',#1647,4.09999999999997);
#665=CIRCLE('',#1649,3.59999999999999);
#666=CIRCLE('',#1651,1.59999999999997);
#667=CIRCLE('',#1652,1.59999999999997);
#668=CIRCLE('',#1654,3.59999999999999);
#669=CIRCLE('',#1658,4.09999999999997);
#670=CIRCLE('',#1660,4.09999999999997);
#671=CIRCLE('',#1661,3.59999999999999);
#672=CIRCLE('',#1664,1.6);
#673=CIRCLE('',#1665,1.6);
#674=CIRCLE('',#1667,3.59999999999999);
#675=VERTEX_POINT('',#2127);
#676=VERTEX_POINT('',#2129);
#677=VERTEX_POINT('',#2133);
#678=VERTEX_POINT('',#2134);
#679=VERTEX_POINT('',#2136);
#680=VERTEX_POINT('',#2138);
#681=VERTEX_POINT('',#2140);
#682=VERTEX_POINT('',#2142);
#683=VERTEX_POINT('',#2144);
#684=VERTEX_POINT('',#2146);
#685=VERTEX_POINT('',#2148);
#686=VERTEX_POINT('',#2150);
#687=VERTEX_POINT('',#2152);
#688=VERTEX_POINT('',#2154);
#689=VERTEX_POINT('',#2156);
#690=VERTEX_POINT('',#2158);
#691=VERTEX_POINT('',#2160);
#692=VERTEX_POINT('',#2162);
#693=VERTEX_POINT('',#2164);
#694=VERTEX_POINT('',#2166);
#695=VERTEX_POINT('',#2169);
#696=VERTEX_POINT('',#2171);
#697=VERTEX_POINT('',#2173);
#698=VERTEX_POINT('',#2175);
#699=VERTEX_POINT('',#2177);
#700=VERTEX_POINT('',#2180);
#701=VERTEX_POINT('',#2184);
#702=VERTEX_POINT('',#2188);
#703=VERTEX_POINT('',#2192);
#704=VERTEX_POINT('',#2196);
#705=VERTEX_POINT('',#2200);
#706=VERTEX_POINT('',#2204);
#707=VERTEX_POINT('',#2208);
#708=VERTEX_POINT('',#2212);
#709=VERTEX_POINT('',#2216);
#710=VERTEX_POINT('',#2220);
#711=VERTEX_POINT('',#2224);
#712=VERTEX_POINT('',#2225);
#713=VERTEX_POINT('',#2230);
#714=VERTEX_POINT('',#2234);
#715=VERTEX_POINT('',#2236);
#716=VERTEX_POINT('',#2238);
#717=VERTEX_POINT('',#2240);
#718=VERTEX_POINT('',#2242);
#719=VERTEX_POINT('',#2244);
#720=VERTEX_POINT('',#2246);
#721=VERTEX_POINT('',#2248);
#722=VERTEX_POINT('',#2250);
#723=VERTEX_POINT('',#2252);
#724=VERTEX_POINT('',#2254);
#725=VERTEX_POINT('',#2256);
#726=VERTEX_POINT('',#2258);
#727=VERTEX_POINT('',#2260);
#728=VERTEX_POINT('',#2262);
#729=VERTEX_POINT('',#2265);
#730=VERTEX_POINT('',#2266);
#731=VERTEX_POINT('',#2268);
#732=VERTEX_POINT('',#2270);
#733=VERTEX_POINT('',#2272);
#734=VERTEX_POINT('',#2274);
#735=VERTEX_POINT('',#2276);
#736=VERTEX_POINT('',#2278);
#737=VERTEX_POINT('',#2280);
#738=VERTEX_POINT('',#2282);
#739=VERTEX_POINT('',#2284);
#740=VERTEX_POINT('',#2286);
#741=VERTEX_POINT('',#2288);
#742=VERTEX_POINT('',#2299);
#743=VERTEX_POINT('',#2300);
#744=VERTEX_POINT('',#2302);
#745=VERTEX_POINT('',#2304);
#746=VERTEX_POINT('',#2306);
#747=VERTEX_POINT('',#2308);
#748=VERTEX_POINT('',#2310);
#749=VERTEX_POINT('',#2312);
#750=VERTEX_POINT('',#2326);
#751=VERTEX_POINT('',#2327);
#752=VERTEX_POINT('',#2332);
#753=VERTEX_POINT('',#2336);
#754=VERTEX_POINT('',#2340);
#755=VERTEX_POINT('',#2344);
#756=VERTEX_POINT('',#2348);
#757=VERTEX_POINT('',#2352);
#758=VERTEX_POINT('',#2358);
#759=VERTEX_POINT('',#2359);
#760=VERTEX_POINT('',#2364);
#761=VERTEX_POINT('',#2368);
#762=VERTEX_POINT('',#2372);
#763=VERTEX_POINT('',#2376);
#764=VERTEX_POINT('',#2380);
#765=VERTEX_POINT('',#2384);
#766=VERTEX_POINT('',#2385);
#767=VERTEX_POINT('',#2390);
#768=VERTEX_POINT('',#2394);
#769=VERTEX_POINT('',#2398);
#770=VERTEX_POINT('',#2402);
#771=VERTEX_POINT('',#2423);
#772=VERTEX_POINT('',#2425);
#773=VERTEX_POINT('',#2429);
#774=VERTEX_POINT('',#2432);
#775=VERTEX_POINT('',#2434);
#776=VERTEX_POINT('',#2438);
#777=VERTEX_POINT('',#2444);
#778=VERTEX_POINT('',#2446);
#779=VERTEX_POINT('',#2450);
#780=VERTEX_POINT('',#2453);
#781=VERTEX_POINT('',#2455);
#782=VERTEX_POINT('',#2459);
#783=VERTEX_POINT('',#2465);
#784=VERTEX_POINT('',#2467);
#785=VERTEX_POINT('',#2471);
#786=VERTEX_POINT('',#2474);
#787=VERTEX_POINT('',#2476);
#788=VERTEX_POINT('',#2480);
#789=VERTEX_POINT('',#2486);
#790=VERTEX_POINT('',#2488);
#791=VERTEX_POINT('',#2492);
#792=VERTEX_POINT('',#2495);
#793=VERTEX_POINT('',#2499);
#794=VERTEX_POINT('',#2501);
#795=VERTEX_POINT('',#2507);
#796=VERTEX_POINT('',#2509);
#797=VERTEX_POINT('',#2513);
#798=VERTEX_POINT('',#2516);
#799=VERTEX_POINT('',#2518);
#800=VERTEX_POINT('',#2522);
#801=VERTEX_POINT('',#2528);
#802=VERTEX_POINT('',#2531);
#803=VERTEX_POINT('',#2533);
#804=VERTEX_POINT('',#2538);
#805=VERTEX_POINT('',#2540);
#806=VERTEX_POINT('',#2544);
#807=EDGE_CURVE('',#675,#675,#603,.T.);
#808=EDGE_CURVE('',#675,#676,#345,.T.);
#809=EDGE_CURVE('',#676,#676,#604,.T.);
#810=EDGE_CURVE('',#677,#678,#605,.T.);
#811=EDGE_CURVE('',#677,#679,#346,.T.);
#812=EDGE_CURVE('',#680,#679,#606,.T.);
#813=EDGE_CURVE('',#680,#681,#347,.T.);
#814=EDGE_CURVE('',#681,#682,#348,.T.);
#815=EDGE_CURVE('',#683,#682,#607,.T.);
#816=EDGE_CURVE('',#683,#684,#349,.T.);
#817=EDGE_CURVE('',#684,#685,#350,.T.);
#818=EDGE_CURVE('',#685,#686,#351,.T.);
#819=EDGE_CURVE('',#687,#686,#608,.T.);
#820=EDGE_CURVE('',#687,#688,#352,.T.);
#821=EDGE_CURVE('',#688,#689,#353,.T.);
#822=EDGE_CURVE('',#689,#690,#354,.T.);
#823=EDGE_CURVE('',#690,#691,#355,.T.);
#824=EDGE_CURVE('',#691,#692,#356,.T.);
#825=EDGE_CURVE('',#692,#693,#357,.T.);
#826=EDGE_CURVE('',#694,#693,#609,.T.);
#827=EDGE_CURVE('',#694,#678,#358,.T.);
#828=EDGE_CURVE('',#695,#695,#610,.T.);
#829=EDGE_CURVE('',#696,#696,#611,.T.);
#830=EDGE_CURVE('',#697,#697,#612,.T.);
#831=EDGE_CURVE('',#698,#698,#613,.T.);
#832=EDGE_CURVE('',#699,#699,#614,.T.);
#833=EDGE_CURVE('',#676,#700,#359,.T.);
#834=EDGE_CURVE('',#700,#700,#615,.T.);
#835=EDGE_CURVE('',#695,#701,#360,.T.);
#836=EDGE_CURVE('',#701,#701,#616,.T.);
#837=EDGE_CURVE('',#701,#702,#361,.T.);
#838=EDGE_CURVE('',#702,#702,#617,.T.);
#839=EDGE_CURVE('',#699,#703,#362,.T.);
#840=EDGE_CURVE('',#703,#703,#618,.T.);
#841=EDGE_CURVE('',#703,#704,#363,.T.);
#842=EDGE_CURVE('',#704,#704,#619,.T.);
#843=EDGE_CURVE('',#696,#705,#364,.T.);
#844=EDGE_CURVE('',#705,#705,#620,.T.);
#845=EDGE_CURVE('',#705,#706,#365,.T.);
#846=EDGE_CURVE('',#706,#706,#621,.T.);
#847=EDGE_CURVE('',#698,#707,#366,.T.);
#848=EDGE_CURVE('',#707,#707,#622,.T.);
#849=EDGE_CURVE('',#707,#708,#367,.T.);
#850=EDGE_CURVE('',#708,#708,#623,.T.);
#851=EDGE_CURVE('',#697,#709,#368,.T.);
#852=EDGE_CURVE('',#709,#709,#624,.T.);
#853=EDGE_CURVE('',#709,#710,#369,.T.);
#854=EDGE_CURVE('',#710,#710,#625,.T.);
#855=EDGE_CURVE('',#711,#712,#626,.T.);
#856=EDGE_CURVE('',#712,#677,#370,.T.);
#857=EDGE_CURVE('',#678,#711,#371,.T.);
#858=EDGE_CURVE('',#713,#712,#372,.T.);
#859=EDGE_CURVE('',#679,#713,#373,.T.);
#860=EDGE_CURVE('',#711,#714,#374,.T.);
#861=EDGE_CURVE('',#715,#714,#627,.T.);
#862=EDGE_CURVE('',#715,#716,#375,.T.);
#863=EDGE_CURVE('',#716,#717,#376,.T.);
#864=EDGE_CURVE('',#717,#718,#377,.T.);
#865=EDGE_CURVE('',#718,#719,#378,.T.);
#866=EDGE_CURVE('',#719,#720,#379,.T.);
#867=EDGE_CURVE('',#720,#721,#380,.T.);
#868=EDGE_CURVE('',#722,#721,#628,.T.);
#869=EDGE_CURVE('',#722,#723,#381,.T.);
#870=EDGE_CURVE('',#723,#724,#382,.T.);
#871=EDGE_CURVE('',#724,#725,#383,.T.);
#872=EDGE_CURVE('',#726,#725,#629,.T.);
#873=EDGE_CURVE('',#726,#727,#384,.T.);
#874=EDGE_CURVE('',#727,#728,#385,.T.);
#875=EDGE_CURVE('',#713,#728,#630,.T.);
#876=EDGE_CURVE('',#729,#730,#386,.T.);
#877=EDGE_CURVE('',#730,#731,#387,.T.);
#878=EDGE_CURVE('',#731,#732,#388,.T.);
#879=EDGE_CURVE('',#732,#733,#389,.T.);
#880=EDGE_CURVE('',#733,#734,#390,.T.);
#881=EDGE_CURVE('',#734,#735,#391,.T.);
#882=EDGE_CURVE('',#735,#736,#392,.T.);
#883=EDGE_CURVE('',#736,#737,#393,.T.);
#884=EDGE_CURVE('',#737,#738,#394,.T.);
#885=EDGE_CURVE('',#738,#739,#395,.T.);
#886=EDGE_CURVE('',#739,#740,#396,.T.);
#887=EDGE_CURVE('',#740,#741,#397,.T.);
#888=EDGE_CURVE('',#741,#729,#398,.T.);
#889=EDGE_CURVE('',#728,#680,#399,.T.);
#890=EDGE_CURVE('',#727,#681,#400,.T.);
#891=EDGE_CURVE('',#714,#694,#401,.T.);
#892=EDGE_CURVE('',#693,#715,#402,.T.);
#893=EDGE_CURVE('',#742,#743,#403,.T.);
#894=EDGE_CURVE('',#743,#744,#631,.T.);
#895=EDGE_CURVE('',#744,#745,#404,.T.);
#896=EDGE_CURVE('',#745,#746,#632,.T.);
#897=EDGE_CURVE('',#746,#747,#405,.T.);
#898=EDGE_CURVE('',#747,#748,#633,.T.);
#899=EDGE_CURVE('',#748,#749,#406,.T.);
#900=EDGE_CURVE('',#749,#742,#634,.T.);
#901=EDGE_CURVE('',#725,#683,#407,.T.);
#902=EDGE_CURVE('',#682,#726,#408,.T.);
#903=EDGE_CURVE('',#684,#724,#409,.T.);
#904=EDGE_CURVE('',#721,#687,#410,.T.);
#905=EDGE_CURVE('',#686,#722,#411,.T.);
#906=EDGE_CURVE('',#688,#720,#412,.T.);
#907=EDGE_CURVE('',#750,#751,#413,.T.);
#908=EDGE_CURVE('',#750,#747,#414,.T.);
#909=EDGE_CURVE('',#751,#746,#415,.T.);
#910=EDGE_CURVE('',#751,#752,#635,.T.);
#911=EDGE_CURVE('',#752,#745,#416,.T.);
#912=EDGE_CURVE('',#752,#753,#417,.T.);
#913=EDGE_CURVE('',#753,#744,#418,.T.);
#914=EDGE_CURVE('',#753,#754,#636,.T.);
#915=EDGE_CURVE('',#754,#743,#419,.T.);
#916=EDGE_CURVE('',#754,#755,#420,.T.);
#917=EDGE_CURVE('',#742,#755,#421,.T.);
#918=EDGE_CURVE('',#756,#750,#637,.T.);
#919=EDGE_CURVE('',#756,#748,#422,.T.);
#920=EDGE_CURVE('',#757,#756,#423,.T.);
#921=EDGE_CURVE('',#757,#749,#424,.T.);
#922=EDGE_CURVE('',#755,#757,#638,.T.);
#923=EDGE_CURVE('',#758,#759,#425,.T.);
#924=EDGE_CURVE('',#758,#737,#426,.T.);
#925=EDGE_CURVE('',#759,#736,#427,.T.);
#926=EDGE_CURVE('',#760,#758,#428,.T.);
#927=EDGE_CURVE('',#760,#738,#429,.T.);
#928=EDGE_CURVE('',#761,#760,#430,.T.);
#929=EDGE_CURVE('',#761,#739,#431,.T.);
#930=EDGE_CURVE('',#762,#761,#432,.T.);
#931=EDGE_CURVE('',#762,#740,#433,.T.);
#932=EDGE_CURVE('',#763,#762,#434,.T.);
#933=EDGE_CURVE('',#763,#741,#435,.T.);
#934=EDGE_CURVE('',#764,#763,#436,.T.);
#935=EDGE_CURVE('',#729,#764,#437,.T.);
#936=EDGE_CURVE('',#765,#766,#438,.T.);
#937=EDGE_CURVE('',#765,#731,#439,.T.);
#938=EDGE_CURVE('',#766,#730,#440,.T.);
#939=EDGE_CURVE('',#767,#765,#441,.T.);
#940=EDGE_CURVE('',#767,#732,#442,.T.);
#941=EDGE_CURVE('',#768,#767,#443,.T.);
#942=EDGE_CURVE('',#768,#733,#444,.T.);
#943=EDGE_CURVE('',#769,#768,#445,.T.);
#944=EDGE_CURVE('',#769,#734,#446,.T.);
#945=EDGE_CURVE('',#770,#769,#447,.T.);
#946=EDGE_CURVE('',#770,#735,#448,.T.);
#947=EDGE_CURVE('',#759,#770,#449,.T.);
#948=EDGE_CURVE('',#766,#764,#450,.T.);
#949=EDGE_CURVE('',#692,#716,#451,.T.);
#950=EDGE_CURVE('',#691,#717,#452,.T.);
#951=EDGE_CURVE('',#690,#718,#453,.T.);
#952=EDGE_CURVE('',#689,#719,#454,.T.);
#953=EDGE_CURVE('',#685,#723,#455,.T.);
#954=EDGE_CURVE('',#771,#771,#639,.T.);
#955=EDGE_CURVE('',#771,#772,#456,.T.);
#956=EDGE_CURVE('',#772,#772,#640,.T.);
#957=EDGE_CURVE('',#773,#773,#641,.T.);
#958=EDGE_CURVE('',#774,#774,#642,.T.);
#959=EDGE_CURVE('',#774,#775,#457,.T.);
#960=EDGE_CURVE('',#775,#775,#643,.T.);
#961=EDGE_CURVE('',#773,#776,#458,.T.);
#962=EDGE_CURVE('',#776,#776,#644,.T.);
#963=EDGE_CURVE('',#777,#777,#645,.T.);
#964=EDGE_CURVE('',#777,#778,#459,.T.);
#965=EDGE_CURVE('',#778,#778,#646,.T.);
#966=EDGE_CURVE('',#779,#779,#647,.T.);
#967=EDGE_CURVE('',#780,#780,#648,.T.);
#968=EDGE_CURVE('',#780,#781,#460,.T.);
#969=EDGE_CURVE('',#781,#781,#649,.T.);
#970=EDGE_CURVE('',#779,#782,#461,.T.);
#971=EDGE_CURVE('',#782,#782,#650,.T.);
#972=EDGE_CURVE('',#783,#783,#651,.T.);
#973=EDGE_CURVE('',#783,#784,#462,.T.);
#974=EDGE_CURVE('',#784,#784,#652,.T.);
#975=EDGE_CURVE('',#785,#785,#653,.T.);
#976=EDGE_CURVE('',#786,#786,#654,.T.);
#977=EDGE_CURVE('',#786,#787,#463,.T.);
#978=EDGE_CURVE('',#787,#787,#655,.T.);
#979=EDGE_CURVE('',#785,#788,#464,.T.);
#980=EDGE_CURVE('',#788,#788,#656,.T.);
#981=EDGE_CURVE('',#789,#789,#657,.T.);
#982=EDGE_CURVE('',#789,#790,#465,.T.);
#983=EDGE_CURVE('',#790,#790,#658,.T.);
#984=EDGE_CURVE('',#791,#791,#659,.T.);
#985=EDGE_CURVE('',#791,#792,#466,.T.);
#986=EDGE_CURVE('',#792,#792,#660,.T.);
#987=EDGE_CURVE('',#793,#793,#661,.T.);
#988=EDGE_CURVE('',#793,#794,#467,.T.);
#989=EDGE_CURVE('',#794,#794,#662,.T.);
#990=EDGE_CURVE('',#795,#795,#663,.T.);
#991=EDGE_CURVE('',#795,#796,#468,.T.);
#992=EDGE_CURVE('',#796,#796,#664,.T.);
#993=EDGE_CURVE('',#797,#797,#665,.T.);
#994=EDGE_CURVE('',#798,#798,#666,.T.);
#995=EDGE_CURVE('',#798,#799,#469,.T.);
#996=EDGE_CURVE('',#799,#799,#667,.T.);
#997=EDGE_CURVE('',#797,#800,#470,.T.);
#998=EDGE_CURVE('',#800,#800,#668,.T.);
#999=EDGE_CURVE('',#801,#801,#669,.T.);
#1000=EDGE_CURVE('',#802,#802,#670,.T.);
#1001=EDGE_CURVE('',#803,#803,#671,.T.);
#1002=EDGE_CURVE('',#801,#802,#471,.T.);
#1003=EDGE_CURVE('',#804,#804,#672,.T.);
#1004=EDGE_CURVE('',#804,#805,#472,.T.);
#1005=EDGE_CURVE('',#805,#805,#673,.T.);
#1006=EDGE_CURVE('',#803,#806,#473,.T.);
#1007=EDGE_CURVE('',#806,#806,#674,.T.);
#1008=ORIENTED_EDGE('',*,*,#807,.T.);
#1009=ORIENTED_EDGE('',*,*,#808,.T.);
#1010=ORIENTED_EDGE('',*,*,#809,.T.);
#1011=ORIENTED_EDGE('',*,*,#808,.F.);
#1012=ORIENTED_EDGE('',*,*,#810,.F.);
#1013=ORIENTED_EDGE('',*,*,#811,.T.);
#1014=ORIENTED_EDGE('',*,*,#812,.F.);
#1015=ORIENTED_EDGE('',*,*,#813,.T.);
#1016=ORIENTED_EDGE('',*,*,#814,.T.);
#1017=ORIENTED_EDGE('',*,*,#815,.F.);
#1018=ORIENTED_EDGE('',*,*,#816,.T.);
#1019=ORIENTED_EDGE('',*,*,#817,.T.);
#1020=ORIENTED_EDGE('',*,*,#818,.T.);
#1021=ORIENTED_EDGE('',*,*,#819,.F.);
#1022=ORIENTED_EDGE('',*,*,#820,.T.);
#1023=ORIENTED_EDGE('',*,*,#821,.T.);
#1024=ORIENTED_EDGE('',*,*,#822,.T.);
#1025=ORIENTED_EDGE('',*,*,#823,.T.);
#1026=ORIENTED_EDGE('',*,*,#824,.T.);
#1027=ORIENTED_EDGE('',*,*,#825,.T.);
#1028=ORIENTED_EDGE('',*,*,#826,.F.);
#1029=ORIENTED_EDGE('',*,*,#827,.T.);
#1030=ORIENTED_EDGE('',*,*,#828,.F.);
#1031=ORIENTED_EDGE('',*,*,#829,.F.);
#1032=ORIENTED_EDGE('',*,*,#830,.F.);
#1033=ORIENTED_EDGE('',*,*,#831,.F.);
#1034=ORIENTED_EDGE('',*,*,#832,.F.);
#1035=ORIENTED_EDGE('',*,*,#807,.F.);
#1036=ORIENTED_EDGE('',*,*,#809,.F.);
#1037=ORIENTED_EDGE('',*,*,#833,.T.);
#1038=ORIENTED_EDGE('',*,*,#834,.F.);
#1039=ORIENTED_EDGE('',*,*,#833,.F.);
#1040=ORIENTED_EDGE('',*,*,#828,.T.);
#1041=ORIENTED_EDGE('',*,*,#835,.T.);
#1042=ORIENTED_EDGE('',*,*,#836,.T.);
#1043=ORIENTED_EDGE('',*,*,#835,.F.);
#1044=ORIENTED_EDGE('',*,*,#836,.F.);
#1045=ORIENTED_EDGE('',*,*,#837,.T.);
#1046=ORIENTED_EDGE('',*,*,#838,.F.);
#1047=ORIENTED_EDGE('',*,*,#837,.F.);
#1048=ORIENTED_EDGE('',*,*,#832,.T.);
#1049=ORIENTED_EDGE('',*,*,#839,.T.);
#1050=ORIENTED_EDGE('',*,*,#840,.T.);
#1051=ORIENTED_EDGE('',*,*,#839,.F.);
#1052=ORIENTED_EDGE('',*,*,#840,.F.);
#1053=ORIENTED_EDGE('',*,*,#841,.T.);
#1054=ORIENTED_EDGE('',*,*,#842,.T.);
#1055=ORIENTED_EDGE('',*,*,#841,.F.);
#1056=ORIENTED_EDGE('',*,*,#829,.T.);
#1057=ORIENTED_EDGE('',*,*,#843,.T.);
#1058=ORIENTED_EDGE('',*,*,#844,.T.);
#1059=ORIENTED_EDGE('',*,*,#843,.F.);
#1060=ORIENTED_EDGE('',*,*,#844,.F.);
#1061=ORIENTED_EDGE('',*,*,#845,.T.);
#1062=ORIENTED_EDGE('',*,*,#846,.F.);
#1063=ORIENTED_EDGE('',*,*,#845,.F.);
#1064=ORIENTED_EDGE('',*,*,#831,.T.);
#1065=ORIENTED_EDGE('',*,*,#847,.T.);
#1066=ORIENTED_EDGE('',*,*,#848,.T.);
#1067=ORIENTED_EDGE('',*,*,#847,.F.);
#1068=ORIENTED_EDGE('',*,*,#848,.F.);
#1069=ORIENTED_EDGE('',*,*,#849,.T.);
#1070=ORIENTED_EDGE('',*,*,#850,.F.);
#1071=ORIENTED_EDGE('',*,*,#849,.F.);
#1072=ORIENTED_EDGE('',*,*,#830,.T.);
#1073=ORIENTED_EDGE('',*,*,#851,.T.);
#1074=ORIENTED_EDGE('',*,*,#852,.T.);
#1075=ORIENTED_EDGE('',*,*,#851,.F.);
#1076=ORIENTED_EDGE('',*,*,#852,.F.);
#1077=ORIENTED_EDGE('',*,*,#853,.T.);
#1078=ORIENTED_EDGE('',*,*,#854,.F.);
#1079=ORIENTED_EDGE('',*,*,#853,.F.);
#1080=ORIENTED_EDGE('',*,*,#855,.T.);
#1081=ORIENTED_EDGE('',*,*,#856,.T.);
#1082=ORIENTED_EDGE('',*,*,#810,.T.);
#1083=ORIENTED_EDGE('',*,*,#857,.T.);
#1084=ORIENTED_EDGE('',*,*,#856,.F.);
#1085=ORIENTED_EDGE('',*,*,#858,.F.);
#1086=ORIENTED_EDGE('',*,*,#859,.F.);
#1087=ORIENTED_EDGE('',*,*,#811,.F.);
#1088=ORIENTED_EDGE('',*,*,#855,.F.);
#1089=ORIENTED_EDGE('',*,*,#860,.T.);
#1090=ORIENTED_EDGE('',*,*,#861,.F.);
#1091=ORIENTED_EDGE('',*,*,#862,.T.);
#1092=ORIENTED_EDGE('',*,*,#863,.T.);
#1093=ORIENTED_EDGE('',*,*,#864,.T.);
#1094=ORIENTED_EDGE('',*,*,#865,.T.);
#1095=ORIENTED_EDGE('',*,*,#866,.T.);
#1096=ORIENTED_EDGE('',*,*,#867,.T.);
#1097=ORIENTED_EDGE('',*,*,#868,.F.);
#1098=ORIENTED_EDGE('',*,*,#869,.T.);
#1099=ORIENTED_EDGE('',*,*,#870,.T.);
#1100=ORIENTED_EDGE('',*,*,#871,.T.);
#1101=ORIENTED_EDGE('',*,*,#872,.F.);
#1102=ORIENTED_EDGE('',*,*,#873,.T.);
#1103=ORIENTED_EDGE('',*,*,#874,.T.);
#1104=ORIENTED_EDGE('',*,*,#875,.F.);
#1105=ORIENTED_EDGE('',*,*,#858,.T.);
#1106=ORIENTED_EDGE('',*,*,#876,.T.);
#1107=ORIENTED_EDGE('',*,*,#877,.T.);
#1108=ORIENTED_EDGE('',*,*,#878,.T.);
#1109=ORIENTED_EDGE('',*,*,#879,.T.);
#1110=ORIENTED_EDGE('',*,*,#880,.T.);
#1111=ORIENTED_EDGE('',*,*,#881,.T.);
#1112=ORIENTED_EDGE('',*,*,#882,.T.);
#1113=ORIENTED_EDGE('',*,*,#883,.T.);
#1114=ORIENTED_EDGE('',*,*,#884,.T.);
#1115=ORIENTED_EDGE('',*,*,#885,.T.);
#1116=ORIENTED_EDGE('',*,*,#886,.T.);
#1117=ORIENTED_EDGE('',*,*,#887,.T.);
#1118=ORIENTED_EDGE('',*,*,#888,.T.);
#1119=ORIENTED_EDGE('',*,*,#875,.T.);
#1120=ORIENTED_EDGE('',*,*,#889,.T.);
#1121=ORIENTED_EDGE('',*,*,#812,.T.);
#1122=ORIENTED_EDGE('',*,*,#859,.T.);
#1123=ORIENTED_EDGE('',*,*,#889,.F.);
#1124=ORIENTED_EDGE('',*,*,#874,.F.);
#1125=ORIENTED_EDGE('',*,*,#890,.T.);
#1126=ORIENTED_EDGE('',*,*,#813,.F.);
#1127=ORIENTED_EDGE('',*,*,#861,.T.);
#1128=ORIENTED_EDGE('',*,*,#891,.T.);
#1129=ORIENTED_EDGE('',*,*,#826,.T.);
#1130=ORIENTED_EDGE('',*,*,#892,.T.);
#1131=ORIENTED_EDGE('',*,*,#857,.F.);
#1132=ORIENTED_EDGE('',*,*,#827,.F.);
#1133=ORIENTED_EDGE('',*,*,#891,.F.);
#1134=ORIENTED_EDGE('',*,*,#860,.F.);
#1135=ORIENTED_EDGE('',*,*,#893,.T.);
#1136=ORIENTED_EDGE('',*,*,#894,.T.);
#1137=ORIENTED_EDGE('',*,*,#895,.T.);
#1138=ORIENTED_EDGE('',*,*,#896,.T.);
#1139=ORIENTED_EDGE('',*,*,#897,.T.);
#1140=ORIENTED_EDGE('',*,*,#898,.T.);
#1141=ORIENTED_EDGE('',*,*,#899,.T.);
#1142=ORIENTED_EDGE('',*,*,#900,.T.);
#1143=ORIENTED_EDGE('',*,*,#872,.T.);
#1144=ORIENTED_EDGE('',*,*,#901,.T.);
#1145=ORIENTED_EDGE('',*,*,#815,.T.);
#1146=ORIENTED_EDGE('',*,*,#902,.T.);
#1147=ORIENTED_EDGE('',*,*,#901,.F.);
#1148=ORIENTED_EDGE('',*,*,#871,.F.);
#1149=ORIENTED_EDGE('',*,*,#903,.F.);
#1150=ORIENTED_EDGE('',*,*,#816,.F.);
#1151=ORIENTED_EDGE('',*,*,#868,.T.);
#1152=ORIENTED_EDGE('',*,*,#904,.T.);
#1153=ORIENTED_EDGE('',*,*,#819,.T.);
#1154=ORIENTED_EDGE('',*,*,#905,.T.);
#1155=ORIENTED_EDGE('',*,*,#904,.F.);
#1156=ORIENTED_EDGE('',*,*,#867,.F.);
#1157=ORIENTED_EDGE('',*,*,#906,.F.);
#1158=ORIENTED_EDGE('',*,*,#820,.F.);
#1159=ORIENTED_EDGE('',*,*,#907,.F.);
#1160=ORIENTED_EDGE('',*,*,#908,.T.);
#1161=ORIENTED_EDGE('',*,*,#897,.F.);
#1162=ORIENTED_EDGE('',*,*,#909,.F.);
#1163=ORIENTED_EDGE('',*,*,#910,.F.);
#1164=ORIENTED_EDGE('',*,*,#909,.T.);
#1165=ORIENTED_EDGE('',*,*,#896,.F.);
#1166=ORIENTED_EDGE('',*,*,#911,.F.);
#1167=ORIENTED_EDGE('',*,*,#912,.F.);
#1168=ORIENTED_EDGE('',*,*,#911,.T.);
#1169=ORIENTED_EDGE('',*,*,#895,.F.);
#1170=ORIENTED_EDGE('',*,*,#913,.F.);
#1171=ORIENTED_EDGE('',*,*,#914,.F.);
#1172=ORIENTED_EDGE('',*,*,#913,.T.);
#1173=ORIENTED_EDGE('',*,*,#894,.F.);
#1174=ORIENTED_EDGE('',*,*,#915,.F.);
#1175=ORIENTED_EDGE('',*,*,#916,.F.);
#1176=ORIENTED_EDGE('',*,*,#915,.T.);
#1177=ORIENTED_EDGE('',*,*,#893,.F.);
#1178=ORIENTED_EDGE('',*,*,#917,.T.);
#1179=ORIENTED_EDGE('',*,*,#918,.F.);
#1180=ORIENTED_EDGE('',*,*,#919,.T.);
#1181=ORIENTED_EDGE('',*,*,#898,.F.);
#1182=ORIENTED_EDGE('',*,*,#908,.F.);
#1183=ORIENTED_EDGE('',*,*,#920,.F.);
#1184=ORIENTED_EDGE('',*,*,#921,.T.);
#1185=ORIENTED_EDGE('',*,*,#899,.F.);
#1186=ORIENTED_EDGE('',*,*,#919,.F.);
#1187=ORIENTED_EDGE('',*,*,#922,.F.);
#1188=ORIENTED_EDGE('',*,*,#917,.F.);
#1189=ORIENTED_EDGE('',*,*,#900,.F.);
#1190=ORIENTED_EDGE('',*,*,#921,.F.);
#1191=ORIENTED_EDGE('',*,*,#923,.F.);
#1192=ORIENTED_EDGE('',*,*,#924,.T.);
#1193=ORIENTED_EDGE('',*,*,#883,.F.);
#1194=ORIENTED_EDGE('',*,*,#925,.F.);
#1195=ORIENTED_EDGE('',*,*,#926,.F.);
#1196=ORIENTED_EDGE('',*,*,#927,.T.);
#1197=ORIENTED_EDGE('',*,*,#884,.F.);
#1198=ORIENTED_EDGE('',*,*,#924,.F.);
#1199=ORIENTED_EDGE('',*,*,#928,.F.);
#1200=ORIENTED_EDGE('',*,*,#929,.T.);
#1201=ORIENTED_EDGE('',*,*,#885,.F.);
#1202=ORIENTED_EDGE('',*,*,#927,.F.);
#1203=ORIENTED_EDGE('',*,*,#930,.F.);
#1204=ORIENTED_EDGE('',*,*,#931,.T.);
#1205=ORIENTED_EDGE('',*,*,#886,.F.);
#1206=ORIENTED_EDGE('',*,*,#929,.F.);
#1207=ORIENTED_EDGE('',*,*,#932,.F.);
#1208=ORIENTED_EDGE('',*,*,#933,.T.);
#1209=ORIENTED_EDGE('',*,*,#887,.F.);
#1210=ORIENTED_EDGE('',*,*,#931,.F.);
#1211=ORIENTED_EDGE('',*,*,#934,.F.);
#1212=ORIENTED_EDGE('',*,*,#935,.F.);
#1213=ORIENTED_EDGE('',*,*,#888,.F.);
#1214=ORIENTED_EDGE('',*,*,#933,.F.);
#1215=ORIENTED_EDGE('',*,*,#936,.F.);
#1216=ORIENTED_EDGE('',*,*,#937,.T.);
#1217=ORIENTED_EDGE('',*,*,#877,.F.);
#1218=ORIENTED_EDGE('',*,*,#938,.F.);
#1219=ORIENTED_EDGE('',*,*,#939,.F.);
#1220=ORIENTED_EDGE('',*,*,#940,.T.);
#1221=ORIENTED_EDGE('',*,*,#878,.F.);
#1222=ORIENTED_EDGE('',*,*,#937,.F.);
#1223=ORIENTED_EDGE('',*,*,#916,.T.);
#1224=ORIENTED_EDGE('',*,*,#922,.T.);
#1225=ORIENTED_EDGE('',*,*,#920,.T.);
#1226=ORIENTED_EDGE('',*,*,#918,.T.);
#1227=ORIENTED_EDGE('',*,*,#907,.T.);
#1228=ORIENTED_EDGE('',*,*,#910,.T.);
#1229=ORIENTED_EDGE('',*,*,#912,.T.);
#1230=ORIENTED_EDGE('',*,*,#914,.T.);
#1231=ORIENTED_EDGE('',*,*,#941,.F.);
#1232=ORIENTED_EDGE('',*,*,#942,.T.);
#1233=ORIENTED_EDGE('',*,*,#879,.F.);
#1234=ORIENTED_EDGE('',*,*,#940,.F.);
#1235=ORIENTED_EDGE('',*,*,#943,.F.);
#1236=ORIENTED_EDGE('',*,*,#944,.T.);
#1237=ORIENTED_EDGE('',*,*,#880,.F.);
#1238=ORIENTED_EDGE('',*,*,#942,.F.);
#1239=ORIENTED_EDGE('',*,*,#945,.F.);
#1240=ORIENTED_EDGE('',*,*,#946,.T.);
#1241=ORIENTED_EDGE('',*,*,#881,.F.);
#1242=ORIENTED_EDGE('',*,*,#944,.F.);
#1243=ORIENTED_EDGE('',*,*,#947,.F.);
#1244=ORIENTED_EDGE('',*,*,#925,.T.);
#1245=ORIENTED_EDGE('',*,*,#882,.F.);
#1246=ORIENTED_EDGE('',*,*,#946,.F.);
#1247=ORIENTED_EDGE('',*,*,#948,.F.);
#1248=ORIENTED_EDGE('',*,*,#938,.T.);
#1249=ORIENTED_EDGE('',*,*,#876,.F.);
#1250=ORIENTED_EDGE('',*,*,#935,.T.);
#1251=ORIENTED_EDGE('',*,*,#892,.F.);
#1252=ORIENTED_EDGE('',*,*,#825,.F.);
#1253=ORIENTED_EDGE('',*,*,#949,.T.);
#1254=ORIENTED_EDGE('',*,*,#862,.F.);
#1255=ORIENTED_EDGE('',*,*,#949,.F.);
#1256=ORIENTED_EDGE('',*,*,#824,.F.);
#1257=ORIENTED_EDGE('',*,*,#950,.T.);
#1258=ORIENTED_EDGE('',*,*,#863,.F.);
#1259=ORIENTED_EDGE('',*,*,#950,.F.);
#1260=ORIENTED_EDGE('',*,*,#823,.F.);
#1261=ORIENTED_EDGE('',*,*,#951,.T.);
#1262=ORIENTED_EDGE('',*,*,#864,.F.);
#1263=ORIENTED_EDGE('',*,*,#951,.F.);
#1264=ORIENTED_EDGE('',*,*,#822,.F.);
#1265=ORIENTED_EDGE('',*,*,#952,.T.);
#1266=ORIENTED_EDGE('',*,*,#865,.F.);
#1267=ORIENTED_EDGE('',*,*,#952,.F.);
#1268=ORIENTED_EDGE('',*,*,#821,.F.);
#1269=ORIENTED_EDGE('',*,*,#906,.T.);
#1270=ORIENTED_EDGE('',*,*,#866,.F.);
#1271=ORIENTED_EDGE('',*,*,#905,.F.);
#1272=ORIENTED_EDGE('',*,*,#818,.F.);
#1273=ORIENTED_EDGE('',*,*,#953,.T.);
#1274=ORIENTED_EDGE('',*,*,#869,.F.);
#1275=ORIENTED_EDGE('',*,*,#953,.F.);
#1276=ORIENTED_EDGE('',*,*,#817,.F.);
#1277=ORIENTED_EDGE('',*,*,#903,.T.);
#1278=ORIENTED_EDGE('',*,*,#870,.F.);
#1279=ORIENTED_EDGE('',*,*,#902,.F.);
#1280=ORIENTED_EDGE('',*,*,#814,.F.);
#1281=ORIENTED_EDGE('',*,*,#890,.F.);
#1282=ORIENTED_EDGE('',*,*,#873,.F.);
#1283=ORIENTED_EDGE('',*,*,#954,.F.);
#1284=ORIENTED_EDGE('',*,*,#955,.T.);
#1285=ORIENTED_EDGE('',*,*,#956,.T.);
#1286=ORIENTED_EDGE('',*,*,#955,.F.);
#1287=ORIENTED_EDGE('',*,*,#956,.F.);
#1288=ORIENTED_EDGE('',*,*,#957,.T.);
#1289=ORIENTED_EDGE('',*,*,#958,.F.);
#1290=ORIENTED_EDGE('',*,*,#959,.T.);
#1291=ORIENTED_EDGE('',*,*,#960,.T.);
#1292=ORIENTED_EDGE('',*,*,#959,.F.);
#1293=ORIENTED_EDGE('',*,*,#957,.F.);
#1294=ORIENTED_EDGE('',*,*,#961,.T.);
#1295=ORIENTED_EDGE('',*,*,#962,.T.);
#1296=ORIENTED_EDGE('',*,*,#961,.F.);
#1297=ORIENTED_EDGE('',*,*,#834,.T.);
#1298=ORIENTED_EDGE('',*,*,#958,.T.);
#1299=ORIENTED_EDGE('',*,*,#962,.F.);
#1300=ORIENTED_EDGE('',*,*,#960,.F.);
#1301=ORIENTED_EDGE('',*,*,#963,.F.);
#1302=ORIENTED_EDGE('',*,*,#964,.T.);
#1303=ORIENTED_EDGE('',*,*,#965,.T.);
#1304=ORIENTED_EDGE('',*,*,#964,.F.);
#1305=ORIENTED_EDGE('',*,*,#965,.F.);
#1306=ORIENTED_EDGE('',*,*,#966,.T.);
#1307=ORIENTED_EDGE('',*,*,#967,.F.);
#1308=ORIENTED_EDGE('',*,*,#968,.T.);
#1309=ORIENTED_EDGE('',*,*,#969,.T.);
#1310=ORIENTED_EDGE('',*,*,#968,.F.);
#1311=ORIENTED_EDGE('',*,*,#966,.F.);
#1312=ORIENTED_EDGE('',*,*,#970,.T.);
#1313=ORIENTED_EDGE('',*,*,#971,.T.);
#1314=ORIENTED_EDGE('',*,*,#970,.F.);
#1315=ORIENTED_EDGE('',*,*,#838,.T.);
#1316=ORIENTED_EDGE('',*,*,#967,.T.);
#1317=ORIENTED_EDGE('',*,*,#971,.F.);
#1318=ORIENTED_EDGE('',*,*,#969,.F.);
#1319=ORIENTED_EDGE('',*,*,#972,.F.);
#1320=ORIENTED_EDGE('',*,*,#973,.T.);
#1321=ORIENTED_EDGE('',*,*,#974,.T.);
#1322=ORIENTED_EDGE('',*,*,#973,.F.);
#1323=ORIENTED_EDGE('',*,*,#974,.F.);
#1324=ORIENTED_EDGE('',*,*,#975,.T.);
#1325=ORIENTED_EDGE('',*,*,#976,.F.);
#1326=ORIENTED_EDGE('',*,*,#977,.T.);
#1327=ORIENTED_EDGE('',*,*,#978,.T.);
#1328=ORIENTED_EDGE('',*,*,#977,.F.);
#1329=ORIENTED_EDGE('',*,*,#975,.F.);
#1330=ORIENTED_EDGE('',*,*,#979,.T.);
#1331=ORIENTED_EDGE('',*,*,#980,.T.);
#1332=ORIENTED_EDGE('',*,*,#979,.F.);
#1333=ORIENTED_EDGE('',*,*,#846,.T.);
#1334=ORIENTED_EDGE('',*,*,#976,.T.);
#1335=ORIENTED_EDGE('',*,*,#980,.F.);
#1336=ORIENTED_EDGE('',*,*,#978,.F.);
#1337=ORIENTED_EDGE('',*,*,#981,.F.);
#1338=ORIENTED_EDGE('',*,*,#982,.T.);
#1339=ORIENTED_EDGE('',*,*,#983,.T.);
#1340=ORIENTED_EDGE('',*,*,#982,.F.);
#1341=ORIENTED_EDGE('',*,*,#842,.F.);
#1342=ORIENTED_EDGE('',*,*,#984,.T.);
#1343=ORIENTED_EDGE('',*,*,#984,.F.);
#1344=ORIENTED_EDGE('',*,*,#985,.T.);
#1345=ORIENTED_EDGE('',*,*,#986,.T.);
#1346=ORIENTED_EDGE('',*,*,#985,.F.);
#1347=ORIENTED_EDGE('',*,*,#987,.F.);
#1348=ORIENTED_EDGE('',*,*,#988,.T.);
#1349=ORIENTED_EDGE('',*,*,#989,.T.);
#1350=ORIENTED_EDGE('',*,*,#988,.F.);
#1351=ORIENTED_EDGE('',*,*,#989,.F.);
#1352=ORIENTED_EDGE('',*,*,#986,.F.);
#1353=ORIENTED_EDGE('',*,*,#983,.F.);
#1354=ORIENTED_EDGE('',*,*,#987,.T.);
#1355=ORIENTED_EDGE('',*,*,#990,.F.);
#1356=ORIENTED_EDGE('',*,*,#991,.T.);
#1357=ORIENTED_EDGE('',*,*,#992,.T.);
#1358=ORIENTED_EDGE('',*,*,#991,.F.);
#1359=ORIENTED_EDGE('',*,*,#992,.F.);
#1360=ORIENTED_EDGE('',*,*,#993,.T.);
#1361=ORIENTED_EDGE('',*,*,#994,.F.);
#1362=ORIENTED_EDGE('',*,*,#995,.T.);
#1363=ORIENTED_EDGE('',*,*,#996,.T.);
#1364=ORIENTED_EDGE('',*,*,#995,.F.);
#1365=ORIENTED_EDGE('',*,*,#993,.F.);
#1366=ORIENTED_EDGE('',*,*,#997,.T.);
#1367=ORIENTED_EDGE('',*,*,#998,.T.);
#1368=ORIENTED_EDGE('',*,*,#997,.F.);
#1369=ORIENTED_EDGE('',*,*,#850,.T.);
#1370=ORIENTED_EDGE('',*,*,#994,.T.);
#1371=ORIENTED_EDGE('',*,*,#998,.F.);
#1372=ORIENTED_EDGE('',*,*,#996,.F.);
#1373=ORIENTED_EDGE('',*,*,#939,.T.);
#1374=ORIENTED_EDGE('',*,*,#936,.T.);
#1375=ORIENTED_EDGE('',*,*,#948,.T.);
#1376=ORIENTED_EDGE('',*,*,#934,.T.);
#1377=ORIENTED_EDGE('',*,*,#932,.T.);
#1378=ORIENTED_EDGE('',*,*,#930,.T.);
#1379=ORIENTED_EDGE('',*,*,#928,.T.);
#1380=ORIENTED_EDGE('',*,*,#926,.T.);
#1381=ORIENTED_EDGE('',*,*,#923,.T.);
#1382=ORIENTED_EDGE('',*,*,#947,.T.);
#1383=ORIENTED_EDGE('',*,*,#945,.T.);
#1384=ORIENTED_EDGE('',*,*,#943,.T.);
#1385=ORIENTED_EDGE('',*,*,#941,.T.);
#1386=ORIENTED_EDGE('',*,*,#963,.T.);
#1387=ORIENTED_EDGE('',*,*,#981,.T.);
#1388=ORIENTED_EDGE('',*,*,#999,.F.);
#1389=ORIENTED_EDGE('',*,*,#990,.T.);
#1390=ORIENTED_EDGE('',*,*,#972,.T.);
#1391=ORIENTED_EDGE('',*,*,#954,.T.);
#1392=ORIENTED_EDGE('',*,*,#1000,.F.);
#1393=ORIENTED_EDGE('',*,*,#1001,.T.);
#1394=ORIENTED_EDGE('',*,*,#999,.T.);
#1395=ORIENTED_EDGE('',*,*,#1002,.T.);
#1396=ORIENTED_EDGE('',*,*,#1000,.T.);
#1397=ORIENTED_EDGE('',*,*,#1002,.F.);
#1398=ORIENTED_EDGE('',*,*,#1003,.F.);
#1399=ORIENTED_EDGE('',*,*,#1004,.T.);
#1400=ORIENTED_EDGE('',*,*,#1005,.T.);
#1401=ORIENTED_EDGE('',*,*,#1004,.F.);
#1402=ORIENTED_EDGE('',*,*,#1001,.F.);
#1403=ORIENTED_EDGE('',*,*,#1006,.T.);
#1404=ORIENTED_EDGE('',*,*,#1007,.T.);
#1405=ORIENTED_EDGE('',*,*,#1006,.F.);
#1406=ORIENTED_EDGE('',*,*,#854,.T.);
#1407=ORIENTED_EDGE('',*,*,#1003,.T.);
#1408=ORIENTED_EDGE('',*,*,#1007,.F.);
#1409=ORIENTED_EDGE('',*,*,#1005,.F.);
#1410=CONICAL_SURFACE('',#1508,3.09999999999999,0.785398163397455);
#1411=CONICAL_SURFACE('',#1524,3.09999999999999,0.785398163397455);
#1412=CONICAL_SURFACE('',#1528,3.09999999999999,0.785398163397455);
#1413=CONICAL_SURFACE('',#1532,3.09999999999999,0.785398163397455);
#1414=CONICAL_SURFACE('',#1536,3.09999999999999,0.785398163397455);
#1415=CONICAL_SURFACE('',#1540,3.09999999999999,0.785398163397455);
#1416=ADVANCED_FACE('',(#132),#1410,.F.);
#1417=ADVANCED_FACE('',(#133,#48,#49,#50,#51,#52,#53),#81,.T.);
#1418=ADVANCED_FACE('',(#134),#15,.F.);
#1419=ADVANCED_FACE('',(#135),#1411,.F.);
#1420=ADVANCED_FACE('',(#136),#16,.F.);
#1421=ADVANCED_FACE('',(#137),#1412,.F.);
#1422=ADVANCED_FACE('',(#138),#17,.F.);
#1423=ADVANCED_FACE('',(#139),#1413,.F.);
#1424=ADVANCED_FACE('',(#140),#18,.F.);
#1425=ADVANCED_FACE('',(#141),#1414,.F.);
#1426=ADVANCED_FACE('',(#142),#19,.F.);
#1427=ADVANCED_FACE('',(#143),#1415,.F.);
#1428=ADVANCED_FACE('',(#144),#20,.F.);
#1429=ADVANCED_FACE('',(#145),#21,.T.);
#1430=ADVANCED_FACE('',(#146),#82,.T.);
#1431=ADVANCED_FACE('',(#147,#54),#83,.T.);
#1432=ADVANCED_FACE('',(#148),#22,.T.);
#1433=ADVANCED_FACE('',(#149),#84,.T.);
#1434=ADVANCED_FACE('',(#150),#23,.T.);
#1435=ADVANCED_FACE('',(#151,#55),#85,.T.);
#1436=ADVANCED_FACE('',(#152),#24,.T.);
#1437=ADVANCED_FACE('',(#153),#86,.T.);
#1438=ADVANCED_FACE('',(#154),#25,.T.);
#1439=ADVANCED_FACE('',(#155),#87,.T.);
#1440=ADVANCED_FACE('',(#156),#88,.F.);
#1441=ADVANCED_FACE('',(#157),#26,.F.);
#1442=ADVANCED_FACE('',(#158),#89,.F.);
#1443=ADVANCED_FACE('',(#159),#27,.F.);
#1444=ADVANCED_FACE('',(#160),#90,.F.);
#1445=ADVANCED_FACE('',(#161),#28,.F.);
#1446=ADVANCED_FACE('',(#162),#91,.F.);
#1447=ADVANCED_FACE('',(#163),#29,.F.);
#1448=ADVANCED_FACE('',(#164),#92,.T.);
#1449=ADVANCED_FACE('',(#165),#93,.T.);
#1450=ADVANCED_FACE('',(#166),#94,.T.);
#1451=ADVANCED_FACE('',(#167),#95,.T.);
#1452=ADVANCED_FACE('',(#168),#96,.T.);
#1453=ADVANCED_FACE('',(#169),#97,.T.);
#1454=ADVANCED_FACE('',(#170),#98,.T.);
#1455=ADVANCED_FACE('',(#171,#56),#99,.T.);
#1456=ADVANCED_FACE('',(#172),#100,.T.);
#1457=ADVANCED_FACE('',(#173),#101,.T.);
#1458=ADVANCED_FACE('',(#174),#102,.T.);
#1459=ADVANCED_FACE('',(#175),#103,.T.);
#1460=ADVANCED_FACE('',(#176),#104,.T.);
#1461=ADVANCED_FACE('',(#177),#105,.T.);
#1462=ADVANCED_FACE('',(#178),#106,.T.);
#1463=ADVANCED_FACE('',(#179),#107,.T.);
#1464=ADVANCED_FACE('',(#180),#108,.T.);
#1465=ADVANCED_FACE('',(#181),#109,.T.);
#1466=ADVANCED_FACE('',(#182),#110,.T.);
#1467=ADVANCED_FACE('',(#183),#111,.T.);
#1468=ADVANCED_FACE('',(#184),#112,.T.);
#1469=ADVANCED_FACE('',(#185),#30,.T.);
#1470=ADVANCED_FACE('',(#186,#57),#113,.F.);
#1471=ADVANCED_FACE('',(#187),#31,.F.);
#1472=ADVANCED_FACE('',(#188),#32,.T.);
#1473=ADVANCED_FACE('',(#189,#58),#114,.T.);
#1474=ADVANCED_FACE('',(#190,#59),#115,.F.);
#1475=ADVANCED_FACE('',(#191),#33,.T.);
#1476=ADVANCED_FACE('',(#192,#60),#116,.F.);
#1477=ADVANCED_FACE('',(#193),#34,.F.);
#1478=ADVANCED_FACE('',(#194),#35,.T.);
#1479=ADVANCED_FACE('',(#195,#61),#117,.T.);
#1480=ADVANCED_FACE('',(#196,#62),#118,.F.);
#1481=ADVANCED_FACE('',(#197),#36,.T.);
#1482=ADVANCED_FACE('',(#198,#63),#119,.F.);
#1483=ADVANCED_FACE('',(#199),#37,.F.);
#1484=ADVANCED_FACE('',(#200),#38,.T.);
#1485=ADVANCED_FACE('',(#201,#64),#120,.T.);
#1486=ADVANCED_FACE('',(#202,#65),#121,.F.);
#1487=ADVANCED_FACE('',(#203),#39,.T.);
#1488=ADVANCED_FACE('',(#204,#66),#122,.T.);
#1489=ADVANCED_FACE('',(#205),#40,.F.);
#1490=ADVANCED_FACE('',(#206),#41,.T.);
#1491=ADVANCED_FACE('',(#207,#67),#123,.F.);
#1492=ADVANCED_FACE('',(#208,#68),#124,.F.);
#1493=ADVANCED_FACE('',(#209),#42,.T.);
#1494=ADVANCED_FACE('',(#210,#69),#125,.F.);
#1495=ADVANCED_FACE('',(#211),#43,.F.);
#1496=ADVANCED_FACE('',(#212),#44,.T.);
#1497=ADVANCED_FACE('',(#213,#70),#126,.T.);
#1498=ADVANCED_FACE('',(#214,#71),#127,.F.);
#1499=ADVANCED_FACE('',(#215,#72,#73,#74,#75,#76,#77),#128,.T.);
#1500=ADVANCED_FACE('',(#216,#78),#129,.F.);
#1501=ADVANCED_FACE('',(#217),#45,.T.);
#1502=ADVANCED_FACE('',(#218),#46,.F.);
#1503=ADVANCED_FACE('',(#219),#47,.T.);
#1504=ADVANCED_FACE('',(#220,#79),#130,.T.);
#1505=ADVANCED_FACE('',(#221,#80),#131,.F.);
#1506=CLOSED_SHELL('',(#1416,#1417,#1418,#1419,#1420,#1421,#1422,#1423,
#1424,#1425,#1426,#1427,#1428,#1429,#1430,#1431,#1432,#1433,#1434,#1435,
#1436,#1437,#1438,#1439,#1440,#1441,#1442,#1443,#1444,#1445,#1446,#1447,
#1448,#1449,#1450,#1451,#1452,#1453,#1454,#1455,#1456,#1457,#1458,#1459,
#1460,#1461,#1462,#1463,#1464,#1465,#1466,#1467,#1468,#1469,#1470,#1471,
#1472,#1473,#1474,#1475,#1476,#1477,#1478,#1479,#1480,#1481,#1482,#1483,
#1484,#1485,#1486,#1487,#1488,#1489,#1490,#1491,#1492,#1493,#1494,#1495,
#1496,#1497,#1498,#1499,#1500,#1501,#1502,#1503,#1504,#1505));
#1507=AXIS2_PLACEMENT_3D('',#2125,#1670,#1671);
#1508=AXIS2_PLACEMENT_3D('',#2126,#1672,#1673);
#1509=AXIS2_PLACEMENT_3D('',#2128,#1674,#1675);
#1510=AXIS2_PLACEMENT_3D('',#2131,#1677,#1678);
#1511=AXIS2_PLACEMENT_3D('',#2132,#1679,#1680);
#1512=AXIS2_PLACEMENT_3D('',#2135,#1681,#1682);
#1513=AXIS2_PLACEMENT_3D('',#2139,#1684,#1685);
#1514=AXIS2_PLACEMENT_3D('',#2145,#1688,#1689);
#1515=AXIS2_PLACEMENT_3D('',#2153,#1693,#1694);
#1516=AXIS2_PLACEMENT_3D('',#2167,#1701,#1702);
#1517=AXIS2_PLACEMENT_3D('',#2170,#1704,#1705);
#1518=AXIS2_PLACEMENT_3D('',#2172,#1706,#1707);
#1519=AXIS2_PLACEMENT_3D('',#2174,#1708,#1709);
#1520=AXIS2_PLACEMENT_3D('',#2176,#1710,#1711);
#1521=AXIS2_PLACEMENT_3D('',#2178,#1712,#1713);
#1522=AXIS2_PLACEMENT_3D('',#2179,#1714,#1715);
#1523=AXIS2_PLACEMENT_3D('',#2182,#1717,#1718);
#1524=AXIS2_PLACEMENT_3D('',#2183,#1719,#1720);
#1525=AXIS2_PLACEMENT_3D('',#2186,#1722,#1723);
#1526=AXIS2_PLACEMENT_3D('',#2187,#1724,#1725);
#1527=AXIS2_PLACEMENT_3D('',#2190,#1727,#1728);
#1528=AXIS2_PLACEMENT_3D('',#2191,#1729,#1730);
#1529=AXIS2_PLACEMENT_3D('',#2194,#1732,#1733);
#1530=AXIS2_PLACEMENT_3D('',#2195,#1734,#1735);
#1531=AXIS2_PLACEMENT_3D('',#2198,#1737,#1738);
#1532=AXIS2_PLACEMENT_3D('',#2199,#1739,#1740);
#1533=AXIS2_PLACEMENT_3D('',#2202,#1742,#1743);
#1534=AXIS2_PLACEMENT_3D('',#2203,#1744,#1745);
#1535=AXIS2_PLACEMENT_3D('',#2206,#1747,#1748);
#1536=AXIS2_PLACEMENT_3D('',#2207,#1749,#1750);
#1537=AXIS2_PLACEMENT_3D('',#2210,#1752,#1753);
#1538=AXIS2_PLACEMENT_3D('',#2211,#1754,#1755);
#1539=AXIS2_PLACEMENT_3D('',#2214,#1757,#1758);
#1540=AXIS2_PLACEMENT_3D('',#2215,#1759,#1760);
#1541=AXIS2_PLACEMENT_3D('',#2218,#1762,#1763);
#1542=AXIS2_PLACEMENT_3D('',#2219,#1764,#1765);
#1543=AXIS2_PLACEMENT_3D('',#2222,#1767,#1768);
#1544=AXIS2_PLACEMENT_3D('',#2223,#1769,#1770);
#1545=AXIS2_PLACEMENT_3D('',#2226,#1771,#1772);
#1546=AXIS2_PLACEMENT_3D('',#2229,#1775,#1776);
#1547=AXIS2_PLACEMENT_3D('',#2233,#1779,#1780);
#1548=AXIS2_PLACEMENT_3D('',#2237,#1782,#1783);
#1549=AXIS2_PLACEMENT_3D('',#2251,#1790,#1791);
#1550=AXIS2_PLACEMENT_3D('',#2259,#1795,#1796);
#1551=AXIS2_PLACEMENT_3D('',#2264,#1799,#1800);
#1552=AXIS2_PLACEMENT_3D('',#2291,#1814,#1815);
#1553=AXIS2_PLACEMENT_3D('',#2293,#1817,#1818);
#1554=AXIS2_PLACEMENT_3D('',#2295,#1820,#1821);
#1555=AXIS2_PLACEMENT_3D('',#2298,#1824,#1825);
#1556=AXIS2_PLACEMENT_3D('',#2303,#1827,#1828);
#1557=AXIS2_PLACEMENT_3D('',#2307,#1830,#1831);
#1558=AXIS2_PLACEMENT_3D('',#2311,#1833,#1834);
#1559=AXIS2_PLACEMENT_3D('',#2314,#1836,#1837);
#1560=AXIS2_PLACEMENT_3D('',#2315,#1838,#1839);
#1561=AXIS2_PLACEMENT_3D('',#2318,#1842,#1843);
#1562=AXIS2_PLACEMENT_3D('',#2320,#1845,#1846);
#1563=AXIS2_PLACEMENT_3D('',#2323,#1849,#1850);
#1564=AXIS2_PLACEMENT_3D('',#2325,#1852,#1853);
#1565=AXIS2_PLACEMENT_3D('',#2331,#1857,#1858);
#1566=AXIS2_PLACEMENT_3D('',#2333,#1859,#1860);
#1567=AXIS2_PLACEMENT_3D('',#2335,#1862,#1863);
#1568=AXIS2_PLACEMENT_3D('',#2339,#1866,#1867);
#1569=AXIS2_PLACEMENT_3D('',#2341,#1868,#1869);
#1570=AXIS2_PLACEMENT_3D('',#2343,#1871,#1872);
#1571=AXIS2_PLACEMENT_3D('',#2347,#1875,#1876);
#1572=AXIS2_PLACEMENT_3D('',#2349,#1877,#1878);
#1573=AXIS2_PLACEMENT_3D('',#2351,#1880,#1881);
#1574=AXIS2_PLACEMENT_3D('',#2355,#1884,#1885);
#1575=AXIS2_PLACEMENT_3D('',#2356,#1886,#1887);
#1576=AXIS2_PLACEMENT_3D('',#2357,#1888,#1889);
#1577=AXIS2_PLACEMENT_3D('',#2363,#1893,#1894);
#1578=AXIS2_PLACEMENT_3D('',#2367,#1897,#1898);
#1579=AXIS2_PLACEMENT_3D('',#2371,#1901,#1902);
#1580=AXIS2_PLACEMENT_3D('',#2375,#1905,#1906);
#1581=AXIS2_PLACEMENT_3D('',#2379,#1909,#1910);
#1582=AXIS2_PLACEMENT_3D('',#2383,#1913,#1914);
#1583=AXIS2_PLACEMENT_3D('',#2389,#1918,#1919);
#1584=AXIS2_PLACEMENT_3D('',#2393,#1922,#1923);
#1585=AXIS2_PLACEMENT_3D('',#2397,#1926,#1927);
#1586=AXIS2_PLACEMENT_3D('',#2401,#1930,#1931);
#1587=AXIS2_PLACEMENT_3D('',#2405,#1934,#1935);
#1588=AXIS2_PLACEMENT_3D('',#2407,#1937,#1938);
#1589=AXIS2_PLACEMENT_3D('',#2409,#1940,#1941);
#1590=AXIS2_PLACEMENT_3D('',#2411,#1943,#1944);
#1591=AXIS2_PLACEMENT_3D('',#2413,#1946,#1947);
#1592=AXIS2_PLACEMENT_3D('',#2415,#1949,#1950);
#1593=AXIS2_PLACEMENT_3D('',#2417,#1952,#1953);
#1594=AXIS2_PLACEMENT_3D('',#2418,#1954,#1955);
#1595=AXIS2_PLACEMENT_3D('',#2420,#1957,#1958);
#1596=AXIS2_PLACEMENT_3D('',#2421,#1959,#1960);
#1597=AXIS2_PLACEMENT_3D('',#2422,#1961,#1962);
#1598=AXIS2_PLACEMENT_3D('',#2424,#1963,#1964);
#1599=AXIS2_PLACEMENT_3D('',#2427,#1966,#1967);
#1600=AXIS2_PLACEMENT_3D('',#2428,#1968,#1969);
#1601=AXIS2_PLACEMENT_3D('',#2430,#1970,#1971);
#1602=AXIS2_PLACEMENT_3D('',#2431,#1972,#1973);
#1603=AXIS2_PLACEMENT_3D('',#2433,#1974,#1975);
#1604=AXIS2_PLACEMENT_3D('',#2436,#1977,#1978);
#1605=AXIS2_PLACEMENT_3D('',#2437,#1979,#1980);
#1606=AXIS2_PLACEMENT_3D('',#2440,#1982,#1983);
#1607=AXIS2_PLACEMENT_3D('',#2441,#1984,#1985);
#1608=AXIS2_PLACEMENT_3D('',#2442,#1986,#1987);
#1609=AXIS2_PLACEMENT_3D('',#2443,#1988,#1989);
#1610=AXIS2_PLACEMENT_3D('',#2445,#1990,#1991);
#1611=AXIS2_PLACEMENT_3D('',#2448,#1993,#1994);
#1612=AXIS2_PLACEMENT_3D('',#2449,#1995,#1996);
#1613=AXIS2_PLACEMENT_3D('',#2451,#1997,#1998);
#1614=AXIS2_PLACEMENT_3D('',#2452,#1999,#2000);
#1615=AXIS2_PLACEMENT_3D('',#2454,#2001,#2002);
#1616=AXIS2_PLACEMENT_3D('',#2457,#2004,#2005);
#1617=AXIS2_PLACEMENT_3D('',#2458,#2006,#2007);
#1618=AXIS2_PLACEMENT_3D('',#2461,#2009,#2010);
#1619=AXIS2_PLACEMENT_3D('',#2462,#2011,#2012);
#1620=AXIS2_PLACEMENT_3D('',#2463,#2013,#2014);
#1621=AXIS2_PLACEMENT_3D('',#2464,#2015,#2016);
#1622=AXIS2_PLACEMENT_3D('',#2466,#2017,#2018);
#1623=AXIS2_PLACEMENT_3D('',#2469,#2020,#2021);
#1624=AXIS2_PLACEMENT_3D('',#2470,#2022,#2023);
#1625=AXIS2_PLACEMENT_3D('',#2472,#2024,#2025);
#1626=AXIS2_PLACEMENT_3D('',#2473,#2026,#2027);
#1627=AXIS2_PLACEMENT_3D('',#2475,#2028,#2029);
#1628=AXIS2_PLACEMENT_3D('',#2478,#2031,#2032);
#1629=AXIS2_PLACEMENT_3D('',#2479,#2033,#2034);
#1630=AXIS2_PLACEMENT_3D('',#2482,#2036,#2037);
#1631=AXIS2_PLACEMENT_3D('',#2483,#2038,#2039);
#1632=AXIS2_PLACEMENT_3D('',#2484,#2040,#2041);
#1633=AXIS2_PLACEMENT_3D('',#2485,#2042,#2043);
#1634=AXIS2_PLACEMENT_3D('',#2487,#2044,#2045);
#1635=AXIS2_PLACEMENT_3D('',#2490,#2047,#2048);
#1636=AXIS2_PLACEMENT_3D('',#2491,#2049,#2050);
#1637=AXIS2_PLACEMENT_3D('',#2493,#2051,#2052);
#1638=AXIS2_PLACEMENT_3D('',#2494,#2053,#2054);
#1639=AXIS2_PLACEMENT_3D('',#2497,#2056,#2057);
#1640=AXIS2_PLACEMENT_3D('',#2498,#2058,#2059);
#1641=AXIS2_PLACEMENT_3D('',#2500,#2060,#2061);
#1642=AXIS2_PLACEMENT_3D('',#2503,#2063,#2064);
#1643=AXIS2_PLACEMENT_3D('',#2504,#2065,#2066);
#1644=AXIS2_PLACEMENT_3D('',#2505,#2067,#2068);
#1645=AXIS2_PLACEMENT_3D('',#2506,#2069,#2070);
#1646=AXIS2_PLACEMENT_3D('',#2508,#2071,#2072);
#1647=AXIS2_PLACEMENT_3D('',#2511,#2074,#2075);
#1648=AXIS2_PLACEMENT_3D('',#2512,#2076,#2077);
#1649=AXIS2_PLACEMENT_3D('',#2514,#2078,#2079);
#1650=AXIS2_PLACEMENT_3D('',#2515,#2080,#2081);
#1651=AXIS2_PLACEMENT_3D('',#2517,#2082,#2083);
#1652=AXIS2_PLACEMENT_3D('',#2520,#2085,#2086);
#1653=AXIS2_PLACEMENT_3D('',#2521,#2087,#2088);
#1654=AXIS2_PLACEMENT_3D('',#2524,#2090,#2091);
#1655=AXIS2_PLACEMENT_3D('',#2525,#2092,#2093);
#1656=AXIS2_PLACEMENT_3D('',#2526,#2094,#2095);
#1657=AXIS2_PLACEMENT_3D('',#2527,#2096,#2097);
#1658=AXIS2_PLACEMENT_3D('',#2529,#2098,#2099);
#1659=AXIS2_PLACEMENT_3D('',#2530,#2100,#2101);
#1660=AXIS2_PLACEMENT_3D('',#2532,#2102,#2103);
#1661=AXIS2_PLACEMENT_3D('',#2534,#2104,#2105);
#1662=AXIS2_PLACEMENT_3D('',#2535,#2106,#2107);
#1663=AXIS2_PLACEMENT_3D('',#2537,#2109,#2110);
#1664=AXIS2_PLACEMENT_3D('',#2539,#2111,#2112);
#1665=AXIS2_PLACEMENT_3D('',#2542,#2114,#2115);
#1666=AXIS2_PLACEMENT_3D('',#2543,#2116,#2117);
#1667=AXIS2_PLACEMENT_3D('',#2546,#2119,#2120);
#1668=AXIS2_PLACEMENT_3D('',#2547,#2121,#2122);
#1669=AXIS2_PLACEMENT_3D('',#2548,#2123,#2124);
#1670=DIRECTION('axis',(0.,0.,1.));
#1671=DIRECTION('refdir',(1.,0.,0.));
#1672=DIRECTION('center_axis',(0.,0.,-1.));
#1673=DIRECTION('ref_axis',(1.,0.,0.));
#1674=DIRECTION('center_axis',(0.,0.,-1.));
#1675=DIRECTION('ref_axis',(1.,0.,0.));
#1676=DIRECTION('',(0.707106781186553,-8.659560562355E-17,0.707106781186542));
#1677=DIRECTION('center_axis',(0.,0.,1.));
#1678=DIRECTION('ref_axis',(1.,0.,0.));
#1679=DIRECTION('center_axis',(0.,0.,-1.));
#1680=DIRECTION('ref_axis',(1.,0.,0.));
#1681=DIRECTION('center_axis',(0.,0.,1.));
#1682=DIRECTION('ref_axis',(0.707106781186543,0.707106781186552,0.));
#1683=DIRECTION('',(0.,-1.,0.));
#1684=DIRECTION('center_axis',(0.,0.,1.));
#1685=DIRECTION('ref_axis',(0.707001756233297,-0.707211790542998,0.));
#1686=DIRECTION('',(-0.999999955885589,0.000297033366022494,0.));
#1687=DIRECTION('',(-0.866024377131013,-0.500001778211679,0.));
#1688=DIRECTION('center_axis',(0.,0.,1.));
#1689=DIRECTION('ref_axis',(-0.257961920156839,-0.96615508472967,0.));
#1690=DIRECTION('',(-0.501534207513619,0.865137814855926,0.));
#1691=DIRECTION('',(-0.489647066014425,0.871920725033799,0.));
#1692=DIRECTION('',(-0.488606558022123,0.872504230051507,0.));
#1693=DIRECTION('center_axis',(0.,0.,1.));
#1694=DIRECTION('ref_axis',(-0.96365999440966,0.267131831076669,0.));
#1695=DIRECTION('',(0.868080711075499,0.496423084735849,0.));
#1696=DIRECTION('',(0.,1.,0.));
#1697=DIRECTION('',(5.50923697828651E-5,0.999999998482415,0.));
#1698=DIRECTION('',(0.000348979214484902,0.999999939106752,0.));
#1699=DIRECTION('',(0.00107790012381524,0.999999419065493,0.));
#1700=DIRECTION('',(0.00649864424752228,0.999978883588521,0.));
#1701=DIRECTION('center_axis',(0.,0.,1.));
#1702=DIRECTION('ref_axis',(-0.704805418449831,0.709400678124682,0.));
#1703=DIRECTION('',(1.,0.,0.));
#1704=DIRECTION('center_axis',(0.,0.,-1.));
#1705=DIRECTION('ref_axis',(1.,0.,0.));
#1706=DIRECTION('center_axis',(0.,0.,-1.));
#1707=DIRECTION('ref_axis',(1.,0.,0.));
#1708=DIRECTION('center_axis',(0.,0.,-1.));
#1709=DIRECTION('ref_axis',(1.,0.,0.));
#1710=DIRECTION('center_axis',(0.,0.,-1.));
#1711=DIRECTION('ref_axis',(1.,0.,0.));
#1712=DIRECTION('center_axis',(0.,0.,-1.));
#1713=DIRECTION('ref_axis',(1.,0.,0.));
#1714=DIRECTION('center_axis',(0.,0.,-1.));
#1715=DIRECTION('ref_axis',(1.,0.,0.));
#1716=DIRECTION('',(0.,0.,1.));
#1717=DIRECTION('center_axis',(0.,0.,-1.));
#1718=DIRECTION('ref_axis',(1.,0.,0.));
#1719=DIRECTION('center_axis',(0.,0.,-1.));
#1720=DIRECTION('ref_axis',(1.,0.,0.));
#1721=DIRECTION('',(0.707106781186553,-8.659560562355E-17,0.707106781186542));
#1722=DIRECTION('center_axis',(0.,0.,1.));
#1723=DIRECTION('ref_axis',(1.,0.,0.));
#1724=DIRECTION('center_axis',(0.,0.,-1.));
#1725=DIRECTION('ref_axis',(1.,0.,0.));
#1726=DIRECTION('',(0.,0.,1.));
#1727=DIRECTION('center_axis',(0.,0.,-1.));
#1728=DIRECTION('ref_axis',(1.,0.,0.));
#1729=DIRECTION('center_axis',(0.,0.,-1.));
#1730=DIRECTION('ref_axis',(1.,0.,0.));
#1731=DIRECTION('',(0.707106781186553,-8.659560562355E-17,0.707106781186542));
#1732=DIRECTION('center_axis',(0.,0.,1.));
#1733=DIRECTION('ref_axis',(1.,0.,0.));
#1734=DIRECTION('center_axis',(0.,0.,-1.));
#1735=DIRECTION('ref_axis',(1.,0.,0.));
#1736=DIRECTION('',(0.,0.,1.));
#1737=DIRECTION('center_axis',(0.,0.,1.));
#1738=DIRECTION('ref_axis',(1.,0.,0.));
#1739=DIRECTION('center_axis',(0.,0.,-1.));
#1740=DIRECTION('ref_axis',(1.,0.,0.));
#1741=DIRECTION('',(0.707106781186553,-8.659560562355E-17,0.707106781186542));
#1742=DIRECTION('center_axis',(0.,0.,1.));
#1743=DIRECTION('ref_axis',(1.,0.,0.));
#1744=DIRECTION('center_axis',(0.,0.,-1.));
#1745=DIRECTION('ref_axis',(1.,0.,0.));
#1746=DIRECTION('',(0.,0.,1.));
#1747=DIRECTION('center_axis',(0.,0.,-1.));
#1748=DIRECTION('ref_axis',(1.,0.,0.));
#1749=DIRECTION('center_axis',(0.,0.,-1.));
#1750=DIRECTION('ref_axis',(1.,0.,0.));
#1751=DIRECTION('',(0.707106781186553,-8.659560562355E-17,0.707106781186542));
#1752=DIRECTION('center_axis',(0.,0.,1.));
#1753=DIRECTION('ref_axis',(1.,0.,0.));
#1754=DIRECTION('center_axis',(0.,0.,-1.));
#1755=DIRECTION('ref_axis',(1.,0.,0.));
#1756=DIRECTION('',(0.,0.,1.));
#1757=DIRECTION('center_axis',(0.,0.,-1.));
#1758=DIRECTION('ref_axis',(1.,0.,0.));
#1759=DIRECTION('center_axis',(0.,0.,-1.));
#1760=DIRECTION('ref_axis',(1.,0.,0.));
#1761=DIRECTION('',(0.707106781186553,-8.659560562355E-17,0.707106781186542));
#1762=DIRECTION('center_axis',(0.,0.,1.));
#1763=DIRECTION('ref_axis',(1.,0.,0.));
#1764=DIRECTION('center_axis',(0.,0.,-1.));
#1765=DIRECTION('ref_axis',(1.,0.,0.));
#1766=DIRECTION('',(0.,0.,1.));
#1767=DIRECTION('center_axis',(0.,0.,-1.));
#1768=DIRECTION('ref_axis',(1.,0.,0.));
#1769=DIRECTION('center_axis',(0.,0.,1.));
#1770=DIRECTION('ref_axis',(0.707106781186543,0.707106781186552,0.));
#1771=DIRECTION('center_axis',(0.,0.,-1.));
#1772=DIRECTION('ref_axis',(0.707106781186543,0.707106781186552,0.));
#1773=DIRECTION('',(0.,0.,-1.));
#1774=DIRECTION('',(0.,0.,1.));
#1775=DIRECTION('center_axis',(1.,0.,0.));
#1776=DIRECTION('ref_axis',(0.,-1.,0.));
#1777=DIRECTION('',(0.,1.,0.));
#1778=DIRECTION('',(0.,0.,1.));
#1779=DIRECTION('center_axis',(0.,0.,1.));
#1780=DIRECTION('ref_axis',(1.,0.,0.));
#1781=DIRECTION('',(-1.,0.,0.));
#1782=DIRECTION('center_axis',(0.,0.,-1.));
#1783=DIRECTION('ref_axis',(-0.704805418449831,0.709400678124682,0.));
#1784=DIRECTION('',(-0.00649864424752228,-0.999978883588521,0.));
#1785=DIRECTION('',(-0.00107790012381524,-0.999999419065493,0.));
#1786=DIRECTION('',(-0.000348979214484902,-0.999999939106752,0.));
#1787=DIRECTION('',(-5.50923697828651E-5,-0.999999998482415,0.));
#1788=DIRECTION('',(0.,-1.,0.));
#1789=DIRECTION('',(-0.868080711075499,-0.496423084735849,0.));
#1790=DIRECTION('center_axis',(0.,0.,-1.));
#1791=DIRECTION('ref_axis',(-0.96365999440966,0.267131831076669,0.));
#1792=DIRECTION('',(0.488606558022123,-0.872504230051507,0.));
#1793=DIRECTION('',(0.489647066014425,-0.871920725033799,0.));
#1794=DIRECTION('',(0.501534207513619,-0.865137814855926,0.));
#1795=DIRECTION('center_axis',(0.,0.,-1.));
#1796=DIRECTION('ref_axis',(-0.257961920156839,-0.96615508472967,0.));
#1797=DIRECTION('',(0.866024377131013,0.500001778211679,0.));
#1798=DIRECTION('',(0.999999955885589,-0.000297033366022494,0.));
#1799=DIRECTION('center_axis',(0.,0.,-1.));
#1800=DIRECTION('ref_axis',(0.707001756233297,-0.707211790542998,0.));
#1801=DIRECTION('',(0.00107790012381955,0.999999419065493,0.));
#1802=DIRECTION('',(0.00649864424751386,0.999978883588521,0.));
#1803=DIRECTION('',(1.,0.,0.));
#1804=DIRECTION('',(0.,-1.,0.));
#1805=DIRECTION('',(-0.999999955885589,0.000297033366022754,0.));
#1806=DIRECTION('',(-0.866024377131013,-0.500001778211679,0.));
#1807=DIRECTION('',(-0.501534207513616,0.865137814855927,0.));
#1808=DIRECTION('',(-0.489647066014426,0.871920725033798,0.));
#1809=DIRECTION('',(-0.488606558022123,0.872504230051507,0.));
#1810=DIRECTION('',(0.868080711075499,0.496423084735849,0.));
#1811=DIRECTION('',(0.,1.,0.));
#1812=DIRECTION('',(5.50923697797045E-5,0.999999998482415,0.));
#1813=DIRECTION('',(0.000348979214485015,0.999999939106752,0.));
#1814=DIRECTION('center_axis',(0.,0.,1.));
#1815=DIRECTION('ref_axis',(0.707001756233297,-0.707211790542998,0.));
#1816=DIRECTION('',(0.,0.,-1.));
#1817=DIRECTION('center_axis',(-0.000297033366022494,-0.999999955885589,
0.));
#1818=DIRECTION('ref_axis',(-0.999999955885589,0.000297033366022494,0.));
#1819=DIRECTION('',(0.,0.,-1.));
#1820=DIRECTION('center_axis',(0.,0.,1.));
#1821=DIRECTION('ref_axis',(-0.704805418449831,0.709400678124682,0.));
#1822=DIRECTION('',(0.,0.,-1.));
#1823=DIRECTION('',(0.,0.,1.));
#1824=DIRECTION('center_axis',(0.,1.,0.));
#1825=DIRECTION('ref_axis',(1.,0.,0.));
#1826=DIRECTION('',(-1.,0.,-1.72394879600181E-16));
#1827=DIRECTION('center_axis',(0.,-1.,0.));
#1828=DIRECTION('ref_axis',(-1.,0.,-5.76599231117888E-31));
#1829=DIRECTION('',(5.94287613780829E-31,0.,-1.));
#1830=DIRECTION('center_axis',(0.,-1.,0.));
#1831=DIRECTION('ref_axis',(1.8947806286936E-14,-1.51394048812522E-15,-1.));
#1832=DIRECTION('',(1.,0.,5.76599231117888E-31));
#1833=DIRECTION('center_axis',(0.,-1.,0.));
#1834=DIRECTION('ref_axis',(1.,0.,5.76599231117888E-31));
#1835=DIRECTION('',(-5.94287613782452E-31,0.,1.));
#1836=DIRECTION('center_axis',(0.,-1.,0.));
#1837=DIRECTION('ref_axis',(-1.8947806286936E-14,1.51394048812521E-15,1.));
#1838=DIRECTION('center_axis',(0.,0.,1.));
#1839=DIRECTION('ref_axis',(-0.257961920156839,-0.96615508472967,0.));
#1840=DIRECTION('',(0.,0.,-1.));
#1841=DIRECTION('',(0.,0.,1.));
#1842=DIRECTION('center_axis',(-0.865137814855926,-0.501534207513619,0.));
#1843=DIRECTION('ref_axis',(-0.501534207513619,0.865137814855926,0.));
#1844=DIRECTION('',(0.,0.,1.));
#1845=DIRECTION('center_axis',(0.,0.,1.));
#1846=DIRECTION('ref_axis',(-0.96365999440966,0.267131831076669,0.));
#1847=DIRECTION('',(0.,0.,-1.));
#1848=DIRECTION('',(0.,0.,1.));
#1849=DIRECTION('center_axis',(-0.496423084735849,0.868080711075499,0.));
#1850=DIRECTION('ref_axis',(0.868080711075499,0.496423084735849,0.));
#1851=DIRECTION('',(0.,0.,1.));
#1852=DIRECTION('center_axis',(5.76599231117888E-31,-1.51394048812522E-15,
-1.));
#1853=DIRECTION('ref_axis',(-1.,-3.80859905419345E-16,-9.393915686525E-46));
#1854=DIRECTION('',(-1.,0.,-5.76599231117888E-31));
#1855=DIRECTION('',(0.,1.,-1.51394048812522E-15));
#1856=DIRECTION('',(0.,1.,-1.51394048812522E-15));
#1857=DIRECTION('center_axis',(0.,1.,-1.51394048812522E-15));
#1858=DIRECTION('ref_axis',(1.8947806286936E-14,-1.51394048812522E-15,-1.));
#1859=DIRECTION('center_axis',(0.,1.,0.));
#1860=DIRECTION('ref_axis',(1.8947806286936E-14,-1.51394048812522E-15,-1.));
#1861=DIRECTION('',(0.,1.,-1.51394048812522E-15));
#1862=DIRECTION('center_axis',(-1.,-8.99716080094118E-46,-5.94287613780829E-31));
#1863=DIRECTION('ref_axis',(-5.94287613780829E-31,1.56038376664114E-15,
1.));
#1864=DIRECTION('',(-5.94287613780829E-31,0.,1.));
#1865=DIRECTION('',(0.,1.,-1.51394048812522E-15));
#1866=DIRECTION('center_axis',(0.,1.,-1.51394048812522E-15));
#1867=DIRECTION('ref_axis',(-1.,0.,-5.76599231117888E-31));
#1868=DIRECTION('center_axis',(0.,1.,0.));
#1869=DIRECTION('ref_axis',(-1.,0.,-5.76599231117888E-31));
#1870=DIRECTION('',(0.,1.,-1.51394048812522E-15));
#1871=DIRECTION('center_axis',(-1.72394879600181E-16,1.51394048812522E-15,
1.));
#1872=DIRECTION('ref_axis',(1.,-2.37745816818353E-15,1.72394879600184E-16));
#1873=DIRECTION('',(1.,0.,1.72394879600181E-16));
#1874=DIRECTION('',(0.,-1.,1.11022302462516E-15));
#1875=DIRECTION('center_axis',(0.,1.,-1.51394048812522E-15));
#1876=DIRECTION('ref_axis',(1.,0.,5.76599231117888E-31));
#1877=DIRECTION('center_axis',(0.,1.,0.));
#1878=DIRECTION('ref_axis',(1.,0.,5.76599231117888E-31));
#1879=DIRECTION('',(0.,1.,-1.51394048812522E-15));
#1880=DIRECTION('center_axis',(1.,8.99716080096575E-46,5.94287613782452E-31));
#1881=DIRECTION('ref_axis',(5.94287613782452E-31,-1.56038376664541E-15,
-1.));
#1882=DIRECTION('',(5.94287613782452E-31,0.,-1.));
#1883=DIRECTION('',(0.,1.,-1.51394048812522E-15));
#1884=DIRECTION('center_axis',(0.,1.,-1.51394048812522E-15));
#1885=DIRECTION('ref_axis',(-1.8947806286936E-14,1.51394048812521E-15,1.));
#1886=DIRECTION('center_axis',(0.,1.,0.));
#1887=DIRECTION('ref_axis',(-1.8947806286936E-14,1.51394048812521E-15,1.));
#1888=DIRECTION('center_axis',(0.871920725033798,0.489647066014426,0.));
#1889=DIRECTION('ref_axis',(0.489647066014426,-0.871920725033798,0.));
#1890=DIRECTION('',(0.489647066014426,-0.871920725033798,0.));
#1891=DIRECTION('',(0.,0.,1.));
#1892=DIRECTION('',(0.,0.,1.));
#1893=DIRECTION('center_axis',(0.872504230051507,0.488606558022123,0.));
#1894=DIRECTION('ref_axis',(0.488606558022123,-0.872504230051507,0.));
#1895=DIRECTION('',(0.488606558022123,-0.872504230051507,0.));
#1896=DIRECTION('',(0.,0.,1.));
#1897=DIRECTION('center_axis',(0.496423084735849,-0.868080711075499,0.));
#1898=DIRECTION('ref_axis',(-0.868080711075499,-0.496423084735849,0.));
#1899=DIRECTION('',(-0.8680807110755,-0.496423084735848,0.));
#1900=DIRECTION('',(0.,0.,1.));
#1901=DIRECTION('center_axis',(1.,0.,0.));
#1902=DIRECTION('ref_axis',(0.,-1.,0.));
#1903=DIRECTION('',(0.,-1.,0.));
#1904=DIRECTION('',(0.,0.,1.));
#1905=DIRECTION('center_axis',(0.999999998482415,-5.50923697797045E-5,0.));
#1906=DIRECTION('ref_axis',(-5.50923697797045E-5,-0.999999998482415,0.));
#1907=DIRECTION('',(-5.50923697797045E-5,-0.999999998482415,0.));
#1908=DIRECTION('',(0.,0.,1.));
#1909=DIRECTION('center_axis',(0.999999939106752,-0.000348979214485015,
0.));
#1910=DIRECTION('ref_axis',(-0.000348979214485015,-0.999999939106752,0.));
#1911=DIRECTION('',(-0.000348979214485015,-0.999999939106752,0.));
#1912=DIRECTION('',(0.,0.,-1.));
#1913=DIRECTION('center_axis',(0.999978883588521,-0.00649864424751386,0.));
#1914=DIRECTION('ref_axis',(-0.00649864424751386,-0.999978883588521,0.));
#1915=DIRECTION('',(-0.00649864424751386,-0.999978883588521,0.));
#1916=DIRECTION('',(0.,0.,1.));
#1917=DIRECTION('',(0.,0.,1.));
#1918=DIRECTION('center_axis',(0.,-1.,0.));
#1919=DIRECTION('ref_axis',(-1.,0.,0.));
#1920=DIRECTION('',(-1.,0.,0.));
#1921=DIRECTION('',(0.,0.,1.));
#1922=DIRECTION('center_axis',(-1.,0.,0.));
#1923=DIRECTION('ref_axis',(0.,1.,0.));
#1924=DIRECTION('',(0.,1.,0.));
#1925=DIRECTION('',(0.,0.,1.));
#1926=DIRECTION('center_axis',(0.000297033366022754,0.999999955885589,0.));
#1927=DIRECTION('ref_axis',(0.999999955885589,-0.000297033366022754,0.));
#1928=DIRECTION('',(0.999999955885589,-0.000297033366022754,0.));
#1929=DIRECTION('',(0.,0.,1.));
#1930=DIRECTION('center_axis',(-0.500001778211679,0.866024377131013,0.));
#1931=DIRECTION('ref_axis',(0.866024377131013,0.500001778211679,0.));
#1932=DIRECTION('',(0.866024377131013,0.500001778211679,0.));
#1933=DIRECTION('',(0.,0.,1.));
#1934=DIRECTION('center_axis',(0.865137814855927,0.501534207513616,0.));
#1935=DIRECTION('ref_axis',(0.501534207513616,-0.865137814855927,0.));
#1936=DIRECTION('',(0.501534207513618,-0.865137814855927,0.));
#1937=DIRECTION('center_axis',(0.999999419065493,-0.00107790012381955,0.));
#1938=DIRECTION('ref_axis',(-0.00107790012381955,-0.999999419065493,0.));
#1939=DIRECTION('',(-0.00107790012381955,-0.999999419065493,0.));
#1940=DIRECTION('center_axis',(-0.999978883588521,0.00649864424752228,0.));
#1941=DIRECTION('ref_axis',(0.00649864424752228,0.999978883588521,0.));
#1942=DIRECTION('',(0.,0.,1.));
#1943=DIRECTION('center_axis',(-0.999999419065493,0.00107790012381524,0.));
#1944=DIRECTION('ref_axis',(0.00107790012381524,0.999999419065493,0.));
#1945=DIRECTION('',(0.,0.,1.));
#1946=DIRECTION('center_axis',(-0.999999939106752,0.000348979214484902,
0.));
#1947=DIRECTION('ref_axis',(0.000348979214484902,0.999999939106752,0.));
#1948=DIRECTION('',(0.,0.,1.));
#1949=DIRECTION('center_axis',(-0.999999998482415,5.50923697828651E-5,0.));
#1950=DIRECTION('ref_axis',(5.50923697828651E-5,0.999999998482415,0.));
#1951=DIRECTION('',(0.,0.,1.));
#1952=DIRECTION('center_axis',(-1.,0.,0.));
#1953=DIRECTION('ref_axis',(0.,1.,0.));
#1954=DIRECTION('center_axis',(-0.872504230051507,-0.488606558022123,0.));
#1955=DIRECTION('ref_axis',(-0.488606558022123,0.872504230051507,0.));
#1956=DIRECTION('',(0.,0.,1.));
#1957=DIRECTION('center_axis',(-0.871920725033799,-0.489647066014425,0.));
#1958=DIRECTION('ref_axis',(-0.489647066014425,0.871920725033799,0.));
#1959=DIRECTION('center_axis',(0.500001778211679,-0.866024377131013,0.));
#1960=DIRECTION('ref_axis',(-0.866024377131013,-0.500001778211679,0.));
#1961=DIRECTION('center_axis',(0.,0.,-1.));
#1962=DIRECTION('ref_axis',(1.,0.,0.));
#1963=DIRECTION('center_axis',(0.,0.,-1.));
#1964=DIRECTION('ref_axis',(1.,0.,0.));
#1965=DIRECTION('',(0.,0.,1.));
#1966=DIRECTION('center_axis',(0.,0.,-1.));
#1967=DIRECTION('ref_axis',(1.,0.,0.));
#1968=DIRECTION('center_axis',(0.,0.,-1.));
#1969=DIRECTION('ref_axis',(1.,0.,0.));
#1970=DIRECTION('center_axis',(0.,0.,-1.));
#1971=DIRECTION('ref_axis',(1.,0.,0.));
#1972=DIRECTION('center_axis',(0.,0.,-1.));
#1973=DIRECTION('ref_axis',(1.,0.,0.));
#1974=DIRECTION('center_axis',(0.,0.,1.));
#1975=DIRECTION('ref_axis',(1.,0.,0.));
#1976=DIRECTION('',(0.,0.,1.));
#1977=DIRECTION('center_axis',(0.,0.,1.));
#1978=DIRECTION('ref_axis',(1.,0.,0.));
#1979=DIRECTION('center_axis',(0.,0.,-1.));
#1980=DIRECTION('ref_axis',(1.,0.,0.));
#1981=DIRECTION('',(0.,0.,1.));
#1982=DIRECTION('center_axis',(0.,0.,-1.));
#1983=DIRECTION('ref_axis',(1.,0.,0.));
#1984=DIRECTION('center_axis',(0.,0.,-1.));
#1985=DIRECTION('ref_axis',(1.,0.,0.));
#1986=DIRECTION('center_axis',(0.,0.,-1.));
#1987=DIRECTION('ref_axis',(1.,0.,0.));
#1988=DIRECTION('center_axis',(0.,0.,-1.));
#1989=DIRECTION('ref_axis',(1.,0.,0.));
#1990=DIRECTION('center_axis',(0.,0.,-1.));
#1991=DIRECTION('ref_axis',(1.,0.,0.));
#1992=DIRECTION('',(0.,0.,1.));
#1993=DIRECTION('center_axis',(0.,0.,-1.));
#1994=DIRECTION('ref_axis',(1.,0.,0.));
#1995=DIRECTION('center_axis',(0.,0.,-1.));
#1996=DIRECTION('ref_axis',(1.,0.,0.));
#1997=DIRECTION('center_axis',(0.,0.,-1.));
#1998=DIRECTION('ref_axis',(1.,0.,0.));
#1999=DIRECTION('center_axis',(0.,0.,-1.));
#2000=DIRECTION('ref_axis',(1.,0.,0.));
#2001=DIRECTION('center_axis',(0.,0.,1.));
#2002=DIRECTION('ref_axis',(1.,0.,0.));
#2003=DIRECTION('',(0.,0.,1.));
#2004=DIRECTION('center_axis',(0.,0.,1.));
#2005=DIRECTION('ref_axis',(1.,0.,0.));
#2006=DIRECTION('center_axis',(0.,0.,-1.));
#2007=DIRECTION('ref_axis',(1.,0.,0.));
#2008=DIRECTION('',(0.,0.,1.));
#2009=DIRECTION('center_axis',(0.,0.,-1.));
#2010=DIRECTION('ref_axis',(1.,0.,0.));
#2011=DIRECTION('center_axis',(0.,0.,-1.));
#2012=DIRECTION('ref_axis',(1.,0.,0.));
#2013=DIRECTION('center_axis',(0.,0.,-1.));
#2014=DIRECTION('ref_axis',(1.,0.,0.));
#2015=DIRECTION('center_axis',(0.,0.,-1.));
#2016=DIRECTION('ref_axis',(1.,0.,0.));
#2017=DIRECTION('center_axis',(0.,0.,-1.));
#2018=DIRECTION('ref_axis',(1.,0.,0.));
#2019=DIRECTION('',(0.,0.,1.));
#2020=DIRECTION('center_axis',(0.,0.,-1.));
#2021=DIRECTION('ref_axis',(1.,0.,0.));
#2022=DIRECTION('center_axis',(0.,0.,-1.));
#2023=DIRECTION('ref_axis',(1.,0.,0.));
#2024=DIRECTION('center_axis',(0.,0.,-1.));
#2025=DIRECTION('ref_axis',(1.,0.,0.));
#2026=DIRECTION('center_axis',(0.,0.,-1.));
#2027=DIRECTION('ref_axis',(1.,0.,0.));
#2028=DIRECTION('center_axis',(0.,0.,1.));
#2029=DIRECTION('ref_axis',(1.,0.,0.));
#2030=DIRECTION('',(0.,0.,1.));
#2031=DIRECTION('center_axis',(0.,0.,1.));
#2032=DIRECTION('ref_axis',(1.,0.,0.));
#2033=DIRECTION('center_axis',(0.,0.,-1.));
#2034=DIRECTION('ref_axis',(1.,0.,0.));
#2035=DIRECTION('',(0.,0.,1.));
#2036=DIRECTION('center_axis',(0.,0.,-1.));
#2037=DIRECTION('ref_axis',(1.,0.,0.));
#2038=DIRECTION('center_axis',(0.,0.,-1.));
#2039=DIRECTION('ref_axis',(1.,0.,0.));
#2040=DIRECTION('center_axis',(0.,0.,-1.));
#2041=DIRECTION('ref_axis',(1.,0.,0.));
#2042=DIRECTION('center_axis',(0.,0.,-1.));
#2043=DIRECTION('ref_axis',(1.,0.,0.));
#2044=DIRECTION('center_axis',(0.,0.,-1.));
#2045=DIRECTION('ref_axis',(1.,0.,0.));
#2046=DIRECTION('',(0.,0.,1.));
#2047=DIRECTION('center_axis',(0.,0.,-1.));
#2048=DIRECTION('ref_axis',(1.,0.,0.));
#2049=DIRECTION('center_axis',(0.,0.,-1.));
#2050=DIRECTION('ref_axis',(1.,0.,0.));
#2051=DIRECTION('center_axis',(0.,0.,1.));
#2052=DIRECTION('ref_axis',(1.,0.,0.));
#2053=DIRECTION('center_axis',(0.,0.,-1.));
#2054=DIRECTION('ref_axis',(1.,0.,0.));
#2055=DIRECTION('',(0.,0.,1.));
#2056=DIRECTION('center_axis',(0.,0.,1.));
#2057=DIRECTION('ref_axis',(1.,0.,0.));
#2058=DIRECTION('center_axis',(0.,0.,-1.));
#2059=DIRECTION('ref_axis',(1.,0.,0.));
#2060=DIRECTION('center_axis',(0.,0.,-1.));
#2061=DIRECTION('ref_axis',(1.,0.,0.));
#2062=DIRECTION('',(0.,0.,1.));
#2063=DIRECTION('center_axis',(0.,0.,-1.));
#2064=DIRECTION('ref_axis',(1.,0.,0.));
#2065=DIRECTION('center_axis',(0.,0.,-1.));
#2066=DIRECTION('ref_axis',(1.,0.,0.));
#2067=DIRECTION('center_axis',(0.,0.,-1.));
#2068=DIRECTION('ref_axis',(1.,0.,0.));
#2069=DIRECTION('center_axis',(0.,0.,-1.));
#2070=DIRECTION('ref_axis',(1.,0.,0.));
#2071=DIRECTION('center_axis',(0.,0.,-1.));
#2072=DIRECTION('ref_axis',(1.,0.,0.));
#2073=DIRECTION('',(0.,0.,1.));
#2074=DIRECTION('center_axis',(0.,0.,-1.));
#2075=DIRECTION('ref_axis',(1.,0.,0.));
#2076=DIRECTION('center_axis',(0.,0.,-1.));
#2077=DIRECTION('ref_axis',(1.,0.,0.));
#2078=DIRECTION('center_axis',(0.,0.,-1.));
#2079=DIRECTION('ref_axis',(1.,0.,0.));
#2080=DIRECTION('center_axis',(0.,0.,-1.));
#2081=DIRECTION('ref_axis',(1.,0.,0.));
#2082=DIRECTION('center_axis',(0.,0.,1.));
#2083=DIRECTION('ref_axis',(1.,0.,0.));
#2084=DIRECTION('',(0.,0.,1.));
#2085=DIRECTION('center_axis',(0.,0.,1.));
#2086=DIRECTION('ref_axis',(1.,0.,0.));
#2087=DIRECTION('center_axis',(0.,0.,-1.));
#2088=DIRECTION('ref_axis',(1.,0.,0.));
#2089=DIRECTION('',(0.,0.,1.));
#2090=DIRECTION('center_axis',(0.,0.,-1.));
#2091=DIRECTION('ref_axis',(1.,0.,0.));
#2092=DIRECTION('center_axis',(0.,0.,-1.));
#2093=DIRECTION('ref_axis',(1.,0.,0.));
#2094=DIRECTION('center_axis',(0.,0.,-1.));
#2095=DIRECTION('ref_axis',(1.,0.,0.));
#2096=DIRECTION('center_axis',(0.,0.,1.));
#2097=DIRECTION('ref_axis',(1.,0.,0.));
#2098=DIRECTION('center_axis',(0.,0.,1.));
#2099=DIRECTION('ref_axis',(1.,0.,0.));
#2100=DIRECTION('center_axis',(0.,0.,-1.));
#2101=DIRECTION('ref_axis',(1.,0.,0.));
#2102=DIRECTION('center_axis',(0.,0.,-1.));
#2103=DIRECTION('ref_axis',(1.,0.,0.));
#2104=DIRECTION('center_axis',(0.,0.,-1.));
#2105=DIRECTION('ref_axis',(1.,0.,0.));
#2106=DIRECTION('center_axis',(0.,0.,-1.));
#2107=DIRECTION('ref_axis',(1.,0.,0.));
#2108=DIRECTION('',(0.,0.,1.));
#2109=DIRECTION('center_axis',(0.,0.,-1.));
#2110=DIRECTION('ref_axis',(1.,0.,0.));
#2111=DIRECTION('center_axis',(0.,0.,1.));
#2112=DIRECTION('ref_axis',(1.,0.,0.));
#2113=DIRECTION('',(0.,0.,1.));
#2114=DIRECTION('center_axis',(0.,0.,1.));
#2115=DIRECTION('ref_axis',(1.,0.,0.));
#2116=DIRECTION('center_axis',(0.,0.,-1.));
#2117=DIRECTION('ref_axis',(1.,0.,0.));
#2118=DIRECTION('',(0.,0.,1.));
#2119=DIRECTION('center_axis',(0.,0.,-1.));
#2120=DIRECTION('ref_axis',(1.,0.,0.));
#2121=DIRECTION('center_axis',(0.,0.,-1.));
#2122=DIRECTION('ref_axis',(1.,0.,0.));
#2123=DIRECTION('center_axis',(0.,0.,-1.));
#2124=DIRECTION('ref_axis',(1.,0.,0.));
#2125=CARTESIAN_POINT('',(0.,0.,0.));
#2126=CARTESIAN_POINT('Origin',(558.57375,-231.09,-9.5));
#2127=CARTESIAN_POINT('',(554.47375,-231.09,-10.5));
#2128=CARTESIAN_POINT('Origin',(558.57375,-231.09,-10.5));
#2129=CARTESIAN_POINT('',(556.47375,-231.09,-8.5));
#2130=CARTESIAN_POINT('',(555.47375,-231.09,-9.5));
#2131=CARTESIAN_POINT('Origin',(558.57375,-231.09,-8.5));
#2132=CARTESIAN_POINT('Origin',(375.8925,-225.47125,-10.5));
#2133=CARTESIAN_POINT('',(568.4925,-109.67125,-10.5));
#2134=CARTESIAN_POINT('',(565.4925,-106.67125,-10.5));
#2135=CARTESIAN_POINT('Origin',(565.4925,-109.67125,-10.5));
#2136=CARTESIAN_POINT('',(568.4925,-241.44044561624,-10.5));
#2137=CARTESIAN_POINT('',(568.4925,-244.441336848721,-10.5));
#2138=CARTESIAN_POINT('',(565.491608899902,-244.440445483897,-10.5));
#2139=CARTESIAN_POINT('Origin',(565.4925,-241.44044561624,-10.5));
#2140=CARTESIAN_POINT('',(497.865155951771,-244.42035817006,-10.5));
#2141=CARTESIAN_POINT('',(497.865155951771,-244.42035817006,-10.5));
#2142=CARTESIAN_POINT('',(408.153269223383,-296.2157857301,-10.5));
#2143=CARTESIAN_POINT('',(405.559791666243,-297.713137796122,-10.5));
#2144=CARTESIAN_POINT('',(404.05785044418,-295.122315221248,-10.5));
#2145=CARTESIAN_POINT('Origin',(406.653263888748,-293.617712598707,-10.5));
#2146=CARTESIAN_POINT('',(398.321286318296,-285.22684153611,-10.5));
#2147=CARTESIAN_POINT('',(398.321286318296,-285.22684153611,-10.5));
#2148=CARTESIAN_POINT('',(392.975415061629,-275.707380958124,-10.5));
#2149=CARTESIAN_POINT('',(392.975415061629,-275.707380958124,-10.5));
#2150=CARTESIAN_POINT('',(364.339874324384,-224.572925202564,-10.5));
#2151=CARTESIAN_POINT('',(362.887161043615,-221.978816585493,-10.5));
#2152=CARTESIAN_POINT('',(365.468117760331,-220.502863395271,-10.5));
#2153=CARTESIAN_POINT('Origin',(366.957387014538,-223.107105528498,-10.5));
#2154=CARTESIAN_POINT('',(380.53,-211.889532920411,-10.5));
#2155=CARTESIAN_POINT('',(380.53,-211.889532920411,-10.5));
#2156=CARTESIAN_POINT('',(380.53,-184.519917361041,-10.5));
#2157=CARTESIAN_POINT('',(380.53,-184.519917361041,-10.5));
#2158=CARTESIAN_POINT('',(380.530523406353,-175.019393892485,-10.5));
#2159=CARTESIAN_POINT('',(380.530523406353,-175.019393892485,-10.5));
#2160=CARTESIAN_POINT('',(380.549477004054,-120.707859680786,-10.5));
#2161=CARTESIAN_POINT('',(380.549477004054,-120.707859680786,-10.5));
#2162=CARTESIAN_POINT('',(380.559727004361,-111.198635099949,-10.5));
#2163=CARTESIAN_POINT('',(380.559727004361,-111.198635099949,-10.5));
#2164=CARTESIAN_POINT('',(380.569779846166,-109.651754067257,-10.5));
#2165=CARTESIAN_POINT('',(380.589149490795,-106.67125,-10.5));
#2166=CARTESIAN_POINT('',(383.569716496932,-106.67125,-10.5));
#2167=CARTESIAN_POINT('Origin',(383.569716496932,-109.67125,-10.5));
#2168=CARTESIAN_POINT('',(568.4925,-106.67125,-10.5));
#2169=CARTESIAN_POINT('',(554.47375,-116.79,-10.5));
#2170=CARTESIAN_POINT('Origin',(558.57375,-116.79,-10.5));
#2171=CARTESIAN_POINT('',(444.24125,-220.13,-10.5));
#2172=CARTESIAN_POINT('Origin',(448.34125,-220.13,-10.5));
#2173=CARTESIAN_POINT('',(371.7925,-225.47125,-10.5));
#2174=CARTESIAN_POINT('Origin',(375.8925,-225.47125,-10.5));
#2175=CARTESIAN_POINT('',(405.6,-282.54,-10.5));
#2176=CARTESIAN_POINT('Origin',(409.7,-282.54,-10.5));
#2177=CARTESIAN_POINT('',(413.98,-116.79,-10.5));
#2178=CARTESIAN_POINT('Origin',(418.08,-116.79,-10.5));
#2179=CARTESIAN_POINT('Origin',(558.57375,-231.09,-5.));
#2180=CARTESIAN_POINT('',(556.47375,-231.09,-5.));
#2181=CARTESIAN_POINT('',(556.47375,-231.09,-5.));
#2182=CARTESIAN_POINT('Origin',(558.57375,-231.09,-5.));
#2183=CARTESIAN_POINT('Origin',(558.57375,-116.79,-9.5));
#2184=CARTESIAN_POINT('',(556.47375,-116.79,-8.5));
#2185=CARTESIAN_POINT('',(555.47375,-116.79,-9.5));
#2186=CARTESIAN_POINT('Origin',(558.57375,-116.79,-8.5));
#2187=CARTESIAN_POINT('Origin',(558.57375,-116.79,-5.));
#2188=CARTESIAN_POINT('',(556.47375,-116.79,-5.));
#2189=CARTESIAN_POINT('',(556.47375,-116.79,-5.));
#2190=CARTESIAN_POINT('Origin',(558.57375,-116.79,-5.));
#2191=CARTESIAN_POINT('Origin',(418.08,-116.79,-9.5));
#2192=CARTESIAN_POINT('',(415.98,-116.79,-8.5));
#2193=CARTESIAN_POINT('',(414.98,-116.79,-9.5));
#2194=CARTESIAN_POINT('Origin',(418.08,-116.79,-8.5));
#2195=CARTESIAN_POINT('Origin',(418.08,-116.79,-5.));
#2196=CARTESIAN_POINT('',(415.98,-116.79,-5.));
#2197=CARTESIAN_POINT('',(415.98,-116.79,-5.));
#2198=CARTESIAN_POINT('Origin',(418.08,-116.79,-5.));
#2199=CARTESIAN_POINT('Origin',(448.34125,-220.13,-9.5));
#2200=CARTESIAN_POINT('',(446.24125,-220.13,-8.5));
#2201=CARTESIAN_POINT('',(445.24125,-220.13,-9.5));
#2202=CARTESIAN_POINT('Origin',(448.34125,-220.13,-8.5));
#2203=CARTESIAN_POINT('Origin',(448.34125,-220.13,-5.));
#2204=CARTESIAN_POINT('',(446.24125,-220.13,-5.));
#2205=CARTESIAN_POINT('',(446.24125,-220.13,-5.));
#2206=CARTESIAN_POINT('Origin',(448.34125,-220.13,-5.));
#2207=CARTESIAN_POINT('Origin',(409.7,-282.54,-9.5));
#2208=CARTESIAN_POINT('',(407.6,-282.54,-8.5));
#2209=CARTESIAN_POINT('',(406.6,-282.54,-9.5));
#2210=CARTESIAN_POINT('Origin',(409.7,-282.54,-8.5));
#2211=CARTESIAN_POINT('Origin',(409.7,-282.54,-5.));
#2212=CARTESIAN_POINT('',(407.6,-282.54,-5.));
#2213=CARTESIAN_POINT('',(407.6,-282.54,-5.));
#2214=CARTESIAN_POINT('Origin',(409.7,-282.54,-5.));
#2215=CARTESIAN_POINT('Origin',(375.8925,-225.47125,-9.5));
#2216=CARTESIAN_POINT('',(373.7925,-225.47125,-8.5));
#2217=CARTESIAN_POINT('',(372.7925,-225.47125,-9.5));
#2218=CARTESIAN_POINT('Origin',(375.8925,-225.47125,-8.5));
#2219=CARTESIAN_POINT('Origin',(375.8925,-225.47125,-5.));
#2220=CARTESIAN_POINT('',(373.7925,-225.47125,-5.));
#2221=CARTESIAN_POINT('',(373.7925,-225.47125,-5.));
#2222=CARTESIAN_POINT('Origin',(375.8925,-225.47125,-5.));
#2223=CARTESIAN_POINT('Origin',(565.4925,-109.67125,1.51));
#2224=CARTESIAN_POINT('',(565.4925,-106.67125,8.81));
#2225=CARTESIAN_POINT('',(568.4925,-109.67125,8.81));
#2226=CARTESIAN_POINT('Origin',(565.4925,-109.67125,8.81));
#2227=CARTESIAN_POINT('',(568.4925,-109.67125,1.51));
#2228=CARTESIAN_POINT('',(565.4925,-106.67125,1.51));
#2229=CARTESIAN_POINT('Origin',(568.4925,-106.67125,1.51));
#2230=CARTESIAN_POINT('',(568.4925,-241.44044561624,8.81));
#2231=CARTESIAN_POINT('',(568.4925,-244.441336848721,8.81));
#2232=CARTESIAN_POINT('',(568.4925,-241.44044561624,1.51));
#2233=CARTESIAN_POINT('Origin',(465.689830521808,-202.192193898061,8.81));
#2234=CARTESIAN_POINT('',(383.569716496932,-106.67125,8.81));
#2235=CARTESIAN_POINT('',(568.4925,-106.67125,8.81));
#2236=CARTESIAN_POINT('',(380.569779846166,-109.651754067257,8.81));
#2237=CARTESIAN_POINT('Origin',(383.569716496932,-109.67125,8.81));
#2238=CARTESIAN_POINT('',(380.559727004361,-111.198635099949,8.81));
#2239=CARTESIAN_POINT('',(380.589149490795,-106.67125,8.81));
#2240=CARTESIAN_POINT('',(380.549477004054,-120.707859680786,8.81));
#2241=CARTESIAN_POINT('',(380.559727004361,-111.198635099949,8.81));
#2242=CARTESIAN_POINT('',(380.530523406353,-175.019393892485,8.81));
#2243=CARTESIAN_POINT('',(380.549477004054,-120.707859680786,8.81));
#2244=CARTESIAN_POINT('',(380.53,-184.519917361041,8.81));
#2245=CARTESIAN_POINT('',(380.530523406353,-175.019393892485,8.81));
#2246=CARTESIAN_POINT('',(380.53,-211.889532920411,8.81));
#2247=CARTESIAN_POINT('',(380.53,-184.519917361041,8.81));
#2248=CARTESIAN_POINT('',(365.468117760331,-220.502863395271,8.81));
#2249=CARTESIAN_POINT('',(380.53,-211.889532920411,8.81));
#2250=CARTESIAN_POINT('',(364.339874324384,-224.572925202564,8.81));
#2251=CARTESIAN_POINT('Origin',(366.957387014538,-223.107105528498,8.81));
#2252=CARTESIAN_POINT('',(392.975415061629,-275.707380958124,8.81));
#2253=CARTESIAN_POINT('',(362.887161043615,-221.978816585493,8.81));
#2254=CARTESIAN_POINT('',(398.321286318296,-285.22684153611,8.81));
#2255=CARTESIAN_POINT('',(392.975415061629,-275.707380958124,8.81));
#2256=CARTESIAN_POINT('',(404.05785044418,-295.122315221248,8.81));
#2257=CARTESIAN_POINT('',(398.321286318296,-285.22684153611,8.81));
#2258=CARTESIAN_POINT('',(408.153269223383,-296.2157857301,8.81));
#2259=CARTESIAN_POINT('Origin',(406.653263888748,-293.617712598707,8.81));
#2260=CARTESIAN_POINT('',(497.865155951771,-244.42035817006,8.81));
#2261=CARTESIAN_POINT('',(405.559791666243,-297.713137796122,8.81));
#2262=CARTESIAN_POINT('',(565.491608899902,-244.440445483897,8.81));
#2263=CARTESIAN_POINT('',(497.865155951771,-244.42035817006,8.81));
#2264=CARTESIAN_POINT('Origin',(565.4925,-241.44044561624,8.81));
#2265=CARTESIAN_POINT('',(383.549476439807,-120.71,8.81));
#2266=CARTESIAN_POINT('',(383.559716496932,-111.21,8.81));
#2267=CARTESIAN_POINT('',(383.559716496932,-111.21,8.81));
#2268=CARTESIAN_POINT('',(383.569716496932,-109.67125,8.81));
#2269=CARTESIAN_POINT('',(383.569716496932,-109.67125,8.81));
#2270=CARTESIAN_POINT('',(565.4925,-109.67125,8.81));
#2271=CARTESIAN_POINT('',(565.4925,-109.67125,8.81));
#2272=CARTESIAN_POINT('',(565.4925,-241.44044561624,8.81));
#2273=CARTESIAN_POINT('',(565.4925,-241.44044561624,8.81));
#2274=CARTESIAN_POINT('',(497.06171865059,-241.42011939002,8.81));
#2275=CARTESIAN_POINT('',(497.06171865059,-241.42011939002,8.81));
#2276=CARTESIAN_POINT('',(406.653263888748,-293.617712598707,8.81));
#2277=CARTESIAN_POINT('',(406.653263888748,-293.617712598707,8.81));
#2278=CARTESIAN_POINT('',(400.926996148313,-283.74,8.81));
#2279=CARTESIAN_POINT('',(400.926996148313,-283.74,8.81));
#2280=CARTESIAN_POINT('',(395.592053425215,-274.24,8.81));
#2281=CARTESIAN_POINT('',(395.592053425215,-274.24,8.81));
#2282=CARTESIAN_POINT('',(366.957387014538,-223.107105528498,8.81));
#2283=CARTESIAN_POINT('',(366.957387014538,-223.107105528498,8.81));
#2284=CARTESIAN_POINT('',(383.53,-213.629844306804,8.81));
#2285=CARTESIAN_POINT('',(383.53,-213.629844306804,8.81));
#2286=CARTESIAN_POINT('',(383.53,-184.52,8.81));
#2287=CARTESIAN_POINT('',(383.53,-184.52,8.81));
#2288=CARTESIAN_POINT('',(383.530523377514,-175.02,8.81));
#2289=CARTESIAN_POINT('',(383.530523377514,-175.02,8.81));
#2290=CARTESIAN_POINT('',(383.549476439807,-120.71,8.81));
#2291=CARTESIAN_POINT('Origin',(565.4925,-241.44044561624,1.51));
#2292=CARTESIAN_POINT('',(565.491608899902,-244.440445483897,1.51));
#2293=CARTESIAN_POINT('Origin',(568.4925,-244.441336848721,1.51));
#2294=CARTESIAN_POINT('',(497.865155951771,-244.42035817006,1.51));
#2295=CARTESIAN_POINT('Origin',(383.569716496932,-109.67125,1.51));
#2296=CARTESIAN_POINT('',(383.569716496932,-106.67125,1.51));
#2297=CARTESIAN_POINT('',(380.569779846166,-109.651754067257,1.51));
#2298=CARTESIAN_POINT('Origin',(380.589149490795,-106.67125,1.51));
#2299=CARTESIAN_POINT('',(406.302674008338,-106.67125,8.49999999999998));
#2300=CARTESIAN_POINT('',(399.862674008338,-106.67125,8.49999999999998));
#2301=CARTESIAN_POINT('',(390.225911749566,-106.67125,8.49999999999998));
#2302=CARTESIAN_POINT('',(396.112674008338,-106.67125,4.74999999999998));
#2303=CARTESIAN_POINT('Origin',(399.862674008338,-106.67125,4.74999999999998));
#2304=CARTESIAN_POINT('',(396.112674008338,-106.67125,4.03999999999998));
#2305=CARTESIAN_POINT('',(396.112674008338,-106.67125,2.77499999999999));
#2306=CARTESIAN_POINT('',(399.862674008338,-106.67125,0.289999999999975));
#2307=CARTESIAN_POINT('Origin',(399.862674008338,-106.67125,4.03999999999998));
#2308=CARTESIAN_POINT('',(406.302674008338,-106.67125,0.289999999999975));
#2309=CARTESIAN_POINT('',(393.445911749566,-106.67125,0.289999999999975));
#2310=CARTESIAN_POINT('',(410.052674008338,-106.67125,4.03999999999998));
#2311=CARTESIAN_POINT('Origin',(406.302674008338,-106.67125,4.03999999999998));
#2312=CARTESIAN_POINT('',(410.052674008338,-106.67125,4.74999999999998));
#2313=CARTESIAN_POINT('',(410.052674008338,-106.67125,3.12999999999999));
#2314=CARTESIAN_POINT('Origin',(406.302674008338,-106.67125,4.74999999999998));
#2315=CARTESIAN_POINT('Origin',(406.653263888748,-293.617712598707,1.51));
#2316=CARTESIAN_POINT('',(404.05785044418,-295.122315221248,1.51));
#2317=CARTESIAN_POINT('',(408.153269223383,-296.2157857301,1.51));
#2318=CARTESIAN_POINT('Origin',(405.559791666243,-297.713137796122,1.51));
#2319=CARTESIAN_POINT('',(398.321286318296,-285.22684153611,1.51));
#2320=CARTESIAN_POINT('Origin',(366.957387014538,-223.107105528498,1.51));
#2321=CARTESIAN_POINT('',(365.468117760331,-220.502863395271,1.51));
#2322=CARTESIAN_POINT('',(364.339874324384,-224.572925202564,1.51));
#2323=CARTESIAN_POINT('Origin',(362.887161043615,-221.978816585493,1.51));
#2324=CARTESIAN_POINT('',(380.53,-211.889532920411,1.51));
#2325=CARTESIAN_POINT('Origin',(406.302674008338,-109.70051884981,0.28999999999998));
#2326=CARTESIAN_POINT('',(406.302674008338,-109.67125,0.28999999999998));
#2327=CARTESIAN_POINT('',(399.862674008338,-109.67125,0.28999999999998));
#2328=CARTESIAN_POINT('',(485.897587004169,-109.67125,0.28999999999998));
#2329=CARTESIAN_POINT('',(406.302674008338,-109.70051884981,0.28999999999998));
#2330=CARTESIAN_POINT('',(399.862674008338,-109.70051884981,0.28999999999998));
#2331=CARTESIAN_POINT('Origin',(399.862674008338,-109.70051884981,4.03999999999998));
#2332=CARTESIAN_POINT('',(396.112674008338,-109.67125,4.03999999999998));
#2333=CARTESIAN_POINT('Origin',(399.862674008338,-109.67125,4.03999999999998));
#2334=CARTESIAN_POINT('',(396.112674008338,-109.70051884981,4.03999999999998));
#2335=CARTESIAN_POINT('Origin',(396.112674008338,-109.70051884981,4.03999999999998));
#2336=CARTESIAN_POINT('',(396.112674008338,-109.67125,4.74999999999998));
#2337=CARTESIAN_POINT('',(396.112674008338,-109.67125,2.77499999999999));
#2338=CARTESIAN_POINT('',(396.112674008338,-109.70051884981,4.74999999999998));
#2339=CARTESIAN_POINT('Origin',(399.862674008338,-109.70051884981,4.74999999999998));
#2340=CARTESIAN_POINT('',(399.862674008338,-109.67125,8.49999999999998));
#2341=CARTESIAN_POINT('Origin',(399.862674008338,-109.67125,4.74999999999998));
#2342=CARTESIAN_POINT('',(399.862674008338,-109.70051884981,8.49999999999998));
#2343=CARTESIAN_POINT('Origin',(399.862674008338,-109.70051884981,8.49999999999998));
#2344=CARTESIAN_POINT('',(406.302674008338,-109.67125,8.49999999999998));
#2345=CARTESIAN_POINT('',(482.677587004169,-109.67125,8.49999999999999));
#2346=CARTESIAN_POINT('',(406.302674008338,-109.70051884981,8.49999999999998));
#2347=CARTESIAN_POINT('Origin',(406.302674008338,-109.70051884981,4.03999999999998));
#2348=CARTESIAN_POINT('',(410.052674008338,-109.67125,4.03999999999998));
#2349=CARTESIAN_POINT('Origin',(406.302674008338,-109.67125,4.03999999999998));
#2350=CARTESIAN_POINT('',(410.052674008338,-109.70051884981,4.03999999999998));
#2351=CARTESIAN_POINT('Origin',(410.052674008338,-109.70051884981,4.74999999999998));
#2352=CARTESIAN_POINT('',(410.052674008338,-109.67125,4.74999999999998));
#2353=CARTESIAN_POINT('',(410.052674008338,-109.67125,3.12999999999999));
#2354=CARTESIAN_POINT('',(410.052674008338,-109.70051884981,4.74999999999998));
#2355=CARTESIAN_POINT('Origin',(406.302674008338,-109.70051884981,4.74999999999998));
#2356=CARTESIAN_POINT('Origin',(406.302674008338,-109.67125,4.74999999999998));
#2357=CARTESIAN_POINT('Origin',(395.592053425215,-274.24,1.51));
#2358=CARTESIAN_POINT('',(395.592053425215,-274.24,-7.5));
#2359=CARTESIAN_POINT('',(400.926996148313,-283.74,-7.5));
#2360=CARTESIAN_POINT('',(395.592053425215,-274.24,-7.5));
#2361=CARTESIAN_POINT('',(395.592053425215,-274.24,1.51));
#2362=CARTESIAN_POINT('',(400.926996148313,-283.74,1.51));
#2363=CARTESIAN_POINT('Origin',(366.957387014538,-223.107105528498,1.51));
#2364=CARTESIAN_POINT('',(366.957387014538,-223.107105528498,-7.5));
#2365=CARTESIAN_POINT('',(366.957387014538,-223.107105528498,-7.5));
#2366=CARTESIAN_POINT('',(366.957387014538,-223.107105528498,1.51));
#2367=CARTESIAN_POINT('Origin',(383.53,-213.629844306804,1.51));
#2368=CARTESIAN_POINT('',(383.53,-213.629844306804,-7.5));
#2369=CARTESIAN_POINT('',(383.53,-213.629844306804,-7.5));
#2370=CARTESIAN_POINT('',(383.53,-213.629844306804,1.51));
#2371=CARTESIAN_POINT('Origin',(383.53,-184.52,1.51));
#2372=CARTESIAN_POINT('',(383.53,-184.52,-7.5));
#2373=CARTESIAN_POINT('',(383.53,-184.52,-7.5));
#2374=CARTESIAN_POINT('',(383.53,-184.52,1.51));
#2375=CARTESIAN_POINT('Origin',(383.530523377514,-175.02,1.51));
#2376=CARTESIAN_POINT('',(383.530523377514,-175.02,-7.5));
#2377=CARTESIAN_POINT('',(383.530523377514,-175.02,-7.5));
#2378=CARTESIAN_POINT('',(383.530523377514,-175.02,1.51));
#2379=CARTESIAN_POINT('Origin',(383.549476439807,-120.71,1.51));
#2380=CARTESIAN_POINT('',(383.549476439807,-120.71,-7.5));
#2381=CARTESIAN_POINT('',(383.549476439807,-120.71,-7.5));
#2382=CARTESIAN_POINT('',(383.549476439807,-120.71,1.51));
#2383=CARTESIAN_POINT('Origin',(383.569716496932,-109.67125,1.51));
#2384=CARTESIAN_POINT('',(383.569716496932,-109.67125,-7.5));
#2385=CARTESIAN_POINT('',(383.559716496932,-111.21,-7.5));
#2386=CARTESIAN_POINT('',(383.569716496932,-109.67125,-7.5));
#2387=CARTESIAN_POINT('',(383.569716496932,-109.67125,1.51));
#2388=CARTESIAN_POINT('',(383.559716496932,-111.21,1.51));
#2389=CARTESIAN_POINT('Origin',(565.4925,-109.67125,1.51));
#2390=CARTESIAN_POINT('',(565.4925,-109.67125,-7.5));
#2391=CARTESIAN_POINT('',(565.4925,-109.67125,-7.5));
#2392=CARTESIAN_POINT('',(565.4925,-109.67125,1.51));
#2393=CARTESIAN_POINT('Origin',(565.4925,-241.44044561624,1.51));
#2394=CARTESIAN_POINT('',(565.4925,-241.44044561624,-7.5));
#2395=CARTESIAN_POINT('',(565.4925,-241.44044561624,-7.5));
#2396=CARTESIAN_POINT('',(565.4925,-241.44044561624,1.51));
#2397=CARTESIAN_POINT('Origin',(497.06171865059,-241.42011939002,1.51));
#2398=CARTESIAN_POINT('',(497.06171865059,-241.42011939002,-7.5));
#2399=CARTESIAN_POINT('',(497.06171865059,-241.42011939002,-7.5));
#2400=CARTESIAN_POINT('',(497.06171865059,-241.42011939002,1.51));
#2401=CARTESIAN_POINT('Origin',(406.653263888748,-293.617712598707,1.51));
#2402=CARTESIAN_POINT('',(406.653263888748,-293.617712598707,-7.5));
#2403=CARTESIAN_POINT('',(406.653263888748,-293.617712598707,-7.5));
#2404=CARTESIAN_POINT('',(406.653263888748,-293.617712598707,1.51));
#2405=CARTESIAN_POINT('Origin',(400.926996148313,-283.74,1.51));
#2406=CARTESIAN_POINT('',(400.926996148313,-283.74,-7.5));
#2407=CARTESIAN_POINT('Origin',(383.559716496932,-111.21,1.51));
#2408=CARTESIAN_POINT('',(383.559716496932,-111.21,-7.5));
#2409=CARTESIAN_POINT('Origin',(380.559727004361,-111.198635099949,1.51));
#2410=CARTESIAN_POINT('',(380.559727004361,-111.198635099949,1.51));
#2411=CARTESIAN_POINT('Origin',(380.549477004054,-120.707859680786,1.51));
#2412=CARTESIAN_POINT('',(380.549477004054,-120.707859680786,1.51));
#2413=CARTESIAN_POINT('Origin',(380.530523406353,-175.019393892485,1.51));
#2414=CARTESIAN_POINT('',(380.530523406353,-175.019393892485,1.51));
#2415=CARTESIAN_POINT('Origin',(380.53,-184.519917361041,1.51));
#2416=CARTESIAN_POINT('',(380.53,-184.519917361041,1.51));
#2417=CARTESIAN_POINT('Origin',(380.53,-211.889532920411,1.51));
#2418=CARTESIAN_POINT('Origin',(392.975415061629,-275.707380958124,1.51));
#2419=CARTESIAN_POINT('',(392.975415061629,-275.707380958124,1.51));
#2420=CARTESIAN_POINT('Origin',(398.321286318296,-285.22684153611,1.51));
#2421=CARTESIAN_POINT('Origin',(497.865155951771,-244.42035817006,1.51));
#2422=CARTESIAN_POINT('Origin',(558.57375,-231.09,-5.));
#2423=CARTESIAN_POINT('',(554.47375,-231.09,-7.5));
#2424=CARTESIAN_POINT('Origin',(558.57375,-231.09,-7.5));
#2425=CARTESIAN_POINT('',(554.47375,-231.09,-5.));
#2426=CARTESIAN_POINT('',(554.47375,-231.09,-5.));
#2427=CARTESIAN_POINT('Origin',(558.57375,-231.09,-5.));
#2428=CARTESIAN_POINT('Origin',(558.57375,-231.09,-5.));
#2429=CARTESIAN_POINT('',(554.97375,-231.09,-5.));
#2430=CARTESIAN_POINT('Origin',(558.57375,-231.09,-5.));
#2431=CARTESIAN_POINT('Origin',(558.57375,-231.09,0.));
#2432=CARTESIAN_POINT('',(556.97375,-231.09,-5.));
#2433=CARTESIAN_POINT('Origin',(558.57375,-231.09,-5.));
#2434=CARTESIAN_POINT('',(556.97375,-231.09,0.));
#2435=CARTESIAN_POINT('',(556.97375,-231.09,0.));
#2436=CARTESIAN_POINT('Origin',(558.57375,-231.09,0.));
#2437=CARTESIAN_POINT('Origin',(558.57375,-231.09,0.));
#2438=CARTESIAN_POINT('',(554.97375,-231.09,0.));
#2439=CARTESIAN_POINT('',(554.97375,-231.09,0.));
#2440=CARTESIAN_POINT('Origin',(558.57375,-231.09,0.));
#2441=CARTESIAN_POINT('Origin',(558.57375,-231.09,-5.));
#2442=CARTESIAN_POINT('Origin',(558.57375,-231.09,0.));
#2443=CARTESIAN_POINT('Origin',(558.57375,-116.79,-5.));
#2444=CARTESIAN_POINT('',(554.47375,-116.79,-7.5));
#2445=CARTESIAN_POINT('Origin',(558.57375,-116.79,-7.5));
#2446=CARTESIAN_POINT('',(554.47375,-116.79,-5.));
#2447=CARTESIAN_POINT('',(554.47375,-116.79,-5.));
#2448=CARTESIAN_POINT('Origin',(558.57375,-116.79,-5.));
#2449=CARTESIAN_POINT('Origin',(558.57375,-116.79,-5.));
#2450=CARTESIAN_POINT('',(554.97375,-116.79,-5.));
#2451=CARTESIAN_POINT('Origin',(558.57375,-116.79,-5.));
#2452=CARTESIAN_POINT('Origin',(558.57375,-116.79,0.));
#2453=CARTESIAN_POINT('',(556.97375,-116.79,-5.));
#2454=CARTESIAN_POINT('Origin',(558.57375,-116.79,-5.));
#2455=CARTESIAN_POINT('',(556.97375,-116.79,0.));
#2456=CARTESIAN_POINT('',(556.97375,-116.79,0.));
#2457=CARTESIAN_POINT('Origin',(558.57375,-116.79,0.));
#2458=CARTESIAN_POINT('Origin',(558.57375,-116.79,0.));
#2459=CARTESIAN_POINT('',(554.97375,-116.79,0.));
#2460=CARTESIAN_POINT('',(554.97375,-116.79,0.));
#2461=CARTESIAN_POINT('Origin',(558.57375,-116.79,0.));
#2462=CARTESIAN_POINT('Origin',(558.57375,-116.79,-5.));
#2463=CARTESIAN_POINT('Origin',(558.57375,-116.79,0.));
#2464=CARTESIAN_POINT('Origin',(448.34125,-220.13,-5.));
#2465=CARTESIAN_POINT('',(444.24125,-220.13,-7.5));
#2466=CARTESIAN_POINT('Origin',(448.34125,-220.13,-7.5));
#2467=CARTESIAN_POINT('',(444.24125,-220.13,-5.));
#2468=CARTESIAN_POINT('',(444.24125,-220.13,-5.));
#2469=CARTESIAN_POINT('Origin',(448.34125,-220.13,-5.));
#2470=CARTESIAN_POINT('Origin',(448.34125,-220.13,-5.));
#2471=CARTESIAN_POINT('',(444.74125,-220.13,-5.));
#2472=CARTESIAN_POINT('Origin',(448.34125,-220.13,-5.));
#2473=CARTESIAN_POINT('Origin',(448.34125,-220.13,0.));
#2474=CARTESIAN_POINT('',(446.74125,-220.13,-5.));
#2475=CARTESIAN_POINT('Origin',(448.34125,-220.13,-5.));
#2476=CARTESIAN_POINT('',(446.74125,-220.13,0.));
#2477=CARTESIAN_POINT('',(446.74125,-220.13,0.));
#2478=CARTESIAN_POINT('Origin',(448.34125,-220.13,0.));
#2479=CARTESIAN_POINT('Origin',(448.34125,-220.13,0.));
#2480=CARTESIAN_POINT('',(444.74125,-220.13,0.));
#2481=CARTESIAN_POINT('',(444.74125,-220.13,0.));
#2482=CARTESIAN_POINT('Origin',(448.34125,-220.13,0.));
#2483=CARTESIAN_POINT('Origin',(448.34125,-220.13,-5.));
#2484=CARTESIAN_POINT('Origin',(448.34125,-220.13,0.));
#2485=CARTESIAN_POINT('Origin',(418.08,-116.79,-5.));
#2486=CARTESIAN_POINT('',(413.98,-116.79,-7.5));
#2487=CARTESIAN_POINT('Origin',(418.08,-116.79,-7.5));
#2488=CARTESIAN_POINT('',(413.98,-116.79,-5.));
#2489=CARTESIAN_POINT('',(413.98,-116.79,-5.));
#2490=CARTESIAN_POINT('Origin',(418.08,-116.79,-5.));
#2491=CARTESIAN_POINT('Origin',(418.08,-116.79,-5.));
#2492=CARTESIAN_POINT('',(416.48,-116.79,-5.));
#2493=CARTESIAN_POINT('Origin',(418.08,-116.79,-5.));
#2494=CARTESIAN_POINT('Origin',(418.08,-116.79,0.));
#2495=CARTESIAN_POINT('',(416.48,-116.79,0.));
#2496=CARTESIAN_POINT('',(416.48,-116.79,0.));
#2497=CARTESIAN_POINT('Origin',(418.08,-116.79,0.));
#2498=CARTESIAN_POINT('Origin',(418.08,-116.79,0.));
#2499=CARTESIAN_POINT('',(414.48,-116.79,-5.));
#2500=CARTESIAN_POINT('Origin',(418.08,-116.79,-5.));
#2501=CARTESIAN_POINT('',(414.48,-116.79,0.));
#2502=CARTESIAN_POINT('',(414.48,-116.79,0.));
#2503=CARTESIAN_POINT('Origin',(418.08,-116.79,0.));
#2504=CARTESIAN_POINT('Origin',(418.08,-116.79,0.));
#2505=CARTESIAN_POINT('Origin',(418.08,-116.79,-5.));
#2506=CARTESIAN_POINT('Origin',(409.7,-282.54,-5.));
#2507=CARTESIAN_POINT('',(405.6,-282.54,-7.5));
#2508=CARTESIAN_POINT('Origin',(409.7,-282.54,-7.5));
#2509=CARTESIAN_POINT('',(405.6,-282.54,-5.));
#2510=CARTESIAN_POINT('',(405.6,-282.54,-5.));
#2511=CARTESIAN_POINT('Origin',(409.7,-282.54,-5.));
#2512=CARTESIAN_POINT('Origin',(409.7,-282.54,-5.));
#2513=CARTESIAN_POINT('',(406.1,-282.54,-5.));
#2514=CARTESIAN_POINT('Origin',(409.7,-282.54,-5.));
#2515=CARTESIAN_POINT('Origin',(409.7,-282.54,0.));
#2516=CARTESIAN_POINT('',(408.1,-282.54,-5.));
#2517=CARTESIAN_POINT('Origin',(409.7,-282.54,-5.));
#2518=CARTESIAN_POINT('',(408.1,-282.54,0.));
#2519=CARTESIAN_POINT('',(408.1,-282.54,0.));
#2520=CARTESIAN_POINT('Origin',(409.7,-282.54,0.));
#2521=CARTESIAN_POINT('Origin',(409.7,-282.54,0.));
#2522=CARTESIAN_POINT('',(406.1,-282.54,0.));
#2523=CARTESIAN_POINT('',(406.1,-282.54,0.));
#2524=CARTESIAN_POINT('Origin',(409.7,-282.54,0.));
#2525=CARTESIAN_POINT('Origin',(409.7,-282.54,-5.));
#2526=CARTESIAN_POINT('Origin',(409.7,-282.54,0.));
#2527=CARTESIAN_POINT('Origin',(466.224943507269,-201.644481299354,-7.5));
#2528=CARTESIAN_POINT('',(371.7925,-225.47125,-7.5));
#2529=CARTESIAN_POINT('Origin',(375.8925,-225.47125,-7.5));
#2530=CARTESIAN_POINT('Origin',(375.8925,-225.47125,-5.));
#2531=CARTESIAN_POINT('',(371.7925,-225.47125,-5.));
#2532=CARTESIAN_POINT('Origin',(375.8925,-225.47125,-5.));
#2533=CARTESIAN_POINT('',(372.2925,-225.47125,-5.));
#2534=CARTESIAN_POINT('Origin',(375.8925,-225.47125,-5.));
#2535=CARTESIAN_POINT('Origin',(375.8925,-225.47125,-5.));
#2536=CARTESIAN_POINT('',(371.7925,-225.47125,-5.));
#2537=CARTESIAN_POINT('Origin',(375.8925,-225.47125,0.));
#2538=CARTESIAN_POINT('',(374.2925,-225.47125,-5.));
#2539=CARTESIAN_POINT('Origin',(375.8925,-225.47125,-5.));
#2540=CARTESIAN_POINT('',(374.2925,-225.47125,0.));
#2541=CARTESIAN_POINT('',(374.2925,-225.47125,0.));
#2542=CARTESIAN_POINT('Origin',(375.8925,-225.47125,0.));
#2543=CARTESIAN_POINT('Origin',(375.8925,-225.47125,0.));
#2544=CARTESIAN_POINT('',(372.2925,-225.47125,0.));
#2545=CARTESIAN_POINT('',(372.2925,-225.47125,0.));
#2546=CARTESIAN_POINT('Origin',(375.8925,-225.47125,0.));
#2547=CARTESIAN_POINT('Origin',(375.8925,-225.47125,-5.));
#2548=CARTESIAN_POINT('Origin',(375.8925,-225.47125,0.));
#2549=UNCERTAINTY_MEASURE_WITH_UNIT(LENGTH_MEASURE(0.01),#2553,
'DISTANCE_ACCURACY_VALUE',
'Maximum model space distance between geometric entities at asserted c
onnectivities');
#2550=UNCERTAINTY_MEASURE_WITH_UNIT(LENGTH_MEASURE(0.01),#2553,
'DISTANCE_ACCURACY_VALUE',
'Maximum model space distance between geometric entities at asserted c
onnectivities');
#2551=(
GEOMETRIC_REPRESENTATION_CONTEXT(3)
GLOBAL_UNCERTAINTY_ASSIGNED_CONTEXT((#2549))
GLOBAL_UNIT_ASSIGNED_CONTEXT((#2553,#2554,#2555))
REPRESENTATION_CONTEXT('','3D')
);
#2552=(
GEOMETRIC_REPRESENTATION_CONTEXT(3)
GLOBAL_UNCERTAINTY_ASSIGNED_CONTEXT((#2550))
GLOBAL_UNIT_ASSIGNED_CONTEXT((#2553,#2554,#2555))
REPRESENTATION_CONTEXT('','3D')
);
#2553=(
LENGTH_UNIT()
NAMED_UNIT(*)
SI_UNIT(.MILLI.,.METRE.)
);
#2554=(
NAMED_UNIT(*)
PLANE_ANGLE_UNIT()
SI_UNIT($,.RADIAN.)
);
#2555=(
NAMED_UNIT(*)
SI_UNIT($,.STERADIAN.)
SOLID_ANGLE_UNIT()
);
#2556=SHAPE_DEFINITION_REPRESENTATION(#2557,#2558);
#2557=PRODUCT_DEFINITION_SHAPE('',$,#2560);
#2558=SHAPE_REPRESENTATION('',(#1507),#2551);
#2559=PRODUCT_DEFINITION_CONTEXT('part definition',#2564,'design');
#2560=PRODUCT_DEFINITION('TwinPanda 1','TwinPanda v14',#2561,#2559);
#2561=PRODUCT_DEFINITION_FORMATION('',$,#2566);
#2562=PRODUCT_RELATED_PRODUCT_CATEGORY('TwinPanda v14','TwinPanda v14',
(#2566));
#2563=APPLICATION_PROTOCOL_DEFINITION('international standard',
'automotive_design',2009,#2564);
#2564=APPLICATION_CONTEXT(
'Core Data for Automotive Mechanical Design Process');
#2565=PRODUCT_CONTEXT('part definition',#2564,'mechanical');
#2566=PRODUCT('TwinPanda 1','TwinPanda v14','KiCad electronic assembly',
(#2565));
#2567=PRESENTATION_STYLE_ASSIGNMENT((#2568));
#2568=SURFACE_STYLE_USAGE(.BOTH.,#2569);
#2569=SURFACE_SIDE_STYLE('',(#2570));
#2570=SURFACE_STYLE_FILL_AREA(#2571);
#2571=FILL_AREA_STYLE('Acciaio - Satinato',(#2572));
#2572=FILL_AREA_STYLE_COLOUR('Acciaio - Satinato',#2573);
#2573=COLOUR_RGB('Acciaio - Satinato',0.627450980392157,0.627450980392157,
0.627450980392157);
ENDSEC;
END-ISO-10303-21;
