ISO-10303-21;
HEADER;
/* Generated by software containing ST-Developer
 * from STEP Tools, Inc. (www.steptools.com) 
 */

FILE_DESCRIPTION(
/* description */ ('KiCad electronic assembly'),
/* implementation_level */ '2;1');

FILE_NAME(
/* name */ 'RTopCase.step',
/* time_stamp */ '2026-01-05T13:37:41+01:00',
/* author */ (''),
/* organization */ (''),
/* preprocessor_version */ 'ST-DEVELOPER v20.1',
/* originating_system */ 'Autodesk Translation Framework v14.21.0.0',
/* authorisation */ '');

FILE_SCHEMA (('AUTOMOTIVE_DESIGN { 1 0 10303 214 3 1 1 }'));
ENDSEC;

DATA;
#10=MECHANICAL_DESIGN_GEOMETRIC_PRESENTATION_REPRESENTATION('',(#13),#5716);
#11=SHAPE_REPRESENTATION_RELATIONSHIP('SRR','None',#5722,#12);
#12=ADVANCED_BREP_SHAPE_REPRESENTATION('',(#14),#5715);
#13=STYLED_ITEM('',(#5731),#14);
#14=MANIFOLD_SOLID_BREP('RTopCase',#3409);
#15=ELLIPSE('',#3487,3.46823928263427,3.);
#16=ELLIPSE('',#3492,3.00001101939391,3.);
#17=ELLIPSE('',#3509,3.10601024416735,3.);
#18=(
BOUNDED_SURFACE()
B_SPLINE_SURFACE(2,2,((#5014,#5015,#5016),(#5017,#5018,#5019),(#5020,#5021,
#5022)),.UNSPECIFIED.,.F.,.F.,.F.)
B_SPLINE_SURFACE_WITH_KNOTS((3,3),(3,3),(-1.5707963267949,0.),(-0.508516047588361,
1.05132291602943),.UNSPECIFIED.)
GEOMETRIC_REPRESENTATION_ITEM()
RATIONAL_B_SPLINE_SURFACE(((1.,0.710970162494402,1.),(0.707106781186528,
0.50273182312108,0.707106781186528),(1.,0.710970162494402,1.)))
REPRESENTATION_ITEM('')
SURFACE()
);
#19=(
BOUNDED_SURFACE()
B_SPLINE_SURFACE(2,2,((#5097,#5098,#5099),(#5100,#5101,#5102),(#5103,#5104,
#5105)),.UNSPECIFIED.,.F.,.F.,.F.)
B_SPLINE_SURFACE_WITH_KNOTS((3,3),(3,3),(-1.5707963267949,0.),(0.00649868999058047,
1.5707963267949),.UNSPECIFIED.)
GEOMETRIC_REPRESENTATION_ITEM()
RATIONAL_B_SPLINE_SURFACE(((1.,0.70940067812468,1.),(0.707106781186526,
0.501622030080282,0.707106781186526),(1.,0.70940067812468,1.)))
REPRESENTATION_ITEM('')
SURFACE()
);
#20=(
BOUNDED_SURFACE()
B_SPLINE_SURFACE(2,2,((#5117,#5118,#5119),(#5120,#5121,#5122),(#5123,#5124,
#5125)),.UNSPECIFIED.,.F.,.F.,.F.)
B_SPLINE_SURFACE_WITH_KNOTS((3,3),(3,3),(-1.5707963267949,0.),(1.5707963267949,
3.14159265358979),.UNSPECIFIED.)
GEOMETRIC_REPRESENTATION_ITEM()
RATIONAL_B_SPLINE_SURFACE(((1.,0.707106781186548,1.),(0.707106781186597,
0.500000000000035,0.707106781186597),(1.,0.707106781186548,1.)))
REPRESENTATION_ITEM('')
SURFACE()
);
#21=(
BOUNDED_SURFACE()
B_SPLINE_SURFACE(2,2,((#5137,#5138,#5139,#5140,#5141),(#5142,#5143,#5144,
#5145,#5146),(#5147,#5148,#5149,#5150,#5151)),.UNSPECIFIED.,.F.,.F.,.F.)
B_SPLINE_SURFACE_WITH_KNOTS((3,3),(3,2,3),(-1.5707963267949,0.),(-3.14159265358979,
-2.35561322183544,-1.56963379008108),.UNSPECIFIED.)
GEOMETRIC_REPRESENTATION_ITEM()
RATIONAL_B_SPLINE_SURFACE(((1.,0.923768272608647,1.,0.923768272608647,1.),
(0.707106781186528,0.653202809806539,0.707106781186528,0.653202809806539,
0.707106781186528),(1.,0.923768272608647,1.,0.923768272608647,1.)))
REPRESENTATION_ITEM('')
SURFACE()
);
#22=(
BOUNDED_SURFACE()
B_SPLINE_SURFACE(2,2,((#5169,#5170,#5171,#5172,#5173),(#5174,#5175,#5176,
#5177,#5178),(#5179,#5180,#5181,#5182,#5183)),.UNSPECIFIED.,.F.,.F.,.F.)
B_SPLINE_SURFACE_WITH_KNOTS((3,3),(3,2,3),(-1.57079632679491,0.),(-2.09366904109341,
-1.30820326628915,-0.522737491484889),.UNSPECIFIED.)
GEOMETRIC_REPRESENTATION_ITEM()
RATIONAL_B_SPLINE_SURFACE(((1.,0.923866595100759,1.,0.923866595100759,1.),
(0.707106781186525,0.653272334307453,0.707106781186525,0.653272334307453,
0.707106781186525),(1.,0.923866595100759,1.,0.923866595100759,1.)))
REPRESENTATION_ITEM('')
SURFACE()
);
#23=B_SPLINE_CURVE_WITH_KNOTS('',3,(#4906,#4907,#4908,#4909,#4910,#4911,
#4912,#4913,#4914,#4915,#4916,#4917,#4918,#4919,#4920,#4921,#4922,#4923,
#4924,#4925,#4926,#4927,#4928,#4929,#4930,#4931,#4932,#4933,#4934,#4935,
#4936,#4937,#4938,#4939,#4940,#4941,#4942,#4943,#4944,#4945,#4946,#4947,
#4948,#4949,#4950,#4951,#4952,#4953,#4954),.UNSPECIFIED.,.F.,.F.,(4,3,3,
3,3,3,3,3,3,3,3,3,3,3,3,3,4),(0.,0.101072008347214,0.202140982696225,0.303207125015493,
0.404270637213881,0.505331721144859,0.606390578610802,0.707447411367066,
0.808502421126282,0.909573017339486,1.01063793210548,1.11169797299303,1.21275394715527,
1.31382184566461,1.41487992696166,1.51594293633482,1.57079682212079),
 .UNSPECIFIED.);
#24=B_SPLINE_CURVE_WITH_KNOTS('',3,(#4958,#4959,#4960,#4961,#4962,#4963,
#4964,#4965,#4966,#4967,#4968,#4969,#4970,#4971,#4972,#4973,#4974,#4975,
#4976,#4977,#4978,#4979,#4980,#4981,#4982,#4983,#4984,#4985,#4986,#4987,
#4988,#4989,#4990,#4991,#4992,#4993,#4994,#4995,#4996,#4997,#4998,#4999,
#5000,#5001,#5002,#5003,#5004,#5005,#5006),.UNSPECIFIED.,.F.,.F.,(4,3,3,
3,3,3,3,3,3,3,3,3,3,3,3,3,4),(0.,0.10107268055348,0.202142327088579,0.303209141575094,
0.404273325923223,0.50533508198783,0.606394611572556,0.707452116434143,
0.808507798286617,0.909579066696691,1.01064465362179,1.111705366636,1.21276201289791,
1.31383058358617,1.41488933699686,1.51595301851645,1.57080726912264),
 .UNSPECIFIED.);
#25=B_SPLINE_CURVE_WITH_KNOTS('',3,(#5038,#5039,#5040,#5041,#5042,#5043,
#5044,#5045,#5046,#5047,#5048,#5049),.UNSPECIFIED.,.F.,.F.,(4,2,2,2,2,4),
(-0.00874927792722702,0.,0.112336241048811,0.229526957212581,0.346717669609755,
0.463908387767336),.UNSPECIFIED.);
#26=B_SPLINE_CURVE_WITH_KNOTS('',3,(#5056,#5057,#5058,#5059,#5060,#5061,
#5062,#5063,#5064,#5065,#5066,#5067),.UNSPECIFIED.,.F.,.F.,(4,2,2,2,2,4),
(-0.00874934201243249,0.,0.112337487477659,0.229530752934038,0.346724017252425,
0.463917281059437),.UNSPECIFIED.);
#27=B_SPLINE_CURVE_WITH_KNOTS('',3,(#5073,#5074,#5075,#5076,#5077,#5078,
#5079,#5080,#5081,#5082,#5083,#5084),.UNSPECIFIED.,.F.,.F.,(4,2,2,2,2,4),
(-0.00874934377646076,0.,0.112337528828301,0.229530849973123,0.346724162988089,
0.46391747191859),.UNSPECIFIED.);
#28=FACE_BOUND('',#393,.T.);
#29=FACE_BOUND('',#394,.T.);
#30=FACE_BOUND('',#395,.T.);
#31=FACE_BOUND('',#396,.T.);
#32=FACE_BOUND('',#397,.T.);
#33=FACE_BOUND('',#398,.T.);
#34=FACE_BOUND('',#399,.T.);
#35=FACE_BOUND('',#400,.T.);
#36=FACE_BOUND('',#401,.T.);
#37=FACE_BOUND('',#402,.T.);
#38=FACE_BOUND('',#403,.T.);
#39=FACE_BOUND('',#404,.T.);
#40=FACE_BOUND('',#405,.T.);
#41=FACE_BOUND('',#406,.T.);
#42=FACE_BOUND('',#407,.T.);
#43=FACE_BOUND('',#408,.T.);
#44=FACE_BOUND('',#443,.T.);
#45=FACE_BOUND('',#444,.T.);
#46=FACE_BOUND('',#445,.T.);
#47=FACE_BOUND('',#446,.T.);
#48=PLANE('',#3414);
#49=PLANE('',#3418);
#50=PLANE('',#3422);
#51=PLANE('',#3426);
#52=PLANE('',#3430);
#53=PLANE('',#3434);
#54=PLANE('',#3438);
#55=PLANE('',#3442);
#56=PLANE('',#3446);
#57=PLANE('',#3450);
#58=PLANE('',#3454);
#59=PLANE('',#3458);
#60=PLANE('',#3462);
#61=PLANE('',#3466);
#62=PLANE('',#3471);
#63=PLANE('',#3476);
#64=PLANE('',#3479);
#65=PLANE('',#3516);
#66=PLANE('',#3523);
#67=PLANE('',#3526);
#68=PLANE('',#3527);
#69=PLANE('',#3530);
#70=PLANE('',#3531);
#71=PLANE('',#3532);
#72=PLANE('',#3534);
#73=PLANE('',#3538);
#74=PLANE('',#3540);
#75=PLANE('',#3541);
#76=PLANE('',#3542);
#77=PLANE('',#3543);
#78=PLANE('',#3544);
#79=PLANE('',#3545);
#80=PLANE('',#3546);
#81=PLANE('',#3547);
#82=PLANE('',#3548);
#83=PLANE('',#3549);
#84=PLANE('',#3552);
#85=PLANE('',#3557);
#86=PLANE('',#3560);
#87=PLANE('',#3562);
#88=PLANE('',#3563);
#89=PLANE('',#3564);
#90=PLANE('',#3565);
#91=PLANE('',#3566);
#92=PLANE('',#3567);
#93=PLANE('',#3568);
#94=PLANE('',#3569);
#95=PLANE('',#3570);
#96=PLANE('',#3571);
#97=PLANE('',#3572);
#98=PLANE('',#3573);
#99=PLANE('',#3574);
#100=PLANE('',#3575);
#101=PLANE('',#3576);
#102=PLANE('',#3577);
#103=PLANE('',#3578);
#104=PLANE('',#3579);
#105=PLANE('',#3580);
#106=PLANE('',#3581);
#107=PLANE('',#3582);
#108=PLANE('',#3583);
#109=PLANE('',#3584);
#110=PLANE('',#3585);
#111=PLANE('',#3586);
#112=PLANE('',#3587);
#113=PLANE('',#3588);
#114=PLANE('',#3589);
#115=PLANE('',#3590);
#116=PLANE('',#3591);
#117=PLANE('',#3592);
#118=PLANE('',#3593);
#119=PLANE('',#3594);
#120=PLANE('',#3595);
#121=PLANE('',#3596);
#122=PLANE('',#3597);
#123=PLANE('',#3598);
#124=PLANE('',#3599);
#125=PLANE('',#3600);
#126=PLANE('',#3601);
#127=PLANE('',#3602);
#128=PLANE('',#3603);
#129=PLANE('',#3604);
#130=PLANE('',#3605);
#131=PLANE('',#3606);
#132=PLANE('',#3607);
#133=PLANE('',#3608);
#134=PLANE('',#3609);
#135=PLANE('',#3610);
#136=PLANE('',#3611);
#137=PLANE('',#3612);
#138=PLANE('',#3613);
#139=PLANE('',#3614);
#140=PLANE('',#3615);
#141=PLANE('',#3616);
#142=PLANE('',#3617);
#143=PLANE('',#3618);
#144=PLANE('',#3619);
#145=PLANE('',#3620);
#146=PLANE('',#3621);
#147=PLANE('',#3622);
#148=PLANE('',#3623);
#149=PLANE('',#3624);
#150=PLANE('',#3625);
#151=PLANE('',#3626);
#152=PLANE('',#3627);
#153=PLANE('',#3628);
#154=PLANE('',#3629);
#155=PLANE('',#3630);
#156=PLANE('',#3631);
#157=PLANE('',#3632);
#158=PLANE('',#3633);
#159=PLANE('',#3634);
#160=PLANE('',#3635);
#161=PLANE('',#3636);
#162=PLANE('',#3637);
#163=PLANE('',#3638);
#164=PLANE('',#3639);
#165=PLANE('',#3640);
#166=PLANE('',#3641);
#167=PLANE('',#3642);
#168=PLANE('',#3643);
#169=PLANE('',#3644);
#170=PLANE('',#3645);
#171=PLANE('',#3646);
#172=PLANE('',#3647);
#173=PLANE('',#3648);
#174=PLANE('',#3649);
#175=PLANE('',#3650);
#176=PLANE('',#3651);
#177=PLANE('',#3652);
#178=PLANE('',#3653);
#179=PLANE('',#3654);
#180=PLANE('',#3655);
#181=PLANE('',#3656);
#182=PLANE('',#3657);
#183=PLANE('',#3658);
#184=FACE_OUTER_BOUND('',#365,.T.);
#185=FACE_OUTER_BOUND('',#366,.T.);
#186=FACE_OUTER_BOUND('',#367,.T.);
#187=FACE_OUTER_BOUND('',#368,.T.);
#188=FACE_OUTER_BOUND('',#369,.T.);
#189=FACE_OUTER_BOUND('',#370,.T.);
#190=FACE_OUTER_BOUND('',#371,.T.);
#191=FACE_OUTER_BOUND('',#372,.T.);
#192=FACE_OUTER_BOUND('',#373,.T.);
#193=FACE_OUTER_BOUND('',#374,.T.);
#194=FACE_OUTER_BOUND('',#375,.T.);
#195=FACE_OUTER_BOUND('',#376,.T.);
#196=FACE_OUTER_BOUND('',#377,.T.);
#197=FACE_OUTER_BOUND('',#378,.T.);
#198=FACE_OUTER_BOUND('',#379,.T.);
#199=FACE_OUTER_BOUND('',#380,.T.);
#200=FACE_OUTER_BOUND('',#381,.T.);
#201=FACE_OUTER_BOUND('',#382,.T.);
#202=FACE_OUTER_BOUND('',#383,.T.);
#203=FACE_OUTER_BOUND('',#384,.T.);
#204=FACE_OUTER_BOUND('',#385,.T.);
#205=FACE_OUTER_BOUND('',#386,.T.);
#206=FACE_OUTER_BOUND('',#387,.T.);
#207=FACE_OUTER_BOUND('',#388,.T.);
#208=FACE_OUTER_BOUND('',#389,.T.);
#209=FACE_OUTER_BOUND('',#390,.T.);
#210=FACE_OUTER_BOUND('',#391,.T.);
#211=FACE_OUTER_BOUND('',#392,.T.);
#212=FACE_OUTER_BOUND('',#409,.T.);
#213=FACE_OUTER_BOUND('',#410,.T.);
#214=FACE_OUTER_BOUND('',#411,.T.);
#215=FACE_OUTER_BOUND('',#412,.T.);
#216=FACE_OUTER_BOUND('',#413,.T.);
#217=FACE_OUTER_BOUND('',#414,.T.);
#218=FACE_OUTER_BOUND('',#415,.T.);
#219=FACE_OUTER_BOUND('',#416,.T.);
#220=FACE_OUTER_BOUND('',#417,.T.);
#221=FACE_OUTER_BOUND('',#418,.T.);
#222=FACE_OUTER_BOUND('',#419,.T.);
#223=FACE_OUTER_BOUND('',#420,.T.);
#224=FACE_OUTER_BOUND('',#421,.T.);
#225=FACE_OUTER_BOUND('',#422,.T.);
#226=FACE_OUTER_BOUND('',#423,.T.);
#227=FACE_OUTER_BOUND('',#424,.T.);
#228=FACE_OUTER_BOUND('',#425,.T.);
#229=FACE_OUTER_BOUND('',#426,.T.);
#230=FACE_OUTER_BOUND('',#427,.T.);
#231=FACE_OUTER_BOUND('',#428,.T.);
#232=FACE_OUTER_BOUND('',#429,.T.);
#233=FACE_OUTER_BOUND('',#430,.T.);
#234=FACE_OUTER_BOUND('',#431,.T.);
#235=FACE_OUTER_BOUND('',#432,.T.);
#236=FACE_OUTER_BOUND('',#433,.T.);
#237=FACE_OUTER_BOUND('',#434,.T.);
#238=FACE_OUTER_BOUND('',#435,.T.);
#239=FACE_OUTER_BOUND('',#436,.T.);
#240=FACE_OUTER_BOUND('',#437,.T.);
#241=FACE_OUTER_BOUND('',#438,.T.);
#242=FACE_OUTER_BOUND('',#439,.T.);
#243=FACE_OUTER_BOUND('',#440,.T.);
#244=FACE_OUTER_BOUND('',#441,.T.);
#245=FACE_OUTER_BOUND('',#442,.T.);
#246=FACE_OUTER_BOUND('',#447,.T.);
#247=FACE_OUTER_BOUND('',#448,.T.);
#248=FACE_OUTER_BOUND('',#449,.T.);
#249=FACE_OUTER_BOUND('',#450,.T.);
#250=FACE_OUTER_BOUND('',#451,.T.);
#251=FACE_OUTER_BOUND('',#452,.T.);
#252=FACE_OUTER_BOUND('',#453,.T.);
#253=FACE_OUTER_BOUND('',#454,.T.);
#254=FACE_OUTER_BOUND('',#455,.T.);
#255=FACE_OUTER_BOUND('',#456,.T.);
#256=FACE_OUTER_BOUND('',#457,.T.);
#257=FACE_OUTER_BOUND('',#458,.T.);
#258=FACE_OUTER_BOUND('',#459,.T.);
#259=FACE_OUTER_BOUND('',#460,.T.);
#260=FACE_OUTER_BOUND('',#461,.T.);
#261=FACE_OUTER_BOUND('',#462,.T.);
#262=FACE_OUTER_BOUND('',#463,.T.);
#263=FACE_OUTER_BOUND('',#464,.T.);
#264=FACE_OUTER_BOUND('',#465,.T.);
#265=FACE_OUTER_BOUND('',#466,.T.);
#266=FACE_OUTER_BOUND('',#467,.T.);
#267=FACE_OUTER_BOUND('',#468,.T.);
#268=FACE_OUTER_BOUND('',#469,.T.);
#269=FACE_OUTER_BOUND('',#470,.T.);
#270=FACE_OUTER_BOUND('',#471,.T.);
#271=FACE_OUTER_BOUND('',#472,.T.);
#272=FACE_OUTER_BOUND('',#473,.T.);
#273=FACE_OUTER_BOUND('',#474,.T.);
#274=FACE_OUTER_BOUND('',#475,.T.);
#275=FACE_OUTER_BOUND('',#476,.T.);
#276=FACE_OUTER_BOUND('',#477,.T.);
#277=FACE_OUTER_BOUND('',#478,.T.);
#278=FACE_OUTER_BOUND('',#479,.T.);
#279=FACE_OUTER_BOUND('',#480,.T.);
#280=FACE_OUTER_BOUND('',#481,.T.);
#281=FACE_OUTER_BOUND('',#482,.T.);
#282=FACE_OUTER_BOUND('',#483,.T.);
#283=FACE_OUTER_BOUND('',#484,.T.);
#284=FACE_OUTER_BOUND('',#485,.T.);
#285=FACE_OUTER_BOUND('',#486,.T.);
#286=FACE_OUTER_BOUND('',#487,.T.);
#287=FACE_OUTER_BOUND('',#488,.T.);
#288=FACE_OUTER_BOUND('',#489,.T.);
#289=FACE_OUTER_BOUND('',#490,.T.);
#290=FACE_OUTER_BOUND('',#491,.T.);
#291=FACE_OUTER_BOUND('',#492,.T.);
#292=FACE_OUTER_BOUND('',#493,.T.);
#293=FACE_OUTER_BOUND('',#494,.T.);
#294=FACE_OUTER_BOUND('',#495,.T.);
#295=FACE_OUTER_BOUND('',#496,.T.);
#296=FACE_OUTER_BOUND('',#497,.T.);
#297=FACE_OUTER_BOUND('',#498,.T.);
#298=FACE_OUTER_BOUND('',#499,.T.);
#299=FACE_OUTER_BOUND('',#500,.T.);
#300=FACE_OUTER_BOUND('',#501,.T.);
#301=FACE_OUTER_BOUND('',#502,.T.);
#302=FACE_OUTER_BOUND('',#503,.T.);
#303=FACE_OUTER_BOUND('',#504,.T.);
#304=FACE_OUTER_BOUND('',#505,.T.);
#305=FACE_OUTER_BOUND('',#506,.T.);
#306=FACE_OUTER_BOUND('',#507,.T.);
#307=FACE_OUTER_BOUND('',#508,.T.);
#308=FACE_OUTER_BOUND('',#509,.T.);
#309=FACE_OUTER_BOUND('',#510,.T.);
#310=FACE_OUTER_BOUND('',#511,.T.);
#311=FACE_OUTER_BOUND('',#512,.T.);
#312=FACE_OUTER_BOUND('',#513,.T.);
#313=FACE_OUTER_BOUND('',#514,.T.);
#314=FACE_OUTER_BOUND('',#515,.T.);
#315=FACE_OUTER_BOUND('',#516,.T.);
#316=FACE_OUTER_BOUND('',#517,.T.);
#317=FACE_OUTER_BOUND('',#518,.T.);
#318=FACE_OUTER_BOUND('',#519,.T.);
#319=FACE_OUTER_BOUND('',#520,.T.);
#320=FACE_OUTER_BOUND('',#521,.T.);
#321=FACE_OUTER_BOUND('',#522,.T.);
#322=FACE_OUTER_BOUND('',#523,.T.);
#323=FACE_OUTER_BOUND('',#524,.T.);
#324=FACE_OUTER_BOUND('',#525,.T.);
#325=FACE_OUTER_BOUND('',#526,.T.);
#326=FACE_OUTER_BOUND('',#527,.T.);
#327=FACE_OUTER_BOUND('',#528,.T.);
#328=FACE_OUTER_BOUND('',#529,.T.);
#329=FACE_OUTER_BOUND('',#530,.T.);
#330=FACE_OUTER_BOUND('',#531,.T.);
#331=FACE_OUTER_BOUND('',#532,.T.);
#332=FACE_OUTER_BOUND('',#533,.T.);
#333=FACE_OUTER_BOUND('',#534,.T.);
#334=FACE_OUTER_BOUND('',#535,.T.);
#335=FACE_OUTER_BOUND('',#536,.T.);
#336=FACE_OUTER_BOUND('',#537,.T.);
#337=FACE_OUTER_BOUND('',#538,.T.);
#338=FACE_OUTER_BOUND('',#539,.T.);
#339=FACE_OUTER_BOUND('',#540,.T.);
#340=FACE_OUTER_BOUND('',#541,.T.);
#341=FACE_OUTER_BOUND('',#542,.T.);
#342=FACE_OUTER_BOUND('',#543,.T.);
#343=FACE_OUTER_BOUND('',#544,.T.);
#344=FACE_OUTER_BOUND('',#545,.T.);
#345=FACE_OUTER_BOUND('',#546,.T.);
#346=FACE_OUTER_BOUND('',#547,.T.);
#347=FACE_OUTER_BOUND('',#548,.T.);
#348=FACE_OUTER_BOUND('',#549,.T.);
#349=FACE_OUTER_BOUND('',#550,.T.);
#350=FACE_OUTER_BOUND('',#551,.T.);
#351=FACE_OUTER_BOUND('',#552,.T.);
#352=FACE_OUTER_BOUND('',#553,.T.);
#353=FACE_OUTER_BOUND('',#554,.T.);
#354=FACE_OUTER_BOUND('',#555,.T.);
#355=FACE_OUTER_BOUND('',#556,.T.);
#356=FACE_OUTER_BOUND('',#557,.T.);
#357=FACE_OUTER_BOUND('',#558,.T.);
#358=FACE_OUTER_BOUND('',#559,.T.);
#359=FACE_OUTER_BOUND('',#560,.T.);
#360=FACE_OUTER_BOUND('',#561,.T.);
#361=FACE_OUTER_BOUND('',#562,.T.);
#362=FACE_OUTER_BOUND('',#563,.T.);
#363=FACE_OUTER_BOUND('',#564,.T.);
#364=FACE_OUTER_BOUND('',#565,.T.);
#365=EDGE_LOOP('',(#2230,#2231,#2232,#2233));
#366=EDGE_LOOP('',(#2234));
#367=EDGE_LOOP('',(#2235,#2236,#2237,#2238));
#368=EDGE_LOOP('',(#2239));
#369=EDGE_LOOP('',(#2240,#2241,#2242,#2243));
#370=EDGE_LOOP('',(#2244));
#371=EDGE_LOOP('',(#2245,#2246,#2247,#2248));
#372=EDGE_LOOP('',(#2249));
#373=EDGE_LOOP('',(#2250,#2251,#2252,#2253));
#374=EDGE_LOOP('',(#2254));
#375=EDGE_LOOP('',(#2255,#2256,#2257,#2258));
#376=EDGE_LOOP('',(#2259));
#377=EDGE_LOOP('',(#2260,#2261,#2262,#2263));
#378=EDGE_LOOP('',(#2264));
#379=EDGE_LOOP('',(#2265,#2266,#2267,#2268));
#380=EDGE_LOOP('',(#2269));
#381=EDGE_LOOP('',(#2270,#2271,#2272,#2273));
#382=EDGE_LOOP('',(#2274));
#383=EDGE_LOOP('',(#2275,#2276,#2277,#2278));
#384=EDGE_LOOP('',(#2279));
#385=EDGE_LOOP('',(#2280,#2281,#2282,#2283));
#386=EDGE_LOOP('',(#2284));
#387=EDGE_LOOP('',(#2285,#2286,#2287,#2288));
#388=EDGE_LOOP('',(#2289));
#389=EDGE_LOOP('',(#2290,#2291,#2292,#2293));
#390=EDGE_LOOP('',(#2294,#2295,#2296,#2297));
#391=EDGE_LOOP('',(#2298,#2299,#2300,#2301));
#392=EDGE_LOOP('',(#2302,#2303,#2304,#2305,#2306,#2307,#2308,#2309,#2310,
#2311,#2312,#2313,#2314,#2315,#2316,#2317,#2318,#2319));
#393=EDGE_LOOP('',(#2320));
#394=EDGE_LOOP('',(#2321));
#395=EDGE_LOOP('',(#2322));
#396=EDGE_LOOP('',(#2323));
#397=EDGE_LOOP('',(#2324));
#398=EDGE_LOOP('',(#2325));
#399=EDGE_LOOP('',(#2326));
#400=EDGE_LOOP('',(#2327));
#401=EDGE_LOOP('',(#2328));
#402=EDGE_LOOP('',(#2329));
#403=EDGE_LOOP('',(#2330));
#404=EDGE_LOOP('',(#2331));
#405=EDGE_LOOP('',(#2332,#2333,#2334,#2335));
#406=EDGE_LOOP('',(#2336));
#407=EDGE_LOOP('',(#2337,#2338,#2339,#2340,#2341,#2342,#2343,#2344,#2345,
#2346,#2347,#2348,#2349,#2350,#2351,#2352,#2353,#2354,#2355,#2356,#2357,
#2358,#2359,#2360,#2361,#2362,#2363,#2364,#2365,#2366,#2367,#2368,#2369,
#2370,#2371,#2372,#2373,#2374,#2375,#2376,#2377,#2378,#2379,#2380,#2381,
#2382,#2383,#2384,#2385,#2386,#2387,#2388,#2389,#2390,#2391,#2392,#2393,
#2394,#2395,#2396,#2397));
#408=EDGE_LOOP('',(#2398,#2399,#2400,#2401,#2402,#2403,#2404,#2405,#2406,
#2407,#2408,#2409,#2410,#2411,#2412,#2413,#2414,#2415,#2416,#2417,#2418,
#2419,#2420));
#409=EDGE_LOOP('',(#2421,#2422,#2423,#2424));
#410=EDGE_LOOP('',(#2425,#2426,#2427,#2428));
#411=EDGE_LOOP('',(#2429,#2430,#2431,#2432));
#412=EDGE_LOOP('',(#2433,#2434,#2435,#2436));
#413=EDGE_LOOP('',(#2437,#2438,#2439,#2440));
#414=EDGE_LOOP('',(#2441,#2442,#2443,#2444));
#415=EDGE_LOOP('',(#2445,#2446,#2447,#2448));
#416=EDGE_LOOP('',(#2449,#2450,#2451,#2452));
#417=EDGE_LOOP('',(#2453,#2454,#2455,#2456));
#418=EDGE_LOOP('',(#2457,#2458,#2459,#2460));
#419=EDGE_LOOP('',(#2461,#2462,#2463,#2464));
#420=EDGE_LOOP('',(#2465,#2466,#2467,#2468));
#421=EDGE_LOOP('',(#2469,#2470,#2471,#2472));
#422=EDGE_LOOP('',(#2473,#2474,#2475,#2476));
#423=EDGE_LOOP('',(#2477,#2478,#2479,#2480));
#424=EDGE_LOOP('',(#2481,#2482,#2483,#2484));
#425=EDGE_LOOP('',(#2485,#2486,#2487,#2488));
#426=EDGE_LOOP('',(#2489,#2490,#2491,#2492));
#427=EDGE_LOOP('',(#2493,#2494,#2495,#2496));
#428=EDGE_LOOP('',(#2497,#2498,#2499,#2500));
#429=EDGE_LOOP('',(#2501,#2502,#2503,#2504));
#430=EDGE_LOOP('',(#2505,#2506,#2507,#2508));
#431=EDGE_LOOP('',(#2509,#2510,#2511,#2512));
#432=EDGE_LOOP('',(#2513,#2514,#2515,#2516));
#433=EDGE_LOOP('',(#2517,#2518,#2519,#2520,#2521,#2522,#2523,#2524,#2525,
#2526,#2527,#2528));
#434=EDGE_LOOP('',(#2529,#2530,#2531,#2532));
#435=EDGE_LOOP('',(#2533,#2534,#2535,#2536));
#436=EDGE_LOOP('',(#2537,#2538,#2539,#2540));
#437=EDGE_LOOP('',(#2541,#2542,#2543,#2544));
#438=EDGE_LOOP('',(#2545,#2546,#2547,#2548));
#439=EDGE_LOOP('',(#2549,#2550,#2551,#2552));
#440=EDGE_LOOP('',(#2553,#2554,#2555,#2556));
#441=EDGE_LOOP('',(#2557,#2558,#2559,#2560));
#442=EDGE_LOOP('',(#2561,#2562,#2563,#2564,#2565,#2566,#2567,#2568,#2569,
#2570,#2571,#2572,#2573,#2574,#2575,#2576,#2577,#2578));
#443=EDGE_LOOP('',(#2579,#2580,#2581,#2582));
#444=EDGE_LOOP('',(#2583));
#445=EDGE_LOOP('',(#2584,#2585,#2586,#2587,#2588,#2589,#2590,#2591,#2592,
#2593,#2594,#2595,#2596,#2597,#2598,#2599,#2600,#2601,#2602,#2603,#2604,
#2605,#2606,#2607,#2608,#2609,#2610,#2611,#2612,#2613,#2614,#2615,#2616,
#2617,#2618,#2619,#2620,#2621,#2622,#2623,#2624,#2625,#2626,#2627,#2628,
#2629,#2630,#2631,#2632,#2633,#2634,#2635,#2636,#2637,#2638,#2639,#2640,
#2641,#2642,#2643,#2644));
#446=EDGE_LOOP('',(#2645,#2646,#2647,#2648,#2649,#2650,#2651,#2652,#2653,
#2654,#2655,#2656,#2657,#2658,#2659,#2660,#2661,#2662,#2663,#2664,#2665,
#2666,#2667));
#447=EDGE_LOOP('',(#2668,#2669,#2670,#2671,#2672,#2673,#2674,#2675,#2676,
#2677,#2678,#2679,#2680,#2681,#2682,#2683,#2684,#2685,#2686,#2687,#2688,
#2689,#2690,#2691,#2692,#2693,#2694,#2695,#2696,#2697,#2698,#2699,#2700,
#2701,#2702,#2703,#2704,#2705,#2706,#2707));
#448=EDGE_LOOP('',(#2708,#2709,#2710,#2711));
#449=EDGE_LOOP('',(#2712,#2713,#2714,#2715));
#450=EDGE_LOOP('',(#2716,#2717,#2718,#2719));
#451=EDGE_LOOP('',(#2720,#2721,#2722,#2723));
#452=EDGE_LOOP('',(#2724,#2725,#2726,#2727));
#453=EDGE_LOOP('',(#2728,#2729,#2730,#2731));
#454=EDGE_LOOP('',(#2732,#2733,#2734,#2735));
#455=EDGE_LOOP('',(#2736,#2737,#2738,#2739));
#456=EDGE_LOOP('',(#2740,#2741,#2742,#2743));
#457=EDGE_LOOP('',(#2744,#2745,#2746,#2747));
#458=EDGE_LOOP('',(#2748,#2749,#2750,#2751));
#459=EDGE_LOOP('',(#2752,#2753,#2754,#2755));
#460=EDGE_LOOP('',(#2756,#2757,#2758,#2759));
#461=EDGE_LOOP('',(#2760,#2761,#2762,#2763));
#462=EDGE_LOOP('',(#2764,#2765,#2766,#2767));
#463=EDGE_LOOP('',(#2768,#2769,#2770,#2771));
#464=EDGE_LOOP('',(#2772,#2773,#2774,#2775));
#465=EDGE_LOOP('',(#2776,#2777,#2778,#2779));
#466=EDGE_LOOP('',(#2780,#2781,#2782,#2783));
#467=EDGE_LOOP('',(#2784,#2785,#2786,#2787,#2788,#2789,#2790,#2791,#2792,
#2793,#2794,#2795));
#468=EDGE_LOOP('',(#2796,#2797,#2798,#2799));
#469=EDGE_LOOP('',(#2800,#2801,#2802,#2803));
#470=EDGE_LOOP('',(#2804,#2805,#2806,#2807));
#471=EDGE_LOOP('',(#2808,#2809,#2810,#2811));
#472=EDGE_LOOP('',(#2812,#2813,#2814,#2815));
#473=EDGE_LOOP('',(#2816,#2817,#2818,#2819));
#474=EDGE_LOOP('',(#2820,#2821,#2822,#2823));
#475=EDGE_LOOP('',(#2824,#2825,#2826,#2827));
#476=EDGE_LOOP('',(#2828,#2829,#2830,#2831));
#477=EDGE_LOOP('',(#2832,#2833,#2834,#2835));
#478=EDGE_LOOP('',(#2836,#2837,#2838,#2839));
#479=EDGE_LOOP('',(#2840,#2841,#2842,#2843));
#480=EDGE_LOOP('',(#2844,#2845,#2846,#2847));
#481=EDGE_LOOP('',(#2848,#2849,#2850,#2851));
#482=EDGE_LOOP('',(#2852,#2853,#2854,#2855));
#483=EDGE_LOOP('',(#2856,#2857,#2858,#2859));
#484=EDGE_LOOP('',(#2860,#2861,#2862,#2863));
#485=EDGE_LOOP('',(#2864,#2865,#2866,#2867));
#486=EDGE_LOOP('',(#2868,#2869,#2870,#2871));
#487=EDGE_LOOP('',(#2872,#2873,#2874,#2875));
#488=EDGE_LOOP('',(#2876,#2877,#2878,#2879));
#489=EDGE_LOOP('',(#2880,#2881,#2882,#2883));
#490=EDGE_LOOP('',(#2884,#2885,#2886,#2887));
#491=EDGE_LOOP('',(#2888,#2889,#2890,#2891));
#492=EDGE_LOOP('',(#2892,#2893,#2894,#2895));
#493=EDGE_LOOP('',(#2896,#2897,#2898,#2899));
#494=EDGE_LOOP('',(#2900,#2901,#2902,#2903));
#495=EDGE_LOOP('',(#2904,#2905,#2906,#2907));
#496=EDGE_LOOP('',(#2908,#2909,#2910,#2911));
#497=EDGE_LOOP('',(#2912,#2913,#2914,#2915));
#498=EDGE_LOOP('',(#2916,#2917,#2918,#2919));
#499=EDGE_LOOP('',(#2920,#2921,#2922,#2923));
#500=EDGE_LOOP('',(#2924,#2925,#2926,#2927));
#501=EDGE_LOOP('',(#2928,#2929,#2930,#2931));
#502=EDGE_LOOP('',(#2932,#2933,#2934,#2935));
#503=EDGE_LOOP('',(#2936,#2937,#2938,#2939));
#504=EDGE_LOOP('',(#2940,#2941,#2942,#2943));
#505=EDGE_LOOP('',(#2944,#2945,#2946,#2947));
#506=EDGE_LOOP('',(#2948,#2949,#2950,#2951));
#507=EDGE_LOOP('',(#2952,#2953,#2954,#2955));
#508=EDGE_LOOP('',(#2956,#2957,#2958,#2959));
#509=EDGE_LOOP('',(#2960,#2961,#2962,#2963));
#510=EDGE_LOOP('',(#2964,#2965,#2966,#2967));
#511=EDGE_LOOP('',(#2968,#2969,#2970,#2971));
#512=EDGE_LOOP('',(#2972,#2973,#2974,#2975));
#513=EDGE_LOOP('',(#2976,#2977,#2978,#2979));
#514=EDGE_LOOP('',(#2980,#2981,#2982,#2983));
#515=EDGE_LOOP('',(#2984,#2985,#2986,#2987));
#516=EDGE_LOOP('',(#2988,#2989,#2990,#2991));
#517=EDGE_LOOP('',(#2992,#2993,#2994,#2995));
#518=EDGE_LOOP('',(#2996,#2997,#2998,#2999));
#519=EDGE_LOOP('',(#3000,#3001,#3002,#3003));
#520=EDGE_LOOP('',(#3004,#3005,#3006,#3007));
#521=EDGE_LOOP('',(#3008,#3009,#3010,#3011));
#522=EDGE_LOOP('',(#3012,#3013,#3014,#3015));
#523=EDGE_LOOP('',(#3016,#3017,#3018,#3019));
#524=EDGE_LOOP('',(#3020,#3021,#3022,#3023));
#525=EDGE_LOOP('',(#3024,#3025,#3026,#3027));
#526=EDGE_LOOP('',(#3028,#3029,#3030,#3031));
#527=EDGE_LOOP('',(#3032,#3033,#3034,#3035));
#528=EDGE_LOOP('',(#3036,#3037,#3038,#3039));
#529=EDGE_LOOP('',(#3040,#3041,#3042,#3043));
#530=EDGE_LOOP('',(#3044,#3045,#3046,#3047));
#531=EDGE_LOOP('',(#3048,#3049,#3050,#3051));
#532=EDGE_LOOP('',(#3052,#3053,#3054,#3055));
#533=EDGE_LOOP('',(#3056,#3057,#3058,#3059));
#534=EDGE_LOOP('',(#3060,#3061,#3062,#3063));
#535=EDGE_LOOP('',(#3064,#3065,#3066,#3067));
#536=EDGE_LOOP('',(#3068,#3069,#3070,#3071));
#537=EDGE_LOOP('',(#3072,#3073,#3074,#3075));
#538=EDGE_LOOP('',(#3076,#3077,#3078,#3079));
#539=EDGE_LOOP('',(#3080,#3081,#3082,#3083));
#540=EDGE_LOOP('',(#3084,#3085,#3086,#3087));
#541=EDGE_LOOP('',(#3088,#3089,#3090,#3091));
#542=EDGE_LOOP('',(#3092,#3093,#3094,#3095));
#543=EDGE_LOOP('',(#3096,#3097,#3098,#3099));
#544=EDGE_LOOP('',(#3100,#3101,#3102,#3103));
#545=EDGE_LOOP('',(#3104,#3105,#3106,#3107));
#546=EDGE_LOOP('',(#3108,#3109,#3110,#3111));
#547=EDGE_LOOP('',(#3112,#3113,#3114,#3115));
#548=EDGE_LOOP('',(#3116,#3117,#3118,#3119));
#549=EDGE_LOOP('',(#3120,#3121,#3122,#3123));
#550=EDGE_LOOP('',(#3124,#3125,#3126,#3127));
#551=EDGE_LOOP('',(#3128,#3129,#3130,#3131));
#552=EDGE_LOOP('',(#3132,#3133,#3134,#3135));
#553=EDGE_LOOP('',(#3136,#3137,#3138,#3139));
#554=EDGE_LOOP('',(#3140,#3141,#3142,#3143));
#555=EDGE_LOOP('',(#3144,#3145,#3146,#3147));
#556=EDGE_LOOP('',(#3148,#3149,#3150,#3151));
#557=EDGE_LOOP('',(#3152,#3153,#3154,#3155));
#558=EDGE_LOOP('',(#3156,#3157,#3158,#3159));
#559=EDGE_LOOP('',(#3160,#3161,#3162,#3163));
#560=EDGE_LOOP('',(#3164,#3165,#3166,#3167));
#561=EDGE_LOOP('',(#3168,#3169,#3170,#3171));
#562=EDGE_LOOP('',(#3172,#3173,#3174,#3175));
#563=EDGE_LOOP('',(#3176,#3177,#3178,#3179));
#564=EDGE_LOOP('',(#3180,#3181,#3182,#3183));
#565=EDGE_LOOP('',(#3184,#3185,#3186,#3187));
#566=LINE('',#4564,#968);
#567=LINE('',#4571,#969);
#568=LINE('',#4578,#970);
#569=LINE('',#4585,#971);
#570=LINE('',#4592,#972);
#571=LINE('',#4599,#973);
#572=LINE('',#4606,#974);
#573=LINE('',#4613,#975);
#574=LINE('',#4620,#976);
#575=LINE('',#4627,#977);
#576=LINE('',#4634,#978);
#577=LINE('',#4641,#979);
#578=LINE('',#4649,#980);
#579=LINE('',#4652,#981);
#580=LINE('',#4655,#982);
#581=LINE('',#4657,#983);
#582=LINE('',#4658,#984);
#583=LINE('',#4664,#985);
#584=LINE('',#4667,#986);
#585=LINE('',#4669,#987);
#586=LINE('',#4671,#988);
#587=LINE('',#4675,#989);
#588=LINE('',#4677,#990);
#589=LINE('',#4681,#991);
#590=LINE('',#4683,#992);
#591=LINE('',#4685,#993);
#592=LINE('',#4689,#994);
#593=LINE('',#4691,#995);
#594=LINE('',#4693,#996);
#595=LINE('',#4695,#997);
#596=LINE('',#4696,#998);
#597=LINE('',#4699,#999);
#598=LINE('',#4701,#1000);
#599=LINE('',#4703,#1001);
#600=LINE('',#4704,#1002);
#601=LINE('',#4709,#1003);
#602=LINE('',#4711,#1004);
#603=LINE('',#4713,#1005);
#604=LINE('',#4715,#1006);
#605=LINE('',#4717,#1007);
#606=LINE('',#4719,#1008);
#607=LINE('',#4721,#1009);
#608=LINE('',#4723,#1010);
#609=LINE('',#4725,#1011);
#610=LINE('',#4727,#1012);
#611=LINE('',#4729,#1013);
#612=LINE('',#4731,#1014);
#613=LINE('',#4733,#1015);
#614=LINE('',#4735,#1016);
#615=LINE('',#4737,#1017);
#616=LINE('',#4739,#1018);
#617=LINE('',#4741,#1019);
#618=LINE('',#4743,#1020);
#619=LINE('',#4745,#1021);
#620=LINE('',#4747,#1022);
#621=LINE('',#4749,#1023);
#622=LINE('',#4751,#1024);
#623=LINE('',#4753,#1025);
#624=LINE('',#4755,#1026);
#625=LINE('',#4757,#1027);
#626=LINE('',#4759,#1028);
#627=LINE('',#4761,#1029);
#628=LINE('',#4763,#1030);
#629=LINE('',#4765,#1031);
#630=LINE('',#4767,#1032);
#631=LINE('',#4769,#1033);
#632=LINE('',#4771,#1034);
#633=LINE('',#4773,#1035);
#634=LINE('',#4775,#1036);
#635=LINE('',#4777,#1037);
#636=LINE('',#4779,#1038);
#637=LINE('',#4781,#1039);
#638=LINE('',#4783,#1040);
#639=LINE('',#4785,#1041);
#640=LINE('',#4787,#1042);
#641=LINE('',#4789,#1043);
#642=LINE('',#4791,#1044);
#643=LINE('',#4793,#1045);
#644=LINE('',#4795,#1046);
#645=LINE('',#4797,#1047);
#646=LINE('',#4799,#1048);
#647=LINE('',#4801,#1049);
#648=LINE('',#4803,#1050);
#649=LINE('',#4805,#1051);
#650=LINE('',#4807,#1052);
#651=LINE('',#4809,#1053);
#652=LINE('',#4811,#1054);
#653=LINE('',#4813,#1055);
#654=LINE('',#4815,#1056);
#655=LINE('',#4817,#1057);
#656=LINE('',#4819,#1058);
#657=LINE('',#4821,#1059);
#658=LINE('',#4823,#1060);
#659=LINE('',#4825,#1061);
#660=LINE('',#4827,#1062);
#661=LINE('',#4828,#1063);
#662=LINE('',#4831,#1064);
#663=LINE('',#4833,#1065);
#664=LINE('',#4835,#1066);
#665=LINE('',#4837,#1067);
#666=LINE('',#4839,#1068);
#667=LINE('',#4841,#1069);
#668=LINE('',#4843,#1070);
#669=LINE('',#4845,#1071);
#670=LINE('',#4847,#1072);
#671=LINE('',#4849,#1073);
#672=LINE('',#4851,#1074);
#673=LINE('',#4853,#1075);
#674=LINE('',#4855,#1076);
#675=LINE('',#4857,#1077);
#676=LINE('',#4859,#1078);
#677=LINE('',#4861,#1079);
#678=LINE('',#4863,#1080);
#679=LINE('',#4865,#1081);
#680=LINE('',#4867,#1082);
#681=LINE('',#4869,#1083);
#682=LINE('',#4871,#1084);
#683=LINE('',#4873,#1085);
#684=LINE('',#4874,#1086);
#685=LINE('',#4877,#1087);
#686=LINE('',#4878,#1088);
#687=LINE('',#4882,#1089);
#688=LINE('',#4885,#1090);
#689=LINE('',#4888,#1091);
#690=LINE('',#4891,#1092);
#691=LINE('',#4892,#1093);
#692=LINE('',#4895,#1094);
#693=LINE('',#4898,#1095);
#694=LINE('',#4901,#1096);
#695=LINE('',#4902,#1097);
#696=LINE('',#4956,#1098);
#697=LINE('',#5007,#1099);
#698=LINE('',#5010,#1100);
#699=LINE('',#5013,#1101);
#700=LINE('',#5030,#1102);
#701=LINE('',#5032,#1103);
#702=LINE('',#5036,#1104);
#703=LINE('',#5050,#1105);
#704=LINE('',#5053,#1106);
#705=LINE('',#5055,#1107);
#706=LINE('',#5070,#1108);
#707=LINE('',#5072,#1109);
#708=LINE('',#5087,#1110);
#709=LINE('',#5089,#1111);
#710=LINE('',#5093,#1112);
#711=LINE('',#5096,#1113);
#712=LINE('',#5115,#1114);
#713=LINE('',#5116,#1115);
#714=LINE('',#5135,#1116);
#715=LINE('',#5136,#1117);
#716=LINE('',#5159,#1118);
#717=LINE('',#5161,#1119);
#718=LINE('',#5165,#1120);
#719=LINE('',#5168,#1121);
#720=LINE('',#5190,#1122);
#721=LINE('',#5191,#1123);
#722=LINE('',#5194,#1124);
#723=LINE('',#5196,#1125);
#724=LINE('',#5200,#1126);
#725=LINE('',#5204,#1127);
#726=LINE('',#5208,#1128);
#727=LINE('',#5212,#1129);
#728=LINE('',#5213,#1130);
#729=LINE('',#5216,#1131);
#730=LINE('',#5220,#1132);
#731=LINE('',#5221,#1133);
#732=LINE('',#5224,#1134);
#733=LINE('',#5228,#1135);
#734=LINE('',#5229,#1136);
#735=LINE('',#5232,#1137);
#736=LINE('',#5233,#1138);
#737=LINE('',#5236,#1139);
#738=LINE('',#5240,#1140);
#739=LINE('',#5241,#1141);
#740=LINE('',#5244,#1142);
#741=LINE('',#5245,#1143);
#742=LINE('',#5249,#1144);
#743=LINE('',#5251,#1145);
#744=LINE('',#5253,#1146);
#745=LINE('',#5254,#1147);
#746=LINE('',#5259,#1148);
#747=LINE('',#5261,#1149);
#748=LINE('',#5263,#1150);
#749=LINE('',#5265,#1151);
#750=LINE('',#5267,#1152);
#751=LINE('',#5269,#1153);
#752=LINE('',#5271,#1154);
#753=LINE('',#5273,#1155);
#754=LINE('',#5275,#1156);
#755=LINE('',#5277,#1157);
#756=LINE('',#5279,#1158);
#757=LINE('',#5281,#1159);
#758=LINE('',#5283,#1160);
#759=LINE('',#5285,#1161);
#760=LINE('',#5287,#1162);
#761=LINE('',#5289,#1163);
#762=LINE('',#5291,#1164);
#763=LINE('',#5293,#1165);
#764=LINE('',#5295,#1166);
#765=LINE('',#5297,#1167);
#766=LINE('',#5299,#1168);
#767=LINE('',#5301,#1169);
#768=LINE('',#5303,#1170);
#769=LINE('',#5305,#1171);
#770=LINE('',#5307,#1172);
#771=LINE('',#5309,#1173);
#772=LINE('',#5311,#1174);
#773=LINE('',#5313,#1175);
#774=LINE('',#5315,#1176);
#775=LINE('',#5317,#1177);
#776=LINE('',#5319,#1178);
#777=LINE('',#5321,#1179);
#778=LINE('',#5323,#1180);
#779=LINE('',#5325,#1181);
#780=LINE('',#5327,#1182);
#781=LINE('',#5329,#1183);
#782=LINE('',#5331,#1184);
#783=LINE('',#5333,#1185);
#784=LINE('',#5335,#1186);
#785=LINE('',#5337,#1187);
#786=LINE('',#5339,#1188);
#787=LINE('',#5341,#1189);
#788=LINE('',#5343,#1190);
#789=LINE('',#5345,#1191);
#790=LINE('',#5347,#1192);
#791=LINE('',#5349,#1193);
#792=LINE('',#5351,#1194);
#793=LINE('',#5353,#1195);
#794=LINE('',#5355,#1196);
#795=LINE('',#5357,#1197);
#796=LINE('',#5359,#1198);
#797=LINE('',#5361,#1199);
#798=LINE('',#5363,#1200);
#799=LINE('',#5365,#1201);
#800=LINE('',#5367,#1202);
#801=LINE('',#5369,#1203);
#802=LINE('',#5371,#1204);
#803=LINE('',#5373,#1205);
#804=LINE('',#5375,#1206);
#805=LINE('',#5377,#1207);
#806=LINE('',#5378,#1208);
#807=LINE('',#5381,#1209);
#808=LINE('',#5383,#1210);
#809=LINE('',#5385,#1211);
#810=LINE('',#5387,#1212);
#811=LINE('',#5389,#1213);
#812=LINE('',#5391,#1214);
#813=LINE('',#5393,#1215);
#814=LINE('',#5395,#1216);
#815=LINE('',#5397,#1217);
#816=LINE('',#5399,#1218);
#817=LINE('',#5401,#1219);
#818=LINE('',#5403,#1220);
#819=LINE('',#5405,#1221);
#820=LINE('',#5407,#1222);
#821=LINE('',#5409,#1223);
#822=LINE('',#5411,#1224);
#823=LINE('',#5413,#1225);
#824=LINE('',#5415,#1226);
#825=LINE('',#5417,#1227);
#826=LINE('',#5419,#1228);
#827=LINE('',#5421,#1229);
#828=LINE('',#5423,#1230);
#829=LINE('',#5424,#1231);
#830=LINE('',#5427,#1232);
#831=LINE('',#5431,#1233);
#832=LINE('',#5433,#1234);
#833=LINE('',#5435,#1235);
#834=LINE('',#5437,#1236);
#835=LINE('',#5439,#1237);
#836=LINE('',#5441,#1238);
#837=LINE('',#5444,#1239);
#838=LINE('',#5445,#1240);
#839=LINE('',#5447,#1241);
#840=LINE('',#5449,#1242);
#841=LINE('',#5451,#1243);
#842=LINE('',#5453,#1244);
#843=LINE('',#5454,#1245);
#844=LINE('',#5455,#1246);
#845=LINE('',#5457,#1247);
#846=LINE('',#5458,#1248);
#847=LINE('',#5460,#1249);
#848=LINE('',#5461,#1250);
#849=LINE('',#5463,#1251);
#850=LINE('',#5465,#1252);
#851=LINE('',#5467,#1253);
#852=LINE('',#5468,#1254);
#853=LINE('',#5473,#1255);
#854=LINE('',#5474,#1256);
#855=LINE('',#5475,#1257);
#856=LINE('',#5478,#1258);
#857=LINE('',#5479,#1259);
#858=LINE('',#5482,#1260);
#859=LINE('',#5483,#1261);
#860=LINE('',#5485,#1262);
#861=LINE('',#5487,#1263);
#862=LINE('',#5488,#1264);
#863=LINE('',#5490,#1265);
#864=LINE('',#5492,#1266);
#865=LINE('',#5497,#1267);
#866=LINE('',#5498,#1268);
#867=LINE('',#5499,#1269);
#868=LINE('',#5503,#1270);
#869=LINE('',#5506,#1271);
#870=LINE('',#5507,#1272);
#871=LINE('',#5511,#1273);
#872=LINE('',#5515,#1274);
#873=LINE('',#5517,#1275);
#874=LINE('',#5522,#1276);
#875=LINE('',#5524,#1277);
#876=LINE('',#5526,#1278);
#877=LINE('',#5528,#1279);
#878=LINE('',#5530,#1280);
#879=LINE('',#5534,#1281);
#880=LINE('',#5537,#1282);
#881=LINE('',#5539,#1283);
#882=LINE('',#5541,#1284);
#883=LINE('',#5543,#1285);
#884=LINE('',#5546,#1286);
#885=LINE('',#5547,#1287);
#886=LINE('',#5549,#1288);
#887=LINE('',#5551,#1289);
#888=LINE('',#5553,#1290);
#889=LINE('',#5555,#1291);
#890=LINE('',#5557,#1292);
#891=LINE('',#5559,#1293);
#892=LINE('',#5561,#1294);
#893=LINE('',#5563,#1295);
#894=LINE('',#5565,#1296);
#895=LINE('',#5567,#1297);
#896=LINE('',#5569,#1298);
#897=LINE('',#5571,#1299);
#898=LINE('',#5573,#1300);
#899=LINE('',#5575,#1301);
#900=LINE('',#5577,#1302);
#901=LINE('',#5579,#1303);
#902=LINE('',#5581,#1304);
#903=LINE('',#5583,#1305);
#904=LINE('',#5585,#1306);
#905=LINE('',#5587,#1307);
#906=LINE('',#5589,#1308);
#907=LINE('',#5592,#1309);
#908=LINE('',#5593,#1310);
#909=LINE('',#5595,#1311);
#910=LINE('',#5597,#1312);
#911=LINE('',#5599,#1313);
#912=LINE('',#5601,#1314);
#913=LINE('',#5603,#1315);
#914=LINE('',#5605,#1316);
#915=LINE('',#5607,#1317);
#916=LINE('',#5609,#1318);
#917=LINE('',#5611,#1319);
#918=LINE('',#5613,#1320);
#919=LINE('',#5615,#1321);
#920=LINE('',#5617,#1322);
#921=LINE('',#5619,#1323);
#922=LINE('',#5621,#1324);
#923=LINE('',#5623,#1325);
#924=LINE('',#5625,#1326);
#925=LINE('',#5627,#1327);
#926=LINE('',#5629,#1328);
#927=LINE('',#5631,#1329);
#928=LINE('',#5633,#1330);
#929=LINE('',#5635,#1331);
#930=LINE('',#5637,#1332);
#931=LINE('',#5639,#1333);
#932=LINE('',#5641,#1334);
#933=LINE('',#5643,#1335);
#934=LINE('',#5645,#1336);
#935=LINE('',#5647,#1337);
#936=LINE('',#5649,#1338);
#937=LINE('',#5651,#1339);
#938=LINE('',#5653,#1340);
#939=LINE('',#5655,#1341);
#940=LINE('',#5657,#1342);
#941=LINE('',#5659,#1343);
#942=LINE('',#5661,#1344);
#943=LINE('',#5663,#1345);
#944=LINE('',#5665,#1346);
#945=LINE('',#5667,#1347);
#946=LINE('',#5669,#1348);
#947=LINE('',#5671,#1349);
#948=LINE('',#5673,#1350);
#949=LINE('',#5675,#1351);
#950=LINE('',#5677,#1352);
#951=LINE('',#5679,#1353);
#952=LINE('',#5681,#1354);
#953=LINE('',#5683,#1355);
#954=LINE('',#5685,#1356);
#955=LINE('',#5687,#1357);
#956=LINE('',#5689,#1358);
#957=LINE('',#5691,#1359);
#958=LINE('',#5693,#1360);
#959=LINE('',#5695,#1361);
#960=LINE('',#5697,#1362);
#961=LINE('',#5699,#1363);
#962=LINE('',#5701,#1364);
#963=LINE('',#5703,#1365);
#964=LINE('',#5705,#1366);
#965=LINE('',#5707,#1367);
#966=LINE('',#5709,#1368);
#967=LINE('',#5711,#1369);
#968=VECTOR('',#3665,2.00000000000003);
#969=VECTOR('',#3674,2.00000000000003);
#970=VECTOR('',#3683,2.00000000000003);
#971=VECTOR('',#3692,2.00000000000003);
#972=VECTOR('',#3701,2.00000000000003);
#973=VECTOR('',#3710,2.00000000000003);
#974=VECTOR('',#3719,2.10000000000001);
#975=VECTOR('',#3728,2.10000000000001);
#976=VECTOR('',#3737,2.10000000000001);
#977=VECTOR('',#3746,2.10000000000001);
#978=VECTOR('',#3755,2.10000000000001);
#979=VECTOR('',#3764,2.10000000000001);
#980=VECTOR('',#3773,10.);
#981=VECTOR('',#3776,10.);
#982=VECTOR('',#3779,10.);
#983=VECTOR('',#3780,10.);
#984=VECTOR('',#3781,10.);
#985=VECTOR('',#3786,10.);
#986=VECTOR('',#3789,10.);
#987=VECTOR('',#3792,10.);
#988=VECTOR('',#3793,10.);
#989=VECTOR('',#3796,10.);
#990=VECTOR('',#3797,10.);
#991=VECTOR('',#3800,10.);
#992=VECTOR('',#3801,10.);
#993=VECTOR('',#3802,10.);
#994=VECTOR('',#3805,10.);
#995=VECTOR('',#3806,10.);
#996=VECTOR('',#3807,10.);
#997=VECTOR('',#3808,10.);
#998=VECTOR('',#3809,10.);
#999=VECTOR('',#3810,10.);
#1000=VECTOR('',#3811,10.);
#1001=VECTOR('',#3812,10.);
#1002=VECTOR('',#3813,10.);
#1003=VECTOR('',#3816,10.);
#1004=VECTOR('',#3817,10.);
#1005=VECTOR('',#3818,10.);
#1006=VECTOR('',#3819,10.);
#1007=VECTOR('',#3820,10.);
#1008=VECTOR('',#3821,10.);
#1009=VECTOR('',#3822,10.);
#1010=VECTOR('',#3823,10.);
#1011=VECTOR('',#3824,10.);
#1012=VECTOR('',#3825,10.);
#1013=VECTOR('',#3826,10.);
#1014=VECTOR('',#3827,10.);
#1015=VECTOR('',#3828,10.);
#1016=VECTOR('',#3829,10.);
#1017=VECTOR('',#3830,10.);
#1018=VECTOR('',#3831,10.);
#1019=VECTOR('',#3832,10.);
#1020=VECTOR('',#3833,10.);
#1021=VECTOR('',#3834,10.);
#1022=VECTOR('',#3835,10.);
#1023=VECTOR('',#3836,10.);
#1024=VECTOR('',#3837,10.);
#1025=VECTOR('',#3838,10.);
#1026=VECTOR('',#3839,10.);
#1027=VECTOR('',#3840,10.);
#1028=VECTOR('',#3841,10.);
#1029=VECTOR('',#3842,10.);
#1030=VECTOR('',#3843,10.);
#1031=VECTOR('',#3844,10.);
#1032=VECTOR('',#3845,10.);
#1033=VECTOR('',#3846,10.);
#1034=VECTOR('',#3847,10.);
#1035=VECTOR('',#3848,10.);
#1036=VECTOR('',#3849,10.);
#1037=VECTOR('',#3850,10.);
#1038=VECTOR('',#3851,10.);
#1039=VECTOR('',#3852,10.);
#1040=VECTOR('',#3853,10.);
#1041=VECTOR('',#3854,10.);
#1042=VECTOR('',#3855,10.);
#1043=VECTOR('',#3856,10.);
#1044=VECTOR('',#3857,10.);
#1045=VECTOR('',#3858,10.);
#1046=VECTOR('',#3859,10.);
#1047=VECTOR('',#3860,10.);
#1048=VECTOR('',#3861,10.);
#1049=VECTOR('',#3862,10.);
#1050=VECTOR('',#3863,10.);
#1051=VECTOR('',#3864,10.);
#1052=VECTOR('',#3865,10.);
#1053=VECTOR('',#3866,10.);
#1054=VECTOR('',#3867,10.);
#1055=VECTOR('',#3868,10.);
#1056=VECTOR('',#3869,10.);
#1057=VECTOR('',#3870,10.);
#1058=VECTOR('',#3871,10.);
#1059=VECTOR('',#3872,10.);
#1060=VECTOR('',#3873,10.);
#1061=VECTOR('',#3874,10.);
#1062=VECTOR('',#3875,10.);
#1063=VECTOR('',#3876,10.);
#1064=VECTOR('',#3877,10.);
#1065=VECTOR('',#3878,10.);
#1066=VECTOR('',#3879,10.);
#1067=VECTOR('',#3880,10.);
#1068=VECTOR('',#3881,10.);
#1069=VECTOR('',#3882,10.);
#1070=VECTOR('',#3883,10.);
#1071=VECTOR('',#3884,10.);
#1072=VECTOR('',#3885,10.);
#1073=VECTOR('',#3886,10.);
#1074=VECTOR('',#3887,10.);
#1075=VECTOR('',#3888,10.);
#1076=VECTOR('',#3889,10.);
#1077=VECTOR('',#3890,10.);
#1078=VECTOR('',#3891,10.);
#1079=VECTOR('',#3892,10.);
#1080=VECTOR('',#3893,10.);
#1081=VECTOR('',#3894,10.);
#1082=VECTOR('',#3895,10.);
#1083=VECTOR('',#3896,10.);
#1084=VECTOR('',#3897,10.);
#1085=VECTOR('',#3898,10.);
#1086=VECTOR('',#3899,10.);
#1087=VECTOR('',#3902,10.);
#1088=VECTOR('',#3903,10.);
#1089=VECTOR('',#3908,10.);
#1090=VECTOR('',#3911,10.);
#1091=VECTOR('',#3914,10.);
#1092=VECTOR('',#3917,10.);
#1093=VECTOR('',#3918,10.);
#1094=VECTOR('',#3921,10.);
#1095=VECTOR('',#3924,10.);
#1096=VECTOR('',#3927,10.);
#1097=VECTOR('',#3928,10.);
#1098=VECTOR('',#3931,10.);
#1099=VECTOR('',#3932,10.);
#1100=VECTOR('',#3935,10.);
#1101=VECTOR('',#3938,10.);
#1102=VECTOR('',#3947,10.);
#1103=VECTOR('',#3948,10.);
#1104=VECTOR('',#3953,10.);
#1105=VECTOR('',#3954,10.);
#1106=VECTOR('',#3957,10.);
#1107=VECTOR('',#3958,10.);
#1108=VECTOR('',#3961,10.);
#1109=VECTOR('',#3962,10.);
#1110=VECTOR('',#3965,10.);
#1111=VECTOR('',#3966,10.);
#1112=VECTOR('',#3971,10.);
#1113=VECTOR('',#3974,10.);
#1114=VECTOR('',#3985,10.);
#1115=VECTOR('',#3986,10.);
#1116=VECTOR('',#3997,10.);
#1117=VECTOR('',#3998,10.);
#1118=VECTOR('',#4007,10.);
#1119=VECTOR('',#4008,10.);
#1120=VECTOR('',#4013,10.);
#1121=VECTOR('',#4016,10.);
#1122=VECTOR('',#4025,10.);
#1123=VECTOR('',#4026,10.);
#1124=VECTOR('',#4029,10.);
#1125=VECTOR('',#4030,10.);
#1126=VECTOR('',#4033,10.);
#1127=VECTOR('',#4036,10.);
#1128=VECTOR('',#4039,10.);
#1129=VECTOR('',#4042,10.);
#1130=VECTOR('',#4043,10.);
#1131=VECTOR('',#4046,10.);
#1132=VECTOR('',#4051,10.);
#1133=VECTOR('',#4052,10.);
#1134=VECTOR('',#4055,10.);
#1135=VECTOR('',#4060,10.);
#1136=VECTOR('',#4061,10.);
#1137=VECTOR('',#4064,10.);
#1138=VECTOR('',#4065,10.);
#1139=VECTOR('',#4068,10.);
#1140=VECTOR('',#4073,10.);
#1141=VECTOR('',#4074,10.);
#1142=VECTOR('',#4077,10.);
#1143=VECTOR('',#4078,10.);
#1144=VECTOR('',#4081,10.);
#1145=VECTOR('',#4082,10.);
#1146=VECTOR('',#4083,10.);
#1147=VECTOR('',#4084,10.);
#1148=VECTOR('',#4087,10.);
#1149=VECTOR('',#4088,10.);
#1150=VECTOR('',#4089,10.);
#1151=VECTOR('',#4090,10.);
#1152=VECTOR('',#4091,10.);
#1153=VECTOR('',#4092,10.);
#1154=VECTOR('',#4093,10.);
#1155=VECTOR('',#4094,10.);
#1156=VECTOR('',#4095,10.);
#1157=VECTOR('',#4096,10.);
#1158=VECTOR('',#4097,10.);
#1159=VECTOR('',#4098,10.);
#1160=VECTOR('',#4099,10.);
#1161=VECTOR('',#4100,10.);
#1162=VECTOR('',#4101,10.);
#1163=VECTOR('',#4102,10.);
#1164=VECTOR('',#4103,10.);
#1165=VECTOR('',#4104,10.);
#1166=VECTOR('',#4105,10.);
#1167=VECTOR('',#4106,10.);
#1168=VECTOR('',#4107,10.);
#1169=VECTOR('',#4108,10.);
#1170=VECTOR('',#4109,10.);
#1171=VECTOR('',#4110,10.);
#1172=VECTOR('',#4111,10.);
#1173=VECTOR('',#4112,10.);
#1174=VECTOR('',#4113,10.);
#1175=VECTOR('',#4114,10.);
#1176=VECTOR('',#4115,10.);
#1177=VECTOR('',#4116,10.);
#1178=VECTOR('',#4117,10.);
#1179=VECTOR('',#4118,10.);
#1180=VECTOR('',#4119,10.);
#1181=VECTOR('',#4120,10.);
#1182=VECTOR('',#4121,10.);
#1183=VECTOR('',#4122,10.);
#1184=VECTOR('',#4123,10.);
#1185=VECTOR('',#4124,10.);
#1186=VECTOR('',#4125,10.);
#1187=VECTOR('',#4126,10.);
#1188=VECTOR('',#4127,10.);
#1189=VECTOR('',#4128,10.);
#1190=VECTOR('',#4129,10.);
#1191=VECTOR('',#4130,10.);
#1192=VECTOR('',#4131,10.);
#1193=VECTOR('',#4132,10.);
#1194=VECTOR('',#4133,10.);
#1195=VECTOR('',#4134,10.);
#1196=VECTOR('',#4135,10.);
#1197=VECTOR('',#4136,10.);
#1198=VECTOR('',#4137,10.);
#1199=VECTOR('',#4138,10.);
#1200=VECTOR('',#4139,10.);
#1201=VECTOR('',#4140,10.);
#1202=VECTOR('',#4141,10.);
#1203=VECTOR('',#4142,10.);
#1204=VECTOR('',#4143,10.);
#1205=VECTOR('',#4144,10.);
#1206=VECTOR('',#4145,10.);
#1207=VECTOR('',#4146,10.);
#1208=VECTOR('',#4147,10.);
#1209=VECTOR('',#4148,10.);
#1210=VECTOR('',#4149,10.);
#1211=VECTOR('',#4150,10.);
#1212=VECTOR('',#4151,10.);
#1213=VECTOR('',#4152,10.);
#1214=VECTOR('',#4153,10.);
#1215=VECTOR('',#4154,10.);
#1216=VECTOR('',#4155,10.);
#1217=VECTOR('',#4156,10.);
#1218=VECTOR('',#4157,10.);
#1219=VECTOR('',#4158,10.);
#1220=VECTOR('',#4159,10.);
#1221=VECTOR('',#4160,10.);
#1222=VECTOR('',#4161,10.);
#1223=VECTOR('',#4162,10.);
#1224=VECTOR('',#4163,10.);
#1225=VECTOR('',#4164,10.);
#1226=VECTOR('',#4165,10.);
#1227=VECTOR('',#4166,10.);
#1228=VECTOR('',#4167,10.);
#1229=VECTOR('',#4168,10.);
#1230=VECTOR('',#4169,10.);
#1231=VECTOR('',#4170,10.);
#1232=VECTOR('',#4173,10.);
#1233=VECTOR('',#4176,10.);
#1234=VECTOR('',#4177,10.);
#1235=VECTOR('',#4178,10.);
#1236=VECTOR('',#4179,10.);
#1237=VECTOR('',#4180,10.);
#1238=VECTOR('',#4181,10.);
#1239=VECTOR('',#4184,10.);
#1240=VECTOR('',#4185,10.);
#1241=VECTOR('',#4186,10.);
#1242=VECTOR('',#4187,10.);
#1243=VECTOR('',#4188,10.);
#1244=VECTOR('',#4189,10.);
#1245=VECTOR('',#4190,10.);
#1246=VECTOR('',#4191,10.);
#1247=VECTOR('',#4192,10.);
#1248=VECTOR('',#4193,10.);
#1249=VECTOR('',#4194,10.);
#1250=VECTOR('',#4195,10.);
#1251=VECTOR('',#4198,10.);
#1252=VECTOR('',#4201,10.);
#1253=VECTOR('',#4204,10.);
#1254=VECTOR('',#4205,10.);
#1255=VECTOR('',#4210,10.);
#1256=VECTOR('',#4211,10.);
#1257=VECTOR('',#4212,10.);
#1258=VECTOR('',#4215,10.);
#1259=VECTOR('',#4216,10.);
#1260=VECTOR('',#4219,10.);
#1261=VECTOR('',#4220,10.);
#1262=VECTOR('',#4223,10.);
#1263=VECTOR('',#4226,10.);
#1264=VECTOR('',#4227,10.);
#1265=VECTOR('',#4230,10.);
#1266=VECTOR('',#4233,10.);
#1267=VECTOR('',#4238,10.);
#1268=VECTOR('',#4239,10.);
#1269=VECTOR('',#4240,10.);
#1270=VECTOR('',#4245,10.);
#1271=VECTOR('',#4248,10.);
#1272=VECTOR('',#4249,10.);
#1273=VECTOR('',#4254,10.);
#1274=VECTOR('',#4259,10.);
#1275=VECTOR('',#4262,10.);
#1276=VECTOR('',#4271,4.25000000000001);
#1277=VECTOR('',#4274,10.);
#1278=VECTOR('',#4277,10.);
#1279=VECTOR('',#4280,10.);
#1280=VECTOR('',#4283,10.);
#1281=VECTOR('',#4290,10.);
#1282=VECTOR('',#4295,10.);
#1283=VECTOR('',#4298,10.);
#1284=VECTOR('',#4301,10.);
#1285=VECTOR('',#4304,10.);
#1286=VECTOR('',#4309,10.);
#1287=VECTOR('',#4310,10.);
#1288=VECTOR('',#4313,10.);
#1289=VECTOR('',#4316,10.);
#1290=VECTOR('',#4319,10.);
#1291=VECTOR('',#4322,10.);
#1292=VECTOR('',#4325,10.);
#1293=VECTOR('',#4328,10.);
#1294=VECTOR('',#4331,10.);
#1295=VECTOR('',#4334,10.);
#1296=VECTOR('',#4337,10.);
#1297=VECTOR('',#4340,10.);
#1298=VECTOR('',#4343,10.);
#1299=VECTOR('',#4346,10.);
#1300=VECTOR('',#4349,10.);
#1301=VECTOR('',#4352,10.);
#1302=VECTOR('',#4355,10.);
#1303=VECTOR('',#4358,10.);
#1304=VECTOR('',#4361,10.);
#1305=VECTOR('',#4364,10.);
#1306=VECTOR('',#4367,10.);
#1307=VECTOR('',#4370,10.);
#1308=VECTOR('',#4373,10.);
#1309=VECTOR('',#4378,10.);
#1310=VECTOR('',#4379,10.);
#1311=VECTOR('',#4382,10.);
#1312=VECTOR('',#4385,10.);
#1313=VECTOR('',#4388,10.);
#1314=VECTOR('',#4391,10.);
#1315=VECTOR('',#4394,10.);
#1316=VECTOR('',#4397,10.);
#1317=VECTOR('',#4400,10.);
#1318=VECTOR('',#4403,10.);
#1319=VECTOR('',#4406,10.);
#1320=VECTOR('',#4409,10.);
#1321=VECTOR('',#4412,10.);
#1322=VECTOR('',#4415,10.);
#1323=VECTOR('',#4418,10.);
#1324=VECTOR('',#4421,10.);
#1325=VECTOR('',#4424,10.);
#1326=VECTOR('',#4427,10.);
#1327=VECTOR('',#4430,10.);
#1328=VECTOR('',#4433,10.);
#1329=VECTOR('',#4436,10.);
#1330=VECTOR('',#4439,10.);
#1331=VECTOR('',#4442,10.);
#1332=VECTOR('',#4445,10.);
#1333=VECTOR('',#4448,10.);
#1334=VECTOR('',#4451,10.);
#1335=VECTOR('',#4454,10.);
#1336=VECTOR('',#4457,10.);
#1337=VECTOR('',#4460,10.);
#1338=VECTOR('',#4463,10.);
#1339=VECTOR('',#4466,10.);
#1340=VECTOR('',#4469,10.);
#1341=VECTOR('',#4472,10.);
#1342=VECTOR('',#4475,10.);
#1343=VECTOR('',#4478,10.);
#1344=VECTOR('',#4481,10.);
#1345=VECTOR('',#4484,10.);
#1346=VECTOR('',#4487,10.);
#1347=VECTOR('',#4490,10.);
#1348=VECTOR('',#4493,10.);
#1349=VECTOR('',#4496,10.);
#1350=VECTOR('',#4499,10.);
#1351=VECTOR('',#4502,10.);
#1352=VECTOR('',#4505,10.);
#1353=VECTOR('',#4508,10.);
#1354=VECTOR('',#4511,10.);
#1355=VECTOR('',#4514,10.);
#1356=VECTOR('',#4517,10.);
#1357=VECTOR('',#4520,10.);
#1358=VECTOR('',#4523,10.);
#1359=VECTOR('',#4526,10.);
#1360=VECTOR('',#4529,10.);
#1361=VECTOR('',#4532,10.);
#1362=VECTOR('',#4535,10.);
#1363=VECTOR('',#4538,10.);
#1364=VECTOR('',#4541,10.);
#1365=VECTOR('',#4544,10.);
#1366=VECTOR('',#4547,10.);
#1367=VECTOR('',#4550,10.);
#1368=VECTOR('',#4553,10.);
#1369=VECTOR('',#4556,10.);
#1370=CIRCLE('',#3412,2.00000000000003);
#1371=CIRCLE('',#3413,2.00000000000003);
#1372=CIRCLE('',#3416,2.00000000000003);
#1373=CIRCLE('',#3417,2.00000000000003);
#1374=CIRCLE('',#3420,2.00000000000003);
#1375=CIRCLE('',#3421,2.00000000000003);
#1376=CIRCLE('',#3424,2.00000000000003);
#1377=CIRCLE('',#3425,2.00000000000003);
#1378=CIRCLE('',#3428,2.00000000000003);
#1379=CIRCLE('',#3429,2.00000000000003);
#1380=CIRCLE('',#3432,2.00000000000003);
#1381=CIRCLE('',#3433,2.00000000000003);
#1382=CIRCLE('',#3436,2.10000000000001);
#1383=CIRCLE('',#3437,2.10000000000001);
#1384=CIRCLE('',#3440,2.10000000000001);
#1385=CIRCLE('',#3441,2.10000000000001);
#1386=CIRCLE('',#3444,2.10000000000001);
#1387=CIRCLE('',#3445,2.10000000000001);
#1388=CIRCLE('',#3448,2.10000000000001);
#1389=CIRCLE('',#3449,2.10000000000001);
#1390=CIRCLE('',#3452,2.10000000000001);
#1391=CIRCLE('',#3453,2.10000000000001);
#1392=CIRCLE('',#3456,2.10000000000001);
#1393=CIRCLE('',#3457,2.10000000000001);
#1394=CIRCLE('',#3460,3.);
#1395=CIRCLE('',#3461,3.);
#1396=CIRCLE('',#3464,3.);
#1397=CIRCLE('',#3465,3.);
#1398=CIRCLE('',#3467,3.);
#1399=CIRCLE('',#3468,3.);
#1400=CIRCLE('',#3469,3.);
#1401=CIRCLE('',#3470,4.25000000000001);
#1402=CIRCLE('',#3473,3.);
#1403=CIRCLE('',#3475,3.);
#1404=CIRCLE('',#3478,3.);
#1405=CIRCLE('',#3482,3.);
#1406=CIRCLE('',#3483,3.);
#1407=CIRCLE('',#3484,5.);
#1408=CIRCLE('',#3485,2.);
#1409=CIRCLE('',#3494,3.);
#1410=CIRCLE('',#3495,3.);
#1411=CIRCLE('',#3496,5.);
#1412=CIRCLE('',#3497,2.);
#1413=CIRCLE('',#3499,3.);
#1414=CIRCLE('',#3500,3.);
#1415=CIRCLE('',#3501,5.);
#1416=CIRCLE('',#3502,2.);
#1417=CIRCLE('',#3504,3.);
#1418=CIRCLE('',#3505,3.);
#1419=CIRCLE('',#3506,5.);
#1420=CIRCLE('',#3507,2.);
#1421=CIRCLE('',#3511,3.);
#1422=CIRCLE('',#3512,3.);
#1423=CIRCLE('',#3513,5.);
#1424=CIRCLE('',#3514,2.);
#1425=CIRCLE('',#3517,3.75);
#1426=CIRCLE('',#3518,3.75);
#1427=CIRCLE('',#3519,3.75);
#1428=CIRCLE('',#3520,3.75);
#1429=CIRCLE('',#3522,5.);
#1430=CIRCLE('',#3525,5.);
#1431=CIRCLE('',#3529,5.);
#1432=CIRCLE('',#3533,4.25000000000001);
#1433=CIRCLE('',#3535,5.);
#1434=CIRCLE('',#3536,5.);
#1435=CIRCLE('',#3551,3.75);
#1436=CIRCLE('',#3554,3.75);
#1437=CIRCLE('',#3556,3.75);
#1438=CIRCLE('',#3559,3.75);
#1439=VERTEX_POINT('',#4561);
#1440=VERTEX_POINT('',#4563);
#1441=VERTEX_POINT('',#4568);
#1442=VERTEX_POINT('',#4570);
#1443=VERTEX_POINT('',#4575);
#1444=VERTEX_POINT('',#4577);
#1445=VERTEX_POINT('',#4582);
#1446=VERTEX_POINT('',#4584);
#1447=VERTEX_POINT('',#4589);
#1448=VERTEX_POINT('',#4591);
#1449=VERTEX_POINT('',#4596);
#1450=VERTEX_POINT('',#4598);
#1451=VERTEX_POINT('',#4603);
#1452=VERTEX_POINT('',#4605);
#1453=VERTEX_POINT('',#4610);
#1454=VERTEX_POINT('',#4612);
#1455=VERTEX_POINT('',#4617);
#1456=VERTEX_POINT('',#4619);
#1457=VERTEX_POINT('',#4624);
#1458=VERTEX_POINT('',#4626);
#1459=VERTEX_POINT('',#4631);
#1460=VERTEX_POINT('',#4633);
#1461=VERTEX_POINT('',#4638);
#1462=VERTEX_POINT('',#4640);
#1463=VERTEX_POINT('',#4645);
#1464=VERTEX_POINT('',#4646);
#1465=VERTEX_POINT('',#4648);
#1466=VERTEX_POINT('',#4650);
#1467=VERTEX_POINT('',#4654);
#1468=VERTEX_POINT('',#4656);
#1469=VERTEX_POINT('',#4660);
#1470=VERTEX_POINT('',#4661);
#1471=VERTEX_POINT('',#4663);
#1472=VERTEX_POINT('',#4665);
#1473=VERTEX_POINT('',#4670);
#1474=VERTEX_POINT('',#4672);
#1475=VERTEX_POINT('',#4674);
#1476=VERTEX_POINT('',#4676);
#1477=VERTEX_POINT('',#4678);
#1478=VERTEX_POINT('',#4680);
#1479=VERTEX_POINT('',#4682);
#1480=VERTEX_POINT('',#4684);
#1481=VERTEX_POINT('',#4686);
#1482=VERTEX_POINT('',#4688);
#1483=VERTEX_POINT('',#4690);
#1484=VERTEX_POINT('',#4692);
#1485=VERTEX_POINT('',#4694);
#1486=VERTEX_POINT('',#4697);
#1487=VERTEX_POINT('',#4698);
#1488=VERTEX_POINT('',#4700);
#1489=VERTEX_POINT('',#4702);
#1490=VERTEX_POINT('',#4705);
#1491=VERTEX_POINT('',#4707);
#1492=VERTEX_POINT('',#4708);
#1493=VERTEX_POINT('',#4710);
#1494=VERTEX_POINT('',#4712);
#1495=VERTEX_POINT('',#4714);
#1496=VERTEX_POINT('',#4716);
#1497=VERTEX_POINT('',#4718);
#1498=VERTEX_POINT('',#4720);
#1499=VERTEX_POINT('',#4722);
#1500=VERTEX_POINT('',#4724);
#1501=VERTEX_POINT('',#4726);
#1502=VERTEX_POINT('',#4728);
#1503=VERTEX_POINT('',#4730);
#1504=VERTEX_POINT('',#4732);
#1505=VERTEX_POINT('',#4734);
#1506=VERTEX_POINT('',#4736);
#1507=VERTEX_POINT('',#4738);
#1508=VERTEX_POINT('',#4740);
#1509=VERTEX_POINT('',#4742);
#1510=VERTEX_POINT('',#4744);
#1511=VERTEX_POINT('',#4746);
#1512=VERTEX_POINT('',#4748);
#1513=VERTEX_POINT('',#4750);
#1514=VERTEX_POINT('',#4752);
#1515=VERTEX_POINT('',#4754);
#1516=VERTEX_POINT('',#4756);
#1517=VERTEX_POINT('',#4758);
#1518=VERTEX_POINT('',#4760);
#1519=VERTEX_POINT('',#4762);
#1520=VERTEX_POINT('',#4764);
#1521=VERTEX_POINT('',#4766);
#1522=VERTEX_POINT('',#4768);
#1523=VERTEX_POINT('',#4770);
#1524=VERTEX_POINT('',#4772);
#1525=VERTEX_POINT('',#4774);
#1526=VERTEX_POINT('',#4776);
#1527=VERTEX_POINT('',#4778);
#1528=VERTEX_POINT('',#4780);
#1529=VERTEX_POINT('',#4782);
#1530=VERTEX_POINT('',#4784);
#1531=VERTEX_POINT('',#4786);
#1532=VERTEX_POINT('',#4788);
#1533=VERTEX_POINT('',#4790);
#1534=VERTEX_POINT('',#4792);
#1535=VERTEX_POINT('',#4794);
#1536=VERTEX_POINT('',#4796);
#1537=VERTEX_POINT('',#4798);
#1538=VERTEX_POINT('',#4800);
#1539=VERTEX_POINT('',#4802);
#1540=VERTEX_POINT('',#4804);
#1541=VERTEX_POINT('',#4806);
#1542=VERTEX_POINT('',#4808);
#1543=VERTEX_POINT('',#4810);
#1544=VERTEX_POINT('',#4812);
#1545=VERTEX_POINT('',#4814);
#1546=VERTEX_POINT('',#4816);
#1547=VERTEX_POINT('',#4818);
#1548=VERTEX_POINT('',#4820);
#1549=VERTEX_POINT('',#4822);
#1550=VERTEX_POINT('',#4824);
#1551=VERTEX_POINT('',#4826);
#1552=VERTEX_POINT('',#4829);
#1553=VERTEX_POINT('',#4830);
#1554=VERTEX_POINT('',#4832);
#1555=VERTEX_POINT('',#4834);
#1556=VERTEX_POINT('',#4836);
#1557=VERTEX_POINT('',#4838);
#1558=VERTEX_POINT('',#4840);
#1559=VERTEX_POINT('',#4842);
#1560=VERTEX_POINT('',#4844);
#1561=VERTEX_POINT('',#4846);
#1562=VERTEX_POINT('',#4848);
#1563=VERTEX_POINT('',#4850);
#1564=VERTEX_POINT('',#4852);
#1565=VERTEX_POINT('',#4854);
#1566=VERTEX_POINT('',#4856);
#1567=VERTEX_POINT('',#4858);
#1568=VERTEX_POINT('',#4860);
#1569=VERTEX_POINT('',#4862);
#1570=VERTEX_POINT('',#4864);
#1571=VERTEX_POINT('',#4866);
#1572=VERTEX_POINT('',#4868);
#1573=VERTEX_POINT('',#4870);
#1574=VERTEX_POINT('',#4872);
#1575=VERTEX_POINT('',#4876);
#1576=VERTEX_POINT('',#4880);
#1577=VERTEX_POINT('',#4884);
#1578=VERTEX_POINT('',#4886);
#1579=VERTEX_POINT('',#4890);
#1580=VERTEX_POINT('',#4894);
#1581=VERTEX_POINT('',#4896);
#1582=VERTEX_POINT('',#4900);
#1583=VERTEX_POINT('',#4904);
#1584=VERTEX_POINT('',#4905);
#1585=VERTEX_POINT('',#4955);
#1586=VERTEX_POINT('',#4957);
#1587=VERTEX_POINT('',#5009);
#1588=VERTEX_POINT('',#5011);
#1589=VERTEX_POINT('',#5023);
#1590=VERTEX_POINT('',#5024);
#1591=VERTEX_POINT('',#5029);
#1592=VERTEX_POINT('',#5031);
#1593=VERTEX_POINT('',#5035);
#1594=VERTEX_POINT('',#5037);
#1595=VERTEX_POINT('',#5052);
#1596=VERTEX_POINT('',#5054);
#1597=VERTEX_POINT('',#5069);
#1598=VERTEX_POINT('',#5071);
#1599=VERTEX_POINT('',#5086);
#1600=VERTEX_POINT('',#5088);
#1601=VERTEX_POINT('',#5092);
#1602=VERTEX_POINT('',#5094);
#1603=VERTEX_POINT('',#5106);
#1604=VERTEX_POINT('',#5107);
#1605=VERTEX_POINT('',#5112);
#1606=VERTEX_POINT('',#5113);
#1607=VERTEX_POINT('',#5126);
#1608=VERTEX_POINT('',#5127);
#1609=VERTEX_POINT('',#5132);
#1610=VERTEX_POINT('',#5133);
#1611=VERTEX_POINT('',#5152);
#1612=VERTEX_POINT('',#5153);
#1613=VERTEX_POINT('',#5158);
#1614=VERTEX_POINT('',#5160);
#1615=VERTEX_POINT('',#5164);
#1616=VERTEX_POINT('',#5166);
#1617=VERTEX_POINT('',#5184);
#1618=VERTEX_POINT('',#5185);
#1619=VERTEX_POINT('',#5193);
#1620=VERTEX_POINT('',#5195);
#1621=VERTEX_POINT('',#5197);
#1622=VERTEX_POINT('',#5199);
#1623=VERTEX_POINT('',#5201);
#1624=VERTEX_POINT('',#5203);
#1625=VERTEX_POINT('',#5205);
#1626=VERTEX_POINT('',#5207);
#1627=VERTEX_POINT('',#5209);
#1628=VERTEX_POINT('',#5211);
#1629=VERTEX_POINT('',#5215);
#1630=VERTEX_POINT('',#5219);
#1631=VERTEX_POINT('',#5223);
#1632=VERTEX_POINT('',#5227);
#1633=VERTEX_POINT('',#5231);
#1634=VERTEX_POINT('',#5235);
#1635=VERTEX_POINT('',#5239);
#1636=VERTEX_POINT('',#5243);
#1637=VERTEX_POINT('',#5247);
#1638=VERTEX_POINT('',#5248);
#1639=VERTEX_POINT('',#5250);
#1640=VERTEX_POINT('',#5252);
#1641=VERTEX_POINT('',#5255);
#1642=VERTEX_POINT('',#5257);
#1643=VERTEX_POINT('',#5258);
#1644=VERTEX_POINT('',#5260);
#1645=VERTEX_POINT('',#5262);
#1646=VERTEX_POINT('',#5264);
#1647=VERTEX_POINT('',#5266);
#1648=VERTEX_POINT('',#5268);
#1649=VERTEX_POINT('',#5270);
#1650=VERTEX_POINT('',#5272);
#1651=VERTEX_POINT('',#5274);
#1652=VERTEX_POINT('',#5276);
#1653=VERTEX_POINT('',#5278);
#1654=VERTEX_POINT('',#5280);
#1655=VERTEX_POINT('',#5282);
#1656=VERTEX_POINT('',#5284);
#1657=VERTEX_POINT('',#5286);
#1658=VERTEX_POINT('',#5288);
#1659=VERTEX_POINT('',#5290);
#1660=VERTEX_POINT('',#5292);
#1661=VERTEX_POINT('',#5294);
#1662=VERTEX_POINT('',#5296);
#1663=VERTEX_POINT('',#5298);
#1664=VERTEX_POINT('',#5300);
#1665=VERTEX_POINT('',#5302);
#1666=VERTEX_POINT('',#5304);
#1667=VERTEX_POINT('',#5306);
#1668=VERTEX_POINT('',#5308);
#1669=VERTEX_POINT('',#5310);
#1670=VERTEX_POINT('',#5312);
#1671=VERTEX_POINT('',#5314);
#1672=VERTEX_POINT('',#5316);
#1673=VERTEX_POINT('',#5318);
#1674=VERTEX_POINT('',#5320);
#1675=VERTEX_POINT('',#5322);
#1676=VERTEX_POINT('',#5324);
#1677=VERTEX_POINT('',#5326);
#1678=VERTEX_POINT('',#5328);
#1679=VERTEX_POINT('',#5330);
#1680=VERTEX_POINT('',#5332);
#1681=VERTEX_POINT('',#5334);
#1682=VERTEX_POINT('',#5336);
#1683=VERTEX_POINT('',#5338);
#1684=VERTEX_POINT('',#5340);
#1685=VERTEX_POINT('',#5342);
#1686=VERTEX_POINT('',#5344);
#1687=VERTEX_POINT('',#5346);
#1688=VERTEX_POINT('',#5348);
#1689=VERTEX_POINT('',#5350);
#1690=VERTEX_POINT('',#5352);
#1691=VERTEX_POINT('',#5354);
#1692=VERTEX_POINT('',#5356);
#1693=VERTEX_POINT('',#5358);
#1694=VERTEX_POINT('',#5360);
#1695=VERTEX_POINT('',#5362);
#1696=VERTEX_POINT('',#5364);
#1697=VERTEX_POINT('',#5366);
#1698=VERTEX_POINT('',#5368);
#1699=VERTEX_POINT('',#5370);
#1700=VERTEX_POINT('',#5372);
#1701=VERTEX_POINT('',#5374);
#1702=VERTEX_POINT('',#5376);
#1703=VERTEX_POINT('',#5379);
#1704=VERTEX_POINT('',#5380);
#1705=VERTEX_POINT('',#5382);
#1706=VERTEX_POINT('',#5384);
#1707=VERTEX_POINT('',#5386);
#1708=VERTEX_POINT('',#5388);
#1709=VERTEX_POINT('',#5390);
#1710=VERTEX_POINT('',#5392);
#1711=VERTEX_POINT('',#5394);
#1712=VERTEX_POINT('',#5396);
#1713=VERTEX_POINT('',#5398);
#1714=VERTEX_POINT('',#5400);
#1715=VERTEX_POINT('',#5402);
#1716=VERTEX_POINT('',#5404);
#1717=VERTEX_POINT('',#5406);
#1718=VERTEX_POINT('',#5408);
#1719=VERTEX_POINT('',#5410);
#1720=VERTEX_POINT('',#5412);
#1721=VERTEX_POINT('',#5414);
#1722=VERTEX_POINT('',#5416);
#1723=VERTEX_POINT('',#5418);
#1724=VERTEX_POINT('',#5420);
#1725=VERTEX_POINT('',#5422);
#1726=VERTEX_POINT('',#5426);
#1727=VERTEX_POINT('',#5428);
#1728=VERTEX_POINT('',#5430);
#1729=VERTEX_POINT('',#5432);
#1730=VERTEX_POINT('',#5434);
#1731=VERTEX_POINT('',#5436);
#1732=VERTEX_POINT('',#5438);
#1733=VERTEX_POINT('',#5440);
#1734=VERTEX_POINT('',#5443);
#1735=VERTEX_POINT('',#5446);
#1736=VERTEX_POINT('',#5448);
#1737=VERTEX_POINT('',#5450);
#1738=VERTEX_POINT('',#5452);
#1739=VERTEX_POINT('',#5456);
#1740=VERTEX_POINT('',#5459);
#1741=VERTEX_POINT('',#5471);
#1742=VERTEX_POINT('',#5472);
#1743=VERTEX_POINT('',#5477);
#1744=VERTEX_POINT('',#5481);
#1745=VERTEX_POINT('',#5495);
#1746=VERTEX_POINT('',#5496);
#1747=VERTEX_POINT('',#5501);
#1748=VERTEX_POINT('',#5505);
#1749=VERTEX_POINT('',#5509);
#1750=VERTEX_POINT('',#5513);
#1751=EDGE_CURVE('',#1439,#1439,#1370,.T.);
#1752=EDGE_CURVE('',#1439,#1440,#566,.T.);
#1753=EDGE_CURVE('',#1440,#1440,#1371,.T.);
#1754=EDGE_CURVE('',#1441,#1441,#1372,.T.);
#1755=EDGE_CURVE('',#1441,#1442,#567,.T.);
#1756=EDGE_CURVE('',#1442,#1442,#1373,.T.);
#1757=EDGE_CURVE('',#1443,#1443,#1374,.T.);
#1758=EDGE_CURVE('',#1443,#1444,#568,.T.);
#1759=EDGE_CURVE('',#1444,#1444,#1375,.T.);
#1760=EDGE_CURVE('',#1445,#1445,#1376,.T.);
#1761=EDGE_CURVE('',#1445,#1446,#569,.T.);
#1762=EDGE_CURVE('',#1446,#1446,#1377,.T.);
#1763=EDGE_CURVE('',#1447,#1447,#1378,.T.);
#1764=EDGE_CURVE('',#1447,#1448,#570,.T.);
#1765=EDGE_CURVE('',#1448,#1448,#1379,.T.);
#1766=EDGE_CURVE('',#1449,#1449,#1380,.T.);
#1767=EDGE_CURVE('',#1449,#1450,#571,.T.);
#1768=EDGE_CURVE('',#1450,#1450,#1381,.T.);
#1769=EDGE_CURVE('',#1451,#1451,#1382,.T.);
#1770=EDGE_CURVE('',#1451,#1452,#572,.T.);
#1771=EDGE_CURVE('',#1452,#1452,#1383,.T.);
#1772=EDGE_CURVE('',#1453,#1453,#1384,.T.);
#1773=EDGE_CURVE('',#1453,#1454,#573,.T.);
#1774=EDGE_CURVE('',#1454,#1454,#1385,.T.);
#1775=EDGE_CURVE('',#1455,#1455,#1386,.T.);
#1776=EDGE_CURVE('',#1455,#1456,#574,.T.);
#1777=EDGE_CURVE('',#1456,#1456,#1387,.T.);
#1778=EDGE_CURVE('',#1457,#1457,#1388,.T.);
#1779=EDGE_CURVE('',#1457,#1458,#575,.T.);
#1780=EDGE_CURVE('',#1458,#1458,#1389,.T.);
#1781=EDGE_CURVE('',#1459,#1459,#1390,.T.);
#1782=EDGE_CURVE('',#1459,#1460,#576,.T.);
#1783=EDGE_CURVE('',#1460,#1460,#1391,.T.);
#1784=EDGE_CURVE('',#1461,#1461,#1392,.T.);
#1785=EDGE_CURVE('',#1461,#1462,#577,.T.);
#1786=EDGE_CURVE('',#1462,#1462,#1393,.T.);
#1787=EDGE_CURVE('',#1463,#1464,#1394,.T.);
#1788=EDGE_CURVE('',#1463,#1465,#578,.T.);
#1789=EDGE_CURVE('',#1465,#1466,#1395,.T.);
#1790=EDGE_CURVE('',#1466,#1464,#579,.T.);
#1791=EDGE_CURVE('',#1463,#1467,#580,.T.);
#1792=EDGE_CURVE('',#1467,#1468,#581,.T.);
#1793=EDGE_CURVE('',#1468,#1465,#582,.T.);
#1794=EDGE_CURVE('',#1469,#1470,#1396,.T.);
#1795=EDGE_CURVE('',#1469,#1471,#583,.T.);
#1796=EDGE_CURVE('',#1471,#1472,#1397,.T.);
#1797=EDGE_CURVE('',#1472,#1470,#584,.T.);
#1798=EDGE_CURVE('',#1469,#1464,#585,.T.);
#1799=EDGE_CURVE('',#1473,#1470,#586,.T.);
#1800=EDGE_CURVE('',#1473,#1474,#1398,.T.);
#1801=EDGE_CURVE('',#1475,#1474,#587,.T.);
#1802=EDGE_CURVE('',#1476,#1475,#588,.T.);
#1803=EDGE_CURVE('',#1476,#1477,#1399,.T.);
#1804=EDGE_CURVE('',#1478,#1477,#589,.T.);
#1805=EDGE_CURVE('',#1479,#1478,#590,.T.);
#1806=EDGE_CURVE('',#1480,#1479,#591,.T.);
#1807=EDGE_CURVE('',#1480,#1481,#1400,.T.);
#1808=EDGE_CURVE('',#1482,#1481,#592,.T.);
#1809=EDGE_CURVE('',#1483,#1482,#593,.T.);
#1810=EDGE_CURVE('',#1484,#1483,#594,.T.);
#1811=EDGE_CURVE('',#1485,#1484,#595,.T.);
#1812=EDGE_CURVE('',#1467,#1485,#596,.T.);
#1813=EDGE_CURVE('',#1486,#1487,#597,.T.);
#1814=EDGE_CURVE('',#1487,#1488,#598,.T.);
#1815=EDGE_CURVE('',#1488,#1489,#599,.T.);
#1816=EDGE_CURVE('',#1489,#1486,#600,.T.);
#1817=EDGE_CURVE('',#1490,#1490,#1401,.T.);
#1818=EDGE_CURVE('',#1491,#1492,#601,.T.);
#1819=EDGE_CURVE('',#1493,#1491,#602,.T.);
#1820=EDGE_CURVE('',#1494,#1493,#603,.T.);
#1821=EDGE_CURVE('',#1495,#1494,#604,.T.);
#1822=EDGE_CURVE('',#1496,#1495,#605,.T.);
#1823=EDGE_CURVE('',#1497,#1496,#606,.T.);
#1824=EDGE_CURVE('',#1498,#1497,#607,.T.);
#1825=EDGE_CURVE('',#1499,#1498,#608,.T.);
#1826=EDGE_CURVE('',#1500,#1499,#609,.T.);
#1827=EDGE_CURVE('',#1501,#1500,#610,.T.);
#1828=EDGE_CURVE('',#1502,#1501,#611,.T.);
#1829=EDGE_CURVE('',#1503,#1502,#612,.T.);
#1830=EDGE_CURVE('',#1504,#1503,#613,.T.);
#1831=EDGE_CURVE('',#1505,#1504,#614,.T.);
#1832=EDGE_CURVE('',#1506,#1505,#615,.T.);
#1833=EDGE_CURVE('',#1507,#1506,#616,.T.);
#1834=EDGE_CURVE('',#1508,#1507,#617,.T.);
#1835=EDGE_CURVE('',#1509,#1508,#618,.T.);
#1836=EDGE_CURVE('',#1510,#1509,#619,.T.);
#1837=EDGE_CURVE('',#1511,#1510,#620,.T.);
#1838=EDGE_CURVE('',#1512,#1511,#621,.T.);
#1839=EDGE_CURVE('',#1513,#1512,#622,.T.);
#1840=EDGE_CURVE('',#1514,#1513,#623,.T.);
#1841=EDGE_CURVE('',#1515,#1514,#624,.T.);
#1842=EDGE_CURVE('',#1516,#1515,#625,.T.);
#1843=EDGE_CURVE('',#1517,#1516,#626,.T.);
#1844=EDGE_CURVE('',#1518,#1517,#627,.T.);
#1845=EDGE_CURVE('',#1519,#1518,#628,.T.);
#1846=EDGE_CURVE('',#1520,#1519,#629,.T.);
#1847=EDGE_CURVE('',#1521,#1520,#630,.T.);
#1848=EDGE_CURVE('',#1522,#1521,#631,.T.);
#1849=EDGE_CURVE('',#1523,#1522,#632,.T.);
#1850=EDGE_CURVE('',#1524,#1523,#633,.T.);
#1851=EDGE_CURVE('',#1525,#1524,#634,.T.);
#1852=EDGE_CURVE('',#1526,#1525,#635,.T.);
#1853=EDGE_CURVE('',#1527,#1526,#636,.T.);
#1854=EDGE_CURVE('',#1528,#1527,#637,.T.);
#1855=EDGE_CURVE('',#1529,#1528,#638,.T.);
#1856=EDGE_CURVE('',#1530,#1529,#639,.T.);
#1857=EDGE_CURVE('',#1531,#1530,#640,.T.);
#1858=EDGE_CURVE('',#1532,#1531,#641,.T.);
#1859=EDGE_CURVE('',#1533,#1532,#642,.T.);
#1860=EDGE_CURVE('',#1534,#1533,#643,.T.);
#1861=EDGE_CURVE('',#1535,#1534,#644,.T.);
#1862=EDGE_CURVE('',#1536,#1535,#645,.T.);
#1863=EDGE_CURVE('',#1537,#1536,#646,.T.);
#1864=EDGE_CURVE('',#1538,#1537,#647,.T.);
#1865=EDGE_CURVE('',#1539,#1538,#648,.T.);
#1866=EDGE_CURVE('',#1540,#1539,#649,.T.);
#1867=EDGE_CURVE('',#1541,#1540,#650,.T.);
#1868=EDGE_CURVE('',#1542,#1541,#651,.T.);
#1869=EDGE_CURVE('',#1543,#1542,#652,.T.);
#1870=EDGE_CURVE('',#1544,#1543,#653,.T.);
#1871=EDGE_CURVE('',#1545,#1544,#654,.T.);
#1872=EDGE_CURVE('',#1546,#1545,#655,.T.);
#1873=EDGE_CURVE('',#1547,#1546,#656,.T.);
#1874=EDGE_CURVE('',#1548,#1547,#657,.T.);
#1875=EDGE_CURVE('',#1549,#1548,#658,.T.);
#1876=EDGE_CURVE('',#1550,#1549,#659,.T.);
#1877=EDGE_CURVE('',#1551,#1550,#660,.T.);
#1878=EDGE_CURVE('',#1492,#1551,#661,.T.);
#1879=EDGE_CURVE('',#1552,#1553,#662,.T.);
#1880=EDGE_CURVE('',#1554,#1552,#663,.T.);
#1881=EDGE_CURVE('',#1555,#1554,#664,.T.);
#1882=EDGE_CURVE('',#1556,#1555,#665,.T.);
#1883=EDGE_CURVE('',#1557,#1556,#666,.T.);
#1884=EDGE_CURVE('',#1558,#1557,#667,.T.);
#1885=EDGE_CURVE('',#1559,#1558,#668,.T.);
#1886=EDGE_CURVE('',#1560,#1559,#669,.T.);
#1887=EDGE_CURVE('',#1561,#1560,#670,.T.);
#1888=EDGE_CURVE('',#1562,#1561,#671,.T.);
#1889=EDGE_CURVE('',#1563,#1562,#672,.T.);
#1890=EDGE_CURVE('',#1564,#1563,#673,.T.);
#1891=EDGE_CURVE('',#1565,#1564,#674,.T.);
#1892=EDGE_CURVE('',#1566,#1565,#675,.T.);
#1893=EDGE_CURVE('',#1567,#1566,#676,.T.);
#1894=EDGE_CURVE('',#1568,#1567,#677,.T.);
#1895=EDGE_CURVE('',#1569,#1568,#678,.T.);
#1896=EDGE_CURVE('',#1570,#1569,#679,.T.);
#1897=EDGE_CURVE('',#1571,#1570,#680,.T.);
#1898=EDGE_CURVE('',#1572,#1571,#681,.T.);
#1899=EDGE_CURVE('',#1573,#1572,#682,.T.);
#1900=EDGE_CURVE('',#1574,#1573,#683,.T.);
#1901=EDGE_CURVE('',#1553,#1574,#684,.T.);
#1902=EDGE_CURVE('',#1472,#1575,#685,.T.);
#1903=EDGE_CURVE('',#1473,#1575,#686,.T.);
#1904=EDGE_CURVE('',#1575,#1576,#1402,.T.);
#1905=EDGE_CURVE('',#1576,#1474,#687,.T.);
#1906=EDGE_CURVE('',#1480,#1577,#688,.T.);
#1907=EDGE_CURVE('',#1577,#1578,#1403,.T.);
#1908=EDGE_CURVE('',#1578,#1481,#689,.T.);
#1909=EDGE_CURVE('',#1479,#1579,#690,.T.);
#1910=EDGE_CURVE('',#1579,#1577,#691,.T.);
#1911=EDGE_CURVE('',#1476,#1580,#692,.T.);
#1912=EDGE_CURVE('',#1580,#1581,#1404,.T.);
#1913=EDGE_CURVE('',#1581,#1477,#693,.T.);
#1914=EDGE_CURVE('',#1581,#1582,#694,.T.);
#1915=EDGE_CURVE('',#1478,#1582,#695,.T.);
#1916=EDGE_CURVE('',#1583,#1584,#23,.T.);
#1917=EDGE_CURVE('',#1583,#1585,#696,.T.);
#1918=EDGE_CURVE('',#1585,#1586,#24,.T.);
#1919=EDGE_CURVE('',#1586,#1584,#697,.T.);
#1920=EDGE_CURVE('',#1584,#1587,#698,.T.);
#1921=EDGE_CURVE('',#1587,#1588,#1405,.T.);
#1922=EDGE_CURVE('',#1588,#1583,#699,.T.);
#1923=EDGE_CURVE('',#1589,#1590,#1406,.T.);
#1924=EDGE_CURVE('',#1590,#1588,#1407,.T.);
#1925=EDGE_CURVE('',#1587,#1589,#1408,.T.);
#1926=EDGE_CURVE('',#1591,#1590,#700,.T.);
#1927=EDGE_CURVE('',#1589,#1592,#701,.T.);
#1928=EDGE_CURVE('',#1592,#1591,#15,.T.);
#1929=EDGE_CURVE('',#1592,#1593,#702,.T.);
#1930=EDGE_CURVE('',#1593,#1594,#25,.T.);
#1931=EDGE_CURVE('',#1594,#1591,#703,.T.);
#1932=EDGE_CURVE('',#1595,#1594,#704,.T.);
#1933=EDGE_CURVE('',#1593,#1596,#705,.T.);
#1934=EDGE_CURVE('',#1596,#1595,#26,.T.);
#1935=EDGE_CURVE('',#1597,#1595,#706,.T.);
#1936=EDGE_CURVE('',#1596,#1598,#707,.T.);
#1937=EDGE_CURVE('',#1598,#1597,#27,.T.);
#1938=EDGE_CURVE('',#1599,#1597,#708,.T.);
#1939=EDGE_CURVE('',#1598,#1600,#709,.T.);
#1940=EDGE_CURVE('',#1600,#1599,#16,.T.);
#1941=EDGE_CURVE('',#1600,#1601,#710,.T.);
#1942=EDGE_CURVE('',#1601,#1602,#1409,.T.);
#1943=EDGE_CURVE('',#1602,#1599,#711,.T.);
#1944=EDGE_CURVE('',#1603,#1604,#1410,.T.);
#1945=EDGE_CURVE('',#1604,#1602,#1411,.T.);
#1946=EDGE_CURVE('',#1601,#1603,#1412,.T.);
#1947=EDGE_CURVE('',#1605,#1606,#1413,.T.);
#1948=EDGE_CURVE('',#1606,#1604,#712,.T.);
#1949=EDGE_CURVE('',#1603,#1605,#713,.T.);
#1950=EDGE_CURVE('',#1607,#1608,#1414,.T.);
#1951=EDGE_CURVE('',#1608,#1606,#1415,.T.);
#1952=EDGE_CURVE('',#1605,#1607,#1416,.T.);
#1953=EDGE_CURVE('',#1609,#1610,#1417,.T.);
#1954=EDGE_CURVE('',#1610,#1608,#714,.T.);
#1955=EDGE_CURVE('',#1607,#1609,#715,.T.);
#1956=EDGE_CURVE('',#1611,#1612,#1418,.T.);
#1957=EDGE_CURVE('',#1612,#1610,#1419,.T.);
#1958=EDGE_CURVE('',#1609,#1611,#1420,.T.);
#1959=EDGE_CURVE('',#1613,#1612,#716,.T.);
#1960=EDGE_CURVE('',#1611,#1614,#717,.T.);
#1961=EDGE_CURVE('',#1614,#1613,#17,.T.);
#1962=EDGE_CURVE('',#1614,#1615,#718,.T.);
#1963=EDGE_CURVE('',#1615,#1616,#1421,.T.);
#1964=EDGE_CURVE('',#1616,#1613,#719,.T.);
#1965=EDGE_CURVE('',#1617,#1618,#1422,.T.);
#1966=EDGE_CURVE('',#1618,#1616,#1423,.T.);
#1967=EDGE_CURVE('',#1615,#1617,#1424,.T.);
#1968=EDGE_CURVE('',#1585,#1618,#720,.T.);
#1969=EDGE_CURVE('',#1617,#1586,#721,.T.);
#1970=EDGE_CURVE('',#1619,#1606,#722,.T.);
#1971=EDGE_CURVE('',#1619,#1620,#723,.T.);
#1972=EDGE_CURVE('',#1620,#1621,#1425,.T.);
#1973=EDGE_CURVE('',#1621,#1622,#724,.T.);
#1974=EDGE_CURVE('',#1622,#1623,#1426,.T.);
#1975=EDGE_CURVE('',#1623,#1624,#725,.T.);
#1976=EDGE_CURVE('',#1624,#1625,#1427,.T.);
#1977=EDGE_CURVE('',#1625,#1626,#726,.T.);
#1978=EDGE_CURVE('',#1626,#1627,#1428,.T.);
#1979=EDGE_CURVE('',#1627,#1628,#727,.T.);
#1980=EDGE_CURVE('',#1604,#1628,#728,.T.);
#1981=EDGE_CURVE('',#1608,#1629,#729,.T.);
#1982=EDGE_CURVE('',#1629,#1619,#1429,.T.);
#1983=EDGE_CURVE('',#1630,#1610,#730,.T.);
#1984=EDGE_CURVE('',#1630,#1629,#731,.T.);
#1985=EDGE_CURVE('',#1612,#1631,#732,.T.);
#1986=EDGE_CURVE('',#1631,#1630,#1430,.T.);
#1987=EDGE_CURVE('',#1613,#1632,#733,.T.);
#1988=EDGE_CURVE('',#1632,#1631,#734,.T.);
#1989=EDGE_CURVE('',#1633,#1616,#735,.T.);
#1990=EDGE_CURVE('',#1633,#1632,#736,.T.);
#1991=EDGE_CURVE('',#1618,#1634,#737,.T.);
#1992=EDGE_CURVE('',#1634,#1633,#1431,.T.);
#1993=EDGE_CURVE('',#1585,#1635,#738,.T.);
#1994=EDGE_CURVE('',#1635,#1634,#739,.T.);
#1995=EDGE_CURVE('',#1583,#1636,#740,.T.);
#1996=EDGE_CURVE('',#1636,#1635,#741,.T.);
#1997=EDGE_CURVE('',#1637,#1638,#742,.T.);
#1998=EDGE_CURVE('',#1639,#1637,#743,.T.);
#1999=EDGE_CURVE('',#1640,#1639,#744,.T.);
#2000=EDGE_CURVE('',#1638,#1640,#745,.T.);
#2001=EDGE_CURVE('',#1641,#1641,#1432,.T.);
#2002=EDGE_CURVE('',#1642,#1643,#746,.T.);
#2003=EDGE_CURVE('',#1644,#1642,#747,.T.);
#2004=EDGE_CURVE('',#1645,#1644,#748,.T.);
#2005=EDGE_CURVE('',#1646,#1645,#749,.T.);
#2006=EDGE_CURVE('',#1647,#1646,#750,.T.);
#2007=EDGE_CURVE('',#1648,#1647,#751,.T.);
#2008=EDGE_CURVE('',#1649,#1648,#752,.T.);
#2009=EDGE_CURVE('',#1650,#1649,#753,.T.);
#2010=EDGE_CURVE('',#1651,#1650,#754,.T.);
#2011=EDGE_CURVE('',#1652,#1651,#755,.T.);
#2012=EDGE_CURVE('',#1653,#1652,#756,.T.);
#2013=EDGE_CURVE('',#1654,#1653,#757,.T.);
#2014=EDGE_CURVE('',#1655,#1654,#758,.T.);
#2015=EDGE_CURVE('',#1656,#1655,#759,.T.);
#2016=EDGE_CURVE('',#1657,#1656,#760,.T.);
#2017=EDGE_CURVE('',#1658,#1657,#761,.T.);
#2018=EDGE_CURVE('',#1659,#1658,#762,.T.);
#2019=EDGE_CURVE('',#1660,#1659,#763,.T.);
#2020=EDGE_CURVE('',#1661,#1660,#764,.T.);
#2021=EDGE_CURVE('',#1662,#1661,#765,.T.);
#2022=EDGE_CURVE('',#1663,#1662,#766,.T.);
#2023=EDGE_CURVE('',#1664,#1663,#767,.T.);
#2024=EDGE_CURVE('',#1665,#1664,#768,.T.);
#2025=EDGE_CURVE('',#1666,#1665,#769,.T.);
#2026=EDGE_CURVE('',#1667,#1666,#770,.T.);
#2027=EDGE_CURVE('',#1668,#1667,#771,.T.);
#2028=EDGE_CURVE('',#1669,#1668,#772,.T.);
#2029=EDGE_CURVE('',#1670,#1669,#773,.T.);
#2030=EDGE_CURVE('',#1671,#1670,#774,.T.);
#2031=EDGE_CURVE('',#1672,#1671,#775,.T.);
#2032=EDGE_CURVE('',#1673,#1672,#776,.T.);
#2033=EDGE_CURVE('',#1674,#1673,#777,.T.);
#2034=EDGE_CURVE('',#1675,#1674,#778,.T.);
#2035=EDGE_CURVE('',#1676,#1675,#779,.T.);
#2036=EDGE_CURVE('',#1677,#1676,#780,.T.);
#2037=EDGE_CURVE('',#1678,#1677,#781,.T.);
#2038=EDGE_CURVE('',#1679,#1678,#782,.T.);
#2039=EDGE_CURVE('',#1680,#1679,#783,.T.);
#2040=EDGE_CURVE('',#1681,#1680,#784,.T.);
#2041=EDGE_CURVE('',#1682,#1681,#785,.T.);
#2042=EDGE_CURVE('',#1683,#1682,#786,.T.);
#2043=EDGE_CURVE('',#1684,#1683,#787,.T.);
#2044=EDGE_CURVE('',#1685,#1684,#788,.T.);
#2045=EDGE_CURVE('',#1686,#1685,#789,.T.);
#2046=EDGE_CURVE('',#1687,#1686,#790,.T.);
#2047=EDGE_CURVE('',#1688,#1687,#791,.T.);
#2048=EDGE_CURVE('',#1689,#1688,#792,.T.);
#2049=EDGE_CURVE('',#1690,#1689,#793,.T.);
#2050=EDGE_CURVE('',#1691,#1690,#794,.T.);
#2051=EDGE_CURVE('',#1692,#1691,#795,.T.);
#2052=EDGE_CURVE('',#1693,#1692,#796,.T.);
#2053=EDGE_CURVE('',#1694,#1693,#797,.T.);
#2054=EDGE_CURVE('',#1695,#1694,#798,.T.);
#2055=EDGE_CURVE('',#1696,#1695,#799,.T.);
#2056=EDGE_CURVE('',#1697,#1696,#800,.T.);
#2057=EDGE_CURVE('',#1698,#1697,#801,.T.);
#2058=EDGE_CURVE('',#1699,#1698,#802,.T.);
#2059=EDGE_CURVE('',#1700,#1699,#803,.T.);
#2060=EDGE_CURVE('',#1701,#1700,#804,.T.);
#2061=EDGE_CURVE('',#1702,#1701,#805,.T.);
#2062=EDGE_CURVE('',#1643,#1702,#806,.T.);
#2063=EDGE_CURVE('',#1703,#1704,#807,.T.);
#2064=EDGE_CURVE('',#1705,#1703,#808,.T.);
#2065=EDGE_CURVE('',#1706,#1705,#809,.T.);
#2066=EDGE_CURVE('',#1707,#1706,#810,.T.);
#2067=EDGE_CURVE('',#1708,#1707,#811,.T.);
#2068=EDGE_CURVE('',#1709,#1708,#812,.T.);
#2069=EDGE_CURVE('',#1710,#1709,#813,.T.);
#2070=EDGE_CURVE('',#1711,#1710,#814,.T.);
#2071=EDGE_CURVE('',#1712,#1711,#815,.T.);
#2072=EDGE_CURVE('',#1713,#1712,#816,.T.);
#2073=EDGE_CURVE('',#1714,#1713,#817,.T.);
#2074=EDGE_CURVE('',#1715,#1714,#818,.T.);
#2075=EDGE_CURVE('',#1716,#1715,#819,.T.);
#2076=EDGE_CURVE('',#1717,#1716,#820,.T.);
#2077=EDGE_CURVE('',#1718,#1717,#821,.T.);
#2078=EDGE_CURVE('',#1719,#1718,#822,.T.);
#2079=EDGE_CURVE('',#1720,#1719,#823,.T.);
#2080=EDGE_CURVE('',#1721,#1720,#824,.T.);
#2081=EDGE_CURVE('',#1722,#1721,#825,.T.);
#2082=EDGE_CURVE('',#1723,#1722,#826,.T.);
#2083=EDGE_CURVE('',#1724,#1723,#827,.T.);
#2084=EDGE_CURVE('',#1725,#1724,#828,.T.);
#2085=EDGE_CURVE('',#1704,#1725,#829,.T.);
#2086=EDGE_CURVE('',#1726,#1636,#830,.T.);
#2087=EDGE_CURVE('',#1727,#1726,#1433,.T.);
#2088=EDGE_CURVE('',#1728,#1727,#831,.T.);
#2089=EDGE_CURVE('',#1729,#1728,#832,.T.);
#2090=EDGE_CURVE('',#1730,#1729,#833,.T.);
#2091=EDGE_CURVE('',#1731,#1730,#834,.T.);
#2092=EDGE_CURVE('',#1732,#1731,#835,.T.);
#2093=EDGE_CURVE('',#1733,#1732,#836,.T.);
#2094=EDGE_CURVE('',#1628,#1733,#1434,.T.);
#2095=EDGE_CURVE('',#1627,#1734,#837,.T.);
#2096=EDGE_CURVE('',#1466,#1734,#838,.T.);
#2097=EDGE_CURVE('',#1735,#1468,#839,.T.);
#2098=EDGE_CURVE('',#1736,#1735,#840,.T.);
#2099=EDGE_CURVE('',#1737,#1736,#841,.T.);
#2100=EDGE_CURVE('',#1738,#1737,#842,.T.);
#2101=EDGE_CURVE('',#1578,#1738,#843,.T.);
#2102=EDGE_CURVE('',#1582,#1579,#844,.T.);
#2103=EDGE_CURVE('',#1739,#1580,#845,.T.);
#2104=EDGE_CURVE('',#1576,#1739,#846,.T.);
#2105=EDGE_CURVE('',#1740,#1471,#847,.T.);
#2106=EDGE_CURVE('',#1740,#1620,#848,.T.);
#2107=EDGE_CURVE('',#1733,#1602,#849,.T.);
#2108=EDGE_CURVE('',#1599,#1732,#850,.T.);
#2109=EDGE_CURVE('',#1590,#1727,#851,.T.);
#2110=EDGE_CURVE('',#1726,#1588,#852,.T.);
#2111=EDGE_CURVE('',#1741,#1742,#853,.T.);
#2112=EDGE_CURVE('',#1742,#1637,#854,.T.);
#2113=EDGE_CURVE('',#1638,#1741,#855,.T.);
#2114=EDGE_CURVE('',#1742,#1743,#856,.T.);
#2115=EDGE_CURVE('',#1743,#1639,#857,.T.);
#2116=EDGE_CURVE('',#1743,#1744,#858,.T.);
#2117=EDGE_CURVE('',#1744,#1640,#859,.T.);
#2118=EDGE_CURVE('',#1744,#1741,#860,.T.);
#2119=EDGE_CURVE('',#1486,#1742,#861,.T.);
#2120=EDGE_CURVE('',#1489,#1743,#862,.T.);
#2121=EDGE_CURVE('',#1487,#1741,#863,.T.);
#2122=EDGE_CURVE('',#1488,#1744,#864,.T.);
#2123=EDGE_CURVE('',#1745,#1746,#865,.T.);
#2124=EDGE_CURVE('',#1745,#1626,#866,.T.);
#2125=EDGE_CURVE('',#1746,#1625,#867,.T.);
#2126=EDGE_CURVE('',#1746,#1747,#1435,.T.);
#2127=EDGE_CURVE('',#1747,#1624,#868,.T.);
#2128=EDGE_CURVE('',#1747,#1748,#869,.T.);
#2129=EDGE_CURVE('',#1748,#1623,#870,.T.);
#2130=EDGE_CURVE('',#1748,#1749,#1436,.T.);
#2131=EDGE_CURVE('',#1749,#1622,#871,.T.);
#2132=EDGE_CURVE('',#1750,#1740,#1437,.T.);
#2133=EDGE_CURVE('',#1750,#1621,#872,.T.);
#2134=EDGE_CURVE('',#1749,#1750,#873,.T.);
#2135=EDGE_CURVE('',#1734,#1745,#1438,.T.);
#2136=EDGE_CURVE('',#1490,#1641,#874,.T.);
#2137=EDGE_CURVE('',#1485,#1735,#875,.T.);
#2138=EDGE_CURVE('',#1484,#1736,#876,.T.);
#2139=EDGE_CURVE('',#1483,#1737,#877,.T.);
#2140=EDGE_CURVE('',#1482,#1738,#878,.T.);
#2141=EDGE_CURVE('',#1475,#1739,#879,.T.);
#2142=EDGE_CURVE('',#1591,#1728,#880,.T.);
#2143=EDGE_CURVE('',#1594,#1729,#881,.T.);
#2144=EDGE_CURVE('',#1595,#1730,#882,.T.);
#2145=EDGE_CURVE('',#1597,#1731,#883,.T.);
#2146=EDGE_CURVE('',#1725,#1554,#884,.T.);
#2147=EDGE_CURVE('',#1704,#1552,#885,.T.);
#2148=EDGE_CURVE('',#1724,#1555,#886,.T.);
#2149=EDGE_CURVE('',#1723,#1556,#887,.T.);
#2150=EDGE_CURVE('',#1722,#1557,#888,.T.);
#2151=EDGE_CURVE('',#1721,#1558,#889,.T.);
#2152=EDGE_CURVE('',#1720,#1559,#890,.T.);
#2153=EDGE_CURVE('',#1719,#1560,#891,.T.);
#2154=EDGE_CURVE('',#1718,#1561,#892,.T.);
#2155=EDGE_CURVE('',#1717,#1562,#893,.T.);
#2156=EDGE_CURVE('',#1716,#1563,#894,.T.);
#2157=EDGE_CURVE('',#1715,#1564,#895,.T.);
#2158=EDGE_CURVE('',#1714,#1565,#896,.T.);
#2159=EDGE_CURVE('',#1713,#1566,#897,.T.);
#2160=EDGE_CURVE('',#1712,#1567,#898,.T.);
#2161=EDGE_CURVE('',#1711,#1568,#899,.T.);
#2162=EDGE_CURVE('',#1710,#1569,#900,.T.);
#2163=EDGE_CURVE('',#1709,#1570,#901,.T.);
#2164=EDGE_CURVE('',#1708,#1571,#902,.T.);
#2165=EDGE_CURVE('',#1707,#1572,#903,.T.);
#2166=EDGE_CURVE('',#1706,#1573,#904,.T.);
#2167=EDGE_CURVE('',#1705,#1574,#905,.T.);
#2168=EDGE_CURVE('',#1703,#1553,#906,.T.);
#2169=EDGE_CURVE('',#1702,#1493,#907,.T.);
#2170=EDGE_CURVE('',#1643,#1491,#908,.T.);
#2171=EDGE_CURVE('',#1701,#1494,#909,.T.);
#2172=EDGE_CURVE('',#1700,#1495,#910,.T.);
#2173=EDGE_CURVE('',#1699,#1496,#911,.T.);
#2174=EDGE_CURVE('',#1698,#1497,#912,.T.);
#2175=EDGE_CURVE('',#1697,#1498,#913,.T.);
#2176=EDGE_CURVE('',#1696,#1499,#914,.T.);
#2177=EDGE_CURVE('',#1695,#1500,#915,.T.);
#2178=EDGE_CURVE('',#1694,#1501,#916,.T.);
#2179=EDGE_CURVE('',#1693,#1502,#917,.T.);
#2180=EDGE_CURVE('',#1692,#1503,#918,.T.);
#2181=EDGE_CURVE('',#1691,#1504,#919,.T.);
#2182=EDGE_CURVE('',#1690,#1505,#920,.T.);
#2183=EDGE_CURVE('',#1689,#1506,#921,.T.);
#2184=EDGE_CURVE('',#1688,#1507,#922,.T.);
#2185=EDGE_CURVE('',#1687,#1508,#923,.T.);
#2186=EDGE_CURVE('',#1686,#1509,#924,.T.);
#2187=EDGE_CURVE('',#1685,#1510,#925,.T.);
#2188=EDGE_CURVE('',#1684,#1511,#926,.T.);
#2189=EDGE_CURVE('',#1683,#1512,#927,.T.);
#2190=EDGE_CURVE('',#1682,#1513,#928,.T.);
#2191=EDGE_CURVE('',#1681,#1514,#929,.T.);
#2192=EDGE_CURVE('',#1680,#1515,#930,.T.);
#2193=EDGE_CURVE('',#1679,#1516,#931,.T.);
#2194=EDGE_CURVE('',#1678,#1517,#932,.T.);
#2195=EDGE_CURVE('',#1677,#1518,#933,.T.);
#2196=EDGE_CURVE('',#1676,#1519,#934,.T.);
#2197=EDGE_CURVE('',#1675,#1520,#935,.T.);
#2198=EDGE_CURVE('',#1674,#1521,#936,.T.);
#2199=EDGE_CURVE('',#1673,#1522,#937,.T.);
#2200=EDGE_CURVE('',#1672,#1523,#938,.T.);
#2201=EDGE_CURVE('',#1671,#1524,#939,.T.);
#2202=EDGE_CURVE('',#1670,#1525,#940,.T.);
#2203=EDGE_CURVE('',#1669,#1526,#941,.T.);
#2204=EDGE_CURVE('',#1668,#1527,#942,.T.);
#2205=EDGE_CURVE('',#1667,#1528,#943,.T.);
#2206=EDGE_CURVE('',#1666,#1529,#944,.T.);
#2207=EDGE_CURVE('',#1665,#1530,#945,.T.);
#2208=EDGE_CURVE('',#1664,#1531,#946,.T.);
#2209=EDGE_CURVE('',#1663,#1532,#947,.T.);
#2210=EDGE_CURVE('',#1662,#1533,#948,.T.);
#2211=EDGE_CURVE('',#1661,#1534,#949,.T.);
#2212=EDGE_CURVE('',#1660,#1535,#950,.T.);
#2213=EDGE_CURVE('',#1659,#1536,#951,.T.);
#2214=EDGE_CURVE('',#1658,#1537,#952,.T.);
#2215=EDGE_CURVE('',#1657,#1538,#953,.T.);
#2216=EDGE_CURVE('',#1656,#1539,#954,.T.);
#2217=EDGE_CURVE('',#1655,#1540,#955,.T.);
#2218=EDGE_CURVE('',#1654,#1541,#956,.T.);
#2219=EDGE_CURVE('',#1653,#1542,#957,.T.);
#2220=EDGE_CURVE('',#1652,#1543,#958,.T.);
#2221=EDGE_CURVE('',#1651,#1544,#959,.T.);
#2222=EDGE_CURVE('',#1650,#1545,#960,.T.);
#2223=EDGE_CURVE('',#1649,#1546,#961,.T.);
#2224=EDGE_CURVE('',#1648,#1547,#962,.T.);
#2225=EDGE_CURVE('',#1647,#1548,#963,.T.);
#2226=EDGE_CURVE('',#1646,#1549,#964,.T.);
#2227=EDGE_CURVE('',#1645,#1550,#965,.T.);
#2228=EDGE_CURVE('',#1644,#1551,#966,.T.);
#2229=EDGE_CURVE('',#1642,#1492,#967,.T.);
#2230=ORIENTED_EDGE('',*,*,#1751,.F.);
#2231=ORIENTED_EDGE('',*,*,#1752,.T.);
#2232=ORIENTED_EDGE('',*,*,#1753,.F.);
#2233=ORIENTED_EDGE('',*,*,#1752,.F.);
#2234=ORIENTED_EDGE('',*,*,#1751,.T.);
#2235=ORIENTED_EDGE('',*,*,#1754,.F.);
#2236=ORIENTED_EDGE('',*,*,#1755,.T.);
#2237=ORIENTED_EDGE('',*,*,#1756,.F.);
#2238=ORIENTED_EDGE('',*,*,#1755,.F.);
#2239=ORIENTED_EDGE('',*,*,#1754,.T.);
#2240=ORIENTED_EDGE('',*,*,#1757,.F.);
#2241=ORIENTED_EDGE('',*,*,#1758,.T.);
#2242=ORIENTED_EDGE('',*,*,#1759,.F.);
#2243=ORIENTED_EDGE('',*,*,#1758,.F.);
#2244=ORIENTED_EDGE('',*,*,#1757,.T.);
#2245=ORIENTED_EDGE('',*,*,#1760,.F.);
#2246=ORIENTED_EDGE('',*,*,#1761,.T.);
#2247=ORIENTED_EDGE('',*,*,#1762,.F.);
#2248=ORIENTED_EDGE('',*,*,#1761,.F.);
#2249=ORIENTED_EDGE('',*,*,#1760,.T.);
#2250=ORIENTED_EDGE('',*,*,#1763,.F.);
#2251=ORIENTED_EDGE('',*,*,#1764,.T.);
#2252=ORIENTED_EDGE('',*,*,#1765,.F.);
#2253=ORIENTED_EDGE('',*,*,#1764,.F.);
#2254=ORIENTED_EDGE('',*,*,#1763,.T.);
#2255=ORIENTED_EDGE('',*,*,#1766,.F.);
#2256=ORIENTED_EDGE('',*,*,#1767,.T.);
#2257=ORIENTED_EDGE('',*,*,#1768,.F.);
#2258=ORIENTED_EDGE('',*,*,#1767,.F.);
#2259=ORIENTED_EDGE('',*,*,#1766,.T.);
#2260=ORIENTED_EDGE('',*,*,#1769,.F.);
#2261=ORIENTED_EDGE('',*,*,#1770,.T.);
#2262=ORIENTED_EDGE('',*,*,#1771,.T.);
#2263=ORIENTED_EDGE('',*,*,#1770,.F.);
#2264=ORIENTED_EDGE('',*,*,#1771,.F.);
#2265=ORIENTED_EDGE('',*,*,#1772,.F.);
#2266=ORIENTED_EDGE('',*,*,#1773,.T.);
#2267=ORIENTED_EDGE('',*,*,#1774,.T.);
#2268=ORIENTED_EDGE('',*,*,#1773,.F.);
#2269=ORIENTED_EDGE('',*,*,#1774,.F.);
#2270=ORIENTED_EDGE('',*,*,#1775,.F.);
#2271=ORIENTED_EDGE('',*,*,#1776,.T.);
#2272=ORIENTED_EDGE('',*,*,#1777,.T.);
#2273=ORIENTED_EDGE('',*,*,#1776,.F.);
#2274=ORIENTED_EDGE('',*,*,#1777,.F.);
#2275=ORIENTED_EDGE('',*,*,#1778,.F.);
#2276=ORIENTED_EDGE('',*,*,#1779,.T.);
#2277=ORIENTED_EDGE('',*,*,#1780,.T.);
#2278=ORIENTED_EDGE('',*,*,#1779,.F.);
#2279=ORIENTED_EDGE('',*,*,#1780,.F.);
#2280=ORIENTED_EDGE('',*,*,#1781,.F.);
#2281=ORIENTED_EDGE('',*,*,#1782,.T.);
#2282=ORIENTED_EDGE('',*,*,#1783,.T.);
#2283=ORIENTED_EDGE('',*,*,#1782,.F.);
#2284=ORIENTED_EDGE('',*,*,#1783,.F.);
#2285=ORIENTED_EDGE('',*,*,#1784,.F.);
#2286=ORIENTED_EDGE('',*,*,#1785,.T.);
#2287=ORIENTED_EDGE('',*,*,#1786,.T.);
#2288=ORIENTED_EDGE('',*,*,#1785,.F.);
#2289=ORIENTED_EDGE('',*,*,#1786,.F.);
#2290=ORIENTED_EDGE('',*,*,#1787,.F.);
#2291=ORIENTED_EDGE('',*,*,#1788,.T.);
#2292=ORIENTED_EDGE('',*,*,#1789,.T.);
#2293=ORIENTED_EDGE('',*,*,#1790,.T.);
#2294=ORIENTED_EDGE('',*,*,#1788,.F.);
#2295=ORIENTED_EDGE('',*,*,#1791,.T.);
#2296=ORIENTED_EDGE('',*,*,#1792,.T.);
#2297=ORIENTED_EDGE('',*,*,#1793,.T.);
#2298=ORIENTED_EDGE('',*,*,#1794,.F.);
#2299=ORIENTED_EDGE('',*,*,#1795,.T.);
#2300=ORIENTED_EDGE('',*,*,#1796,.T.);
#2301=ORIENTED_EDGE('',*,*,#1797,.T.);
#2302=ORIENTED_EDGE('',*,*,#1787,.T.);
#2303=ORIENTED_EDGE('',*,*,#1798,.F.);
#2304=ORIENTED_EDGE('',*,*,#1794,.T.);
#2305=ORIENTED_EDGE('',*,*,#1799,.F.);
#2306=ORIENTED_EDGE('',*,*,#1800,.T.);
#2307=ORIENTED_EDGE('',*,*,#1801,.F.);
#2308=ORIENTED_EDGE('',*,*,#1802,.F.);
#2309=ORIENTED_EDGE('',*,*,#1803,.T.);
#2310=ORIENTED_EDGE('',*,*,#1804,.F.);
#2311=ORIENTED_EDGE('',*,*,#1805,.F.);
#2312=ORIENTED_EDGE('',*,*,#1806,.F.);
#2313=ORIENTED_EDGE('',*,*,#1807,.T.);
#2314=ORIENTED_EDGE('',*,*,#1808,.F.);
#2315=ORIENTED_EDGE('',*,*,#1809,.F.);
#2316=ORIENTED_EDGE('',*,*,#1810,.F.);
#2317=ORIENTED_EDGE('',*,*,#1811,.F.);
#2318=ORIENTED_EDGE('',*,*,#1812,.F.);
#2319=ORIENTED_EDGE('',*,*,#1791,.F.);
#2320=ORIENTED_EDGE('',*,*,#1753,.T.);
#2321=ORIENTED_EDGE('',*,*,#1756,.T.);
#2322=ORIENTED_EDGE('',*,*,#1759,.T.);
#2323=ORIENTED_EDGE('',*,*,#1762,.T.);
#2324=ORIENTED_EDGE('',*,*,#1765,.T.);
#2325=ORIENTED_EDGE('',*,*,#1768,.T.);
#2326=ORIENTED_EDGE('',*,*,#1769,.T.);
#2327=ORIENTED_EDGE('',*,*,#1772,.T.);
#2328=ORIENTED_EDGE('',*,*,#1775,.T.);
#2329=ORIENTED_EDGE('',*,*,#1778,.T.);
#2330=ORIENTED_EDGE('',*,*,#1781,.T.);
#2331=ORIENTED_EDGE('',*,*,#1784,.T.);
#2332=ORIENTED_EDGE('',*,*,#1813,.T.);
#2333=ORIENTED_EDGE('',*,*,#1814,.T.);
#2334=ORIENTED_EDGE('',*,*,#1815,.T.);
#2335=ORIENTED_EDGE('',*,*,#1816,.T.);
#2336=ORIENTED_EDGE('',*,*,#1817,.F.);
#2337=ORIENTED_EDGE('',*,*,#1818,.F.);
#2338=ORIENTED_EDGE('',*,*,#1819,.F.);
#2339=ORIENTED_EDGE('',*,*,#1820,.F.);
#2340=ORIENTED_EDGE('',*,*,#1821,.F.);
#2341=ORIENTED_EDGE('',*,*,#1822,.F.);
#2342=ORIENTED_EDGE('',*,*,#1823,.F.);
#2343=ORIENTED_EDGE('',*,*,#1824,.F.);
#2344=ORIENTED_EDGE('',*,*,#1825,.F.);
#2345=ORIENTED_EDGE('',*,*,#1826,.F.);
#2346=ORIENTED_EDGE('',*,*,#1827,.F.);
#2347=ORIENTED_EDGE('',*,*,#1828,.F.);
#2348=ORIENTED_EDGE('',*,*,#1829,.F.);
#2349=ORIENTED_EDGE('',*,*,#1830,.F.);
#2350=ORIENTED_EDGE('',*,*,#1831,.F.);
#2351=ORIENTED_EDGE('',*,*,#1832,.F.);
#2352=ORIENTED_EDGE('',*,*,#1833,.F.);
#2353=ORIENTED_EDGE('',*,*,#1834,.F.);
#2354=ORIENTED_EDGE('',*,*,#1835,.F.);
#2355=ORIENTED_EDGE('',*,*,#1836,.F.);
#2356=ORIENTED_EDGE('',*,*,#1837,.F.);
#2357=ORIENTED_EDGE('',*,*,#1838,.F.);
#2358=ORIENTED_EDGE('',*,*,#1839,.F.);
#2359=ORIENTED_EDGE('',*,*,#1840,.F.);
#2360=ORIENTED_EDGE('',*,*,#1841,.F.);
#2361=ORIENTED_EDGE('',*,*,#1842,.F.);
#2362=ORIENTED_EDGE('',*,*,#1843,.F.);
#2363=ORIENTED_EDGE('',*,*,#1844,.F.);
#2364=ORIENTED_EDGE('',*,*,#1845,.F.);
#2365=ORIENTED_EDGE('',*,*,#1846,.F.);
#2366=ORIENTED_EDGE('',*,*,#1847,.F.);
#2367=ORIENTED_EDGE('',*,*,#1848,.F.);
#2368=ORIENTED_EDGE('',*,*,#1849,.F.);
#2369=ORIENTED_EDGE('',*,*,#1850,.F.);
#2370=ORIENTED_EDGE('',*,*,#1851,.F.);
#2371=ORIENTED_EDGE('',*,*,#1852,.F.);
#2372=ORIENTED_EDGE('',*,*,#1853,.F.);
#2373=ORIENTED_EDGE('',*,*,#1854,.F.);
#2374=ORIENTED_EDGE('',*,*,#1855,.F.);
#2375=ORIENTED_EDGE('',*,*,#1856,.F.);
#2376=ORIENTED_EDGE('',*,*,#1857,.F.);
#2377=ORIENTED_EDGE('',*,*,#1858,.F.);
#2378=ORIENTED_EDGE('',*,*,#1859,.F.);
#2379=ORIENTED_EDGE('',*,*,#1860,.F.);
#2380=ORIENTED_EDGE('',*,*,#1861,.F.);
#2381=ORIENTED_EDGE('',*,*,#1862,.F.);
#2382=ORIENTED_EDGE('',*,*,#1863,.F.);
#2383=ORIENTED_EDGE('',*,*,#1864,.F.);
#2384=ORIENTED_EDGE('',*,*,#1865,.F.);
#2385=ORIENTED_EDGE('',*,*,#1866,.F.);
#2386=ORIENTED_EDGE('',*,*,#1867,.F.);
#2387=ORIENTED_EDGE('',*,*,#1868,.F.);
#2388=ORIENTED_EDGE('',*,*,#1869,.F.);
#2389=ORIENTED_EDGE('',*,*,#1870,.F.);
#2390=ORIENTED_EDGE('',*,*,#1871,.F.);
#2391=ORIENTED_EDGE('',*,*,#1872,.F.);
#2392=ORIENTED_EDGE('',*,*,#1873,.F.);
#2393=ORIENTED_EDGE('',*,*,#1874,.F.);
#2394=ORIENTED_EDGE('',*,*,#1875,.F.);
#2395=ORIENTED_EDGE('',*,*,#1876,.F.);
#2396=ORIENTED_EDGE('',*,*,#1877,.F.);
#2397=ORIENTED_EDGE('',*,*,#1878,.F.);
#2398=ORIENTED_EDGE('',*,*,#1879,.F.);
#2399=ORIENTED_EDGE('',*,*,#1880,.F.);
#2400=ORIENTED_EDGE('',*,*,#1881,.F.);
#2401=ORIENTED_EDGE('',*,*,#1882,.F.);
#2402=ORIENTED_EDGE('',*,*,#1883,.F.);
#2403=ORIENTED_EDGE('',*,*,#1884,.F.);
#2404=ORIENTED_EDGE('',*,*,#1885,.F.);
#2405=ORIENTED_EDGE('',*,*,#1886,.F.);
#2406=ORIENTED_EDGE('',*,*,#1887,.F.);
#2407=ORIENTED_EDGE('',*,*,#1888,.F.);
#2408=ORIENTED_EDGE('',*,*,#1889,.F.);
#2409=ORIENTED_EDGE('',*,*,#1890,.F.);
#2410=ORIENTED_EDGE('',*,*,#1891,.F.);
#2411=ORIENTED_EDGE('',*,*,#1892,.F.);
#2412=ORIENTED_EDGE('',*,*,#1893,.F.);
#2413=ORIENTED_EDGE('',*,*,#1894,.F.);
#2414=ORIENTED_EDGE('',*,*,#1895,.F.);
#2415=ORIENTED_EDGE('',*,*,#1896,.F.);
#2416=ORIENTED_EDGE('',*,*,#1897,.F.);
#2417=ORIENTED_EDGE('',*,*,#1898,.F.);
#2418=ORIENTED_EDGE('',*,*,#1899,.F.);
#2419=ORIENTED_EDGE('',*,*,#1900,.F.);
#2420=ORIENTED_EDGE('',*,*,#1901,.F.);
#2421=ORIENTED_EDGE('',*,*,#1797,.F.);
#2422=ORIENTED_EDGE('',*,*,#1902,.T.);
#2423=ORIENTED_EDGE('',*,*,#1903,.F.);
#2424=ORIENTED_EDGE('',*,*,#1799,.T.);
#2425=ORIENTED_EDGE('',*,*,#1800,.F.);
#2426=ORIENTED_EDGE('',*,*,#1903,.T.);
#2427=ORIENTED_EDGE('',*,*,#1904,.T.);
#2428=ORIENTED_EDGE('',*,*,#1905,.T.);
#2429=ORIENTED_EDGE('',*,*,#1807,.F.);
#2430=ORIENTED_EDGE('',*,*,#1906,.T.);
#2431=ORIENTED_EDGE('',*,*,#1907,.T.);
#2432=ORIENTED_EDGE('',*,*,#1908,.T.);
#2433=ORIENTED_EDGE('',*,*,#1906,.F.);
#2434=ORIENTED_EDGE('',*,*,#1806,.T.);
#2435=ORIENTED_EDGE('',*,*,#1909,.T.);
#2436=ORIENTED_EDGE('',*,*,#1910,.T.);
#2437=ORIENTED_EDGE('',*,*,#1803,.F.);
#2438=ORIENTED_EDGE('',*,*,#1911,.T.);
#2439=ORIENTED_EDGE('',*,*,#1912,.T.);
#2440=ORIENTED_EDGE('',*,*,#1913,.T.);
#2441=ORIENTED_EDGE('',*,*,#1913,.F.);
#2442=ORIENTED_EDGE('',*,*,#1914,.T.);
#2443=ORIENTED_EDGE('',*,*,#1915,.F.);
#2444=ORIENTED_EDGE('',*,*,#1804,.T.);
#2445=ORIENTED_EDGE('',*,*,#1916,.F.);
#2446=ORIENTED_EDGE('',*,*,#1917,.T.);
#2447=ORIENTED_EDGE('',*,*,#1918,.T.);
#2448=ORIENTED_EDGE('',*,*,#1919,.T.);
#2449=ORIENTED_EDGE('',*,*,#1916,.T.);
#2450=ORIENTED_EDGE('',*,*,#1920,.T.);
#2451=ORIENTED_EDGE('',*,*,#1921,.T.);
#2452=ORIENTED_EDGE('',*,*,#1922,.T.);
#2453=ORIENTED_EDGE('',*,*,#1923,.T.);
#2454=ORIENTED_EDGE('',*,*,#1924,.T.);
#2455=ORIENTED_EDGE('',*,*,#1921,.F.);
#2456=ORIENTED_EDGE('',*,*,#1925,.T.);
#2457=ORIENTED_EDGE('',*,*,#1926,.T.);
#2458=ORIENTED_EDGE('',*,*,#1923,.F.);
#2459=ORIENTED_EDGE('',*,*,#1927,.T.);
#2460=ORIENTED_EDGE('',*,*,#1928,.T.);
#2461=ORIENTED_EDGE('',*,*,#1929,.T.);
#2462=ORIENTED_EDGE('',*,*,#1930,.T.);
#2463=ORIENTED_EDGE('',*,*,#1931,.T.);
#2464=ORIENTED_EDGE('',*,*,#1928,.F.);
#2465=ORIENTED_EDGE('',*,*,#1932,.T.);
#2466=ORIENTED_EDGE('',*,*,#1930,.F.);
#2467=ORIENTED_EDGE('',*,*,#1933,.T.);
#2468=ORIENTED_EDGE('',*,*,#1934,.T.);
#2469=ORIENTED_EDGE('',*,*,#1935,.T.);
#2470=ORIENTED_EDGE('',*,*,#1934,.F.);
#2471=ORIENTED_EDGE('',*,*,#1936,.T.);
#2472=ORIENTED_EDGE('',*,*,#1937,.T.);
#2473=ORIENTED_EDGE('',*,*,#1938,.T.);
#2474=ORIENTED_EDGE('',*,*,#1937,.F.);
#2475=ORIENTED_EDGE('',*,*,#1939,.T.);
#2476=ORIENTED_EDGE('',*,*,#1940,.T.);
#2477=ORIENTED_EDGE('',*,*,#1941,.T.);
#2478=ORIENTED_EDGE('',*,*,#1942,.T.);
#2479=ORIENTED_EDGE('',*,*,#1943,.T.);
#2480=ORIENTED_EDGE('',*,*,#1940,.F.);
#2481=ORIENTED_EDGE('',*,*,#1944,.T.);
#2482=ORIENTED_EDGE('',*,*,#1945,.T.);
#2483=ORIENTED_EDGE('',*,*,#1942,.F.);
#2484=ORIENTED_EDGE('',*,*,#1946,.T.);
#2485=ORIENTED_EDGE('',*,*,#1947,.T.);
#2486=ORIENTED_EDGE('',*,*,#1948,.T.);
#2487=ORIENTED_EDGE('',*,*,#1944,.F.);
#2488=ORIENTED_EDGE('',*,*,#1949,.T.);
#2489=ORIENTED_EDGE('',*,*,#1950,.T.);
#2490=ORIENTED_EDGE('',*,*,#1951,.T.);
#2491=ORIENTED_EDGE('',*,*,#1947,.F.);
#2492=ORIENTED_EDGE('',*,*,#1952,.T.);
#2493=ORIENTED_EDGE('',*,*,#1953,.T.);
#2494=ORIENTED_EDGE('',*,*,#1954,.T.);
#2495=ORIENTED_EDGE('',*,*,#1950,.F.);
#2496=ORIENTED_EDGE('',*,*,#1955,.T.);
#2497=ORIENTED_EDGE('',*,*,#1956,.T.);
#2498=ORIENTED_EDGE('',*,*,#1957,.T.);
#2499=ORIENTED_EDGE('',*,*,#1953,.F.);
#2500=ORIENTED_EDGE('',*,*,#1958,.T.);
#2501=ORIENTED_EDGE('',*,*,#1959,.T.);
#2502=ORIENTED_EDGE('',*,*,#1956,.F.);
#2503=ORIENTED_EDGE('',*,*,#1960,.T.);
#2504=ORIENTED_EDGE('',*,*,#1961,.T.);
#2505=ORIENTED_EDGE('',*,*,#1962,.T.);
#2506=ORIENTED_EDGE('',*,*,#1963,.T.);
#2507=ORIENTED_EDGE('',*,*,#1964,.T.);
#2508=ORIENTED_EDGE('',*,*,#1961,.F.);
#2509=ORIENTED_EDGE('',*,*,#1965,.T.);
#2510=ORIENTED_EDGE('',*,*,#1966,.T.);
#2511=ORIENTED_EDGE('',*,*,#1963,.F.);
#2512=ORIENTED_EDGE('',*,*,#1967,.T.);
#2513=ORIENTED_EDGE('',*,*,#1918,.F.);
#2514=ORIENTED_EDGE('',*,*,#1968,.T.);
#2515=ORIENTED_EDGE('',*,*,#1965,.F.);
#2516=ORIENTED_EDGE('',*,*,#1969,.T.);
#2517=ORIENTED_EDGE('',*,*,#1948,.F.);
#2518=ORIENTED_EDGE('',*,*,#1970,.F.);
#2519=ORIENTED_EDGE('',*,*,#1971,.T.);
#2520=ORIENTED_EDGE('',*,*,#1972,.T.);
#2521=ORIENTED_EDGE('',*,*,#1973,.T.);
#2522=ORIENTED_EDGE('',*,*,#1974,.T.);
#2523=ORIENTED_EDGE('',*,*,#1975,.T.);
#2524=ORIENTED_EDGE('',*,*,#1976,.T.);
#2525=ORIENTED_EDGE('',*,*,#1977,.T.);
#2526=ORIENTED_EDGE('',*,*,#1978,.T.);
#2527=ORIENTED_EDGE('',*,*,#1979,.T.);
#2528=ORIENTED_EDGE('',*,*,#1980,.F.);
#2529=ORIENTED_EDGE('',*,*,#1951,.F.);
#2530=ORIENTED_EDGE('',*,*,#1981,.T.);
#2531=ORIENTED_EDGE('',*,*,#1982,.T.);
#2532=ORIENTED_EDGE('',*,*,#1970,.T.);
#2533=ORIENTED_EDGE('',*,*,#1954,.F.);
#2534=ORIENTED_EDGE('',*,*,#1983,.F.);
#2535=ORIENTED_EDGE('',*,*,#1984,.T.);
#2536=ORIENTED_EDGE('',*,*,#1981,.F.);
#2537=ORIENTED_EDGE('',*,*,#1957,.F.);
#2538=ORIENTED_EDGE('',*,*,#1985,.T.);
#2539=ORIENTED_EDGE('',*,*,#1986,.T.);
#2540=ORIENTED_EDGE('',*,*,#1983,.T.);
#2541=ORIENTED_EDGE('',*,*,#1959,.F.);
#2542=ORIENTED_EDGE('',*,*,#1987,.T.);
#2543=ORIENTED_EDGE('',*,*,#1988,.T.);
#2544=ORIENTED_EDGE('',*,*,#1985,.F.);
#2545=ORIENTED_EDGE('',*,*,#1964,.F.);
#2546=ORIENTED_EDGE('',*,*,#1989,.F.);
#2547=ORIENTED_EDGE('',*,*,#1990,.T.);
#2548=ORIENTED_EDGE('',*,*,#1987,.F.);
#2549=ORIENTED_EDGE('',*,*,#1966,.F.);
#2550=ORIENTED_EDGE('',*,*,#1991,.T.);
#2551=ORIENTED_EDGE('',*,*,#1992,.T.);
#2552=ORIENTED_EDGE('',*,*,#1989,.T.);
#2553=ORIENTED_EDGE('',*,*,#1968,.F.);
#2554=ORIENTED_EDGE('',*,*,#1993,.T.);
#2555=ORIENTED_EDGE('',*,*,#1994,.T.);
#2556=ORIENTED_EDGE('',*,*,#1991,.F.);
#2557=ORIENTED_EDGE('',*,*,#1917,.F.);
#2558=ORIENTED_EDGE('',*,*,#1995,.T.);
#2559=ORIENTED_EDGE('',*,*,#1996,.T.);
#2560=ORIENTED_EDGE('',*,*,#1993,.F.);
#2561=ORIENTED_EDGE('',*,*,#1919,.F.);
#2562=ORIENTED_EDGE('',*,*,#1969,.F.);
#2563=ORIENTED_EDGE('',*,*,#1967,.F.);
#2564=ORIENTED_EDGE('',*,*,#1962,.F.);
#2565=ORIENTED_EDGE('',*,*,#1960,.F.);
#2566=ORIENTED_EDGE('',*,*,#1958,.F.);
#2567=ORIENTED_EDGE('',*,*,#1955,.F.);
#2568=ORIENTED_EDGE('',*,*,#1952,.F.);
#2569=ORIENTED_EDGE('',*,*,#1949,.F.);
#2570=ORIENTED_EDGE('',*,*,#1946,.F.);
#2571=ORIENTED_EDGE('',*,*,#1941,.F.);
#2572=ORIENTED_EDGE('',*,*,#1939,.F.);
#2573=ORIENTED_EDGE('',*,*,#1936,.F.);
#2574=ORIENTED_EDGE('',*,*,#1933,.F.);
#2575=ORIENTED_EDGE('',*,*,#1929,.F.);
#2576=ORIENTED_EDGE('',*,*,#1927,.F.);
#2577=ORIENTED_EDGE('',*,*,#1925,.F.);
#2578=ORIENTED_EDGE('',*,*,#1920,.F.);
#2579=ORIENTED_EDGE('',*,*,#1997,.F.);
#2580=ORIENTED_EDGE('',*,*,#1998,.F.);
#2581=ORIENTED_EDGE('',*,*,#1999,.F.);
#2582=ORIENTED_EDGE('',*,*,#2000,.F.);
#2583=ORIENTED_EDGE('',*,*,#2001,.F.);
#2584=ORIENTED_EDGE('',*,*,#2002,.F.);
#2585=ORIENTED_EDGE('',*,*,#2003,.F.);
#2586=ORIENTED_EDGE('',*,*,#2004,.F.);
#2587=ORIENTED_EDGE('',*,*,#2005,.F.);
#2588=ORIENTED_EDGE('',*,*,#2006,.F.);
#2589=ORIENTED_EDGE('',*,*,#2007,.F.);
#2590=ORIENTED_EDGE('',*,*,#2008,.F.);
#2591=ORIENTED_EDGE('',*,*,#2009,.F.);
#2592=ORIENTED_EDGE('',*,*,#2010,.F.);
#2593=ORIENTED_EDGE('',*,*,#2011,.F.);
#2594=ORIENTED_EDGE('',*,*,#2012,.F.);
#2595=ORIENTED_EDGE('',*,*,#2013,.F.);
#2596=ORIENTED_EDGE('',*,*,#2014,.F.);
#2597=ORIENTED_EDGE('',*,*,#2015,.F.);
#2598=ORIENTED_EDGE('',*,*,#2016,.F.);
#2599=ORIENTED_EDGE('',*,*,#2017,.F.);
#2600=ORIENTED_EDGE('',*,*,#2018,.F.);
#2601=ORIENTED_EDGE('',*,*,#2019,.F.);
#2602=ORIENTED_EDGE('',*,*,#2020,.F.);
#2603=ORIENTED_EDGE('',*,*,#2021,.F.);
#2604=ORIENTED_EDGE('',*,*,#2022,.F.);
#2605=ORIENTED_EDGE('',*,*,#2023,.F.);
#2606=ORIENTED_EDGE('',*,*,#2024,.F.);
#2607=ORIENTED_EDGE('',*,*,#2025,.F.);
#2608=ORIENTED_EDGE('',*,*,#2026,.F.);
#2609=ORIENTED_EDGE('',*,*,#2027,.F.);
#2610=ORIENTED_EDGE('',*,*,#2028,.F.);
#2611=ORIENTED_EDGE('',*,*,#2029,.F.);
#2612=ORIENTED_EDGE('',*,*,#2030,.F.);
#2613=ORIENTED_EDGE('',*,*,#2031,.F.);
#2614=ORIENTED_EDGE('',*,*,#2032,.F.);
#2615=ORIENTED_EDGE('',*,*,#2033,.F.);
#2616=ORIENTED_EDGE('',*,*,#2034,.F.);
#2617=ORIENTED_EDGE('',*,*,#2035,.F.);
#2618=ORIENTED_EDGE('',*,*,#2036,.F.);
#2619=ORIENTED_EDGE('',*,*,#2037,.F.);
#2620=ORIENTED_EDGE('',*,*,#2038,.F.);
#2621=ORIENTED_EDGE('',*,*,#2039,.F.);
#2622=ORIENTED_EDGE('',*,*,#2040,.F.);
#2623=ORIENTED_EDGE('',*,*,#2041,.F.);
#2624=ORIENTED_EDGE('',*,*,#2042,.F.);
#2625=ORIENTED_EDGE('',*,*,#2043,.F.);
#2626=ORIENTED_EDGE('',*,*,#2044,.F.);
#2627=ORIENTED_EDGE('',*,*,#2045,.F.);
#2628=ORIENTED_EDGE('',*,*,#2046,.F.);
#2629=ORIENTED_EDGE('',*,*,#2047,.F.);
#2630=ORIENTED_EDGE('',*,*,#2048,.F.);
#2631=ORIENTED_EDGE('',*,*,#2049,.F.);
#2632=ORIENTED_EDGE('',*,*,#2050,.F.);
#2633=ORIENTED_EDGE('',*,*,#2051,.F.);
#2634=ORIENTED_EDGE('',*,*,#2052,.F.);
#2635=ORIENTED_EDGE('',*,*,#2053,.F.);
#2636=ORIENTED_EDGE('',*,*,#2054,.F.);
#2637=ORIENTED_EDGE('',*,*,#2055,.F.);
#2638=ORIENTED_EDGE('',*,*,#2056,.F.);
#2639=ORIENTED_EDGE('',*,*,#2057,.F.);
#2640=ORIENTED_EDGE('',*,*,#2058,.F.);
#2641=ORIENTED_EDGE('',*,*,#2059,.F.);
#2642=ORIENTED_EDGE('',*,*,#2060,.F.);
#2643=ORIENTED_EDGE('',*,*,#2061,.F.);
#2644=ORIENTED_EDGE('',*,*,#2062,.F.);
#2645=ORIENTED_EDGE('',*,*,#2063,.F.);
#2646=ORIENTED_EDGE('',*,*,#2064,.F.);
#2647=ORIENTED_EDGE('',*,*,#2065,.F.);
#2648=ORIENTED_EDGE('',*,*,#2066,.F.);
#2649=ORIENTED_EDGE('',*,*,#2067,.F.);
#2650=ORIENTED_EDGE('',*,*,#2068,.F.);
#2651=ORIENTED_EDGE('',*,*,#2069,.F.);
#2652=ORIENTED_EDGE('',*,*,#2070,.F.);
#2653=ORIENTED_EDGE('',*,*,#2071,.F.);
#2654=ORIENTED_EDGE('',*,*,#2072,.F.);
#2655=ORIENTED_EDGE('',*,*,#2073,.F.);
#2656=ORIENTED_EDGE('',*,*,#2074,.F.);
#2657=ORIENTED_EDGE('',*,*,#2075,.F.);
#2658=ORIENTED_EDGE('',*,*,#2076,.F.);
#2659=ORIENTED_EDGE('',*,*,#2077,.F.);
#2660=ORIENTED_EDGE('',*,*,#2078,.F.);
#2661=ORIENTED_EDGE('',*,*,#2079,.F.);
#2662=ORIENTED_EDGE('',*,*,#2080,.F.);
#2663=ORIENTED_EDGE('',*,*,#2081,.F.);
#2664=ORIENTED_EDGE('',*,*,#2082,.F.);
#2665=ORIENTED_EDGE('',*,*,#2083,.F.);
#2666=ORIENTED_EDGE('',*,*,#2084,.F.);
#2667=ORIENTED_EDGE('',*,*,#2085,.F.);
#2668=ORIENTED_EDGE('',*,*,#1982,.F.);
#2669=ORIENTED_EDGE('',*,*,#1984,.F.);
#2670=ORIENTED_EDGE('',*,*,#1986,.F.);
#2671=ORIENTED_EDGE('',*,*,#1988,.F.);
#2672=ORIENTED_EDGE('',*,*,#1990,.F.);
#2673=ORIENTED_EDGE('',*,*,#1992,.F.);
#2674=ORIENTED_EDGE('',*,*,#1994,.F.);
#2675=ORIENTED_EDGE('',*,*,#1996,.F.);
#2676=ORIENTED_EDGE('',*,*,#2086,.F.);
#2677=ORIENTED_EDGE('',*,*,#2087,.F.);
#2678=ORIENTED_EDGE('',*,*,#2088,.F.);
#2679=ORIENTED_EDGE('',*,*,#2089,.F.);
#2680=ORIENTED_EDGE('',*,*,#2090,.F.);
#2681=ORIENTED_EDGE('',*,*,#2091,.F.);
#2682=ORIENTED_EDGE('',*,*,#2092,.F.);
#2683=ORIENTED_EDGE('',*,*,#2093,.F.);
#2684=ORIENTED_EDGE('',*,*,#2094,.F.);
#2685=ORIENTED_EDGE('',*,*,#1979,.F.);
#2686=ORIENTED_EDGE('',*,*,#2095,.T.);
#2687=ORIENTED_EDGE('',*,*,#2096,.F.);
#2688=ORIENTED_EDGE('',*,*,#1789,.F.);
#2689=ORIENTED_EDGE('',*,*,#1793,.F.);
#2690=ORIENTED_EDGE('',*,*,#2097,.F.);
#2691=ORIENTED_EDGE('',*,*,#2098,.F.);
#2692=ORIENTED_EDGE('',*,*,#2099,.F.);
#2693=ORIENTED_EDGE('',*,*,#2100,.F.);
#2694=ORIENTED_EDGE('',*,*,#2101,.F.);
#2695=ORIENTED_EDGE('',*,*,#1907,.F.);
#2696=ORIENTED_EDGE('',*,*,#1910,.F.);
#2697=ORIENTED_EDGE('',*,*,#2102,.F.);
#2698=ORIENTED_EDGE('',*,*,#1914,.F.);
#2699=ORIENTED_EDGE('',*,*,#1912,.F.);
#2700=ORIENTED_EDGE('',*,*,#2103,.F.);
#2701=ORIENTED_EDGE('',*,*,#2104,.F.);
#2702=ORIENTED_EDGE('',*,*,#1904,.F.);
#2703=ORIENTED_EDGE('',*,*,#1902,.F.);
#2704=ORIENTED_EDGE('',*,*,#1796,.F.);
#2705=ORIENTED_EDGE('',*,*,#2105,.F.);
#2706=ORIENTED_EDGE('',*,*,#2106,.T.);
#2707=ORIENTED_EDGE('',*,*,#1971,.F.);
#2708=ORIENTED_EDGE('',*,*,#1945,.F.);
#2709=ORIENTED_EDGE('',*,*,#1980,.T.);
#2710=ORIENTED_EDGE('',*,*,#2094,.T.);
#2711=ORIENTED_EDGE('',*,*,#2107,.T.);
#2712=ORIENTED_EDGE('',*,*,#1943,.F.);
#2713=ORIENTED_EDGE('',*,*,#2107,.F.);
#2714=ORIENTED_EDGE('',*,*,#2093,.T.);
#2715=ORIENTED_EDGE('',*,*,#2108,.F.);
#2716=ORIENTED_EDGE('',*,*,#1924,.F.);
#2717=ORIENTED_EDGE('',*,*,#2109,.T.);
#2718=ORIENTED_EDGE('',*,*,#2087,.T.);
#2719=ORIENTED_EDGE('',*,*,#2110,.T.);
#2720=ORIENTED_EDGE('',*,*,#1922,.F.);
#2721=ORIENTED_EDGE('',*,*,#2110,.F.);
#2722=ORIENTED_EDGE('',*,*,#2086,.T.);
#2723=ORIENTED_EDGE('',*,*,#1995,.F.);
#2724=ORIENTED_EDGE('',*,*,#2111,.T.);
#2725=ORIENTED_EDGE('',*,*,#2112,.T.);
#2726=ORIENTED_EDGE('',*,*,#1997,.T.);
#2727=ORIENTED_EDGE('',*,*,#2113,.T.);
#2728=ORIENTED_EDGE('',*,*,#1998,.T.);
#2729=ORIENTED_EDGE('',*,*,#2112,.F.);
#2730=ORIENTED_EDGE('',*,*,#2114,.T.);
#2731=ORIENTED_EDGE('',*,*,#2115,.T.);
#2732=ORIENTED_EDGE('',*,*,#1999,.T.);
#2733=ORIENTED_EDGE('',*,*,#2115,.F.);
#2734=ORIENTED_EDGE('',*,*,#2116,.T.);
#2735=ORIENTED_EDGE('',*,*,#2117,.T.);
#2736=ORIENTED_EDGE('',*,*,#2000,.T.);
#2737=ORIENTED_EDGE('',*,*,#2117,.F.);
#2738=ORIENTED_EDGE('',*,*,#2118,.T.);
#2739=ORIENTED_EDGE('',*,*,#2113,.F.);
#2740=ORIENTED_EDGE('',*,*,#2114,.F.);
#2741=ORIENTED_EDGE('',*,*,#2119,.F.);
#2742=ORIENTED_EDGE('',*,*,#1816,.F.);
#2743=ORIENTED_EDGE('',*,*,#2120,.T.);
#2744=ORIENTED_EDGE('',*,*,#2111,.F.);
#2745=ORIENTED_EDGE('',*,*,#2121,.F.);
#2746=ORIENTED_EDGE('',*,*,#1813,.F.);
#2747=ORIENTED_EDGE('',*,*,#2119,.T.);
#2748=ORIENTED_EDGE('',*,*,#2116,.F.);
#2749=ORIENTED_EDGE('',*,*,#2120,.F.);
#2750=ORIENTED_EDGE('',*,*,#1815,.F.);
#2751=ORIENTED_EDGE('',*,*,#2122,.T.);
#2752=ORIENTED_EDGE('',*,*,#2118,.F.);
#2753=ORIENTED_EDGE('',*,*,#2122,.F.);
#2754=ORIENTED_EDGE('',*,*,#1814,.F.);
#2755=ORIENTED_EDGE('',*,*,#2121,.T.);
#2756=ORIENTED_EDGE('',*,*,#2123,.F.);
#2757=ORIENTED_EDGE('',*,*,#2124,.T.);
#2758=ORIENTED_EDGE('',*,*,#1977,.F.);
#2759=ORIENTED_EDGE('',*,*,#2125,.F.);
#2760=ORIENTED_EDGE('',*,*,#2126,.F.);
#2761=ORIENTED_EDGE('',*,*,#2125,.T.);
#2762=ORIENTED_EDGE('',*,*,#1976,.F.);
#2763=ORIENTED_EDGE('',*,*,#2127,.F.);
#2764=ORIENTED_EDGE('',*,*,#2128,.F.);
#2765=ORIENTED_EDGE('',*,*,#2127,.T.);
#2766=ORIENTED_EDGE('',*,*,#1975,.F.);
#2767=ORIENTED_EDGE('',*,*,#2129,.F.);
#2768=ORIENTED_EDGE('',*,*,#2130,.F.);
#2769=ORIENTED_EDGE('',*,*,#2129,.T.);
#2770=ORIENTED_EDGE('',*,*,#1974,.F.);
#2771=ORIENTED_EDGE('',*,*,#2131,.F.);
#2772=ORIENTED_EDGE('',*,*,#2132,.F.);
#2773=ORIENTED_EDGE('',*,*,#2133,.T.);
#2774=ORIENTED_EDGE('',*,*,#1972,.F.);
#2775=ORIENTED_EDGE('',*,*,#2106,.F.);
#2776=ORIENTED_EDGE('',*,*,#2134,.F.);
#2777=ORIENTED_EDGE('',*,*,#2131,.T.);
#2778=ORIENTED_EDGE('',*,*,#1973,.F.);
#2779=ORIENTED_EDGE('',*,*,#2133,.F.);
#2780=ORIENTED_EDGE('',*,*,#2135,.F.);
#2781=ORIENTED_EDGE('',*,*,#2095,.F.);
#2782=ORIENTED_EDGE('',*,*,#1978,.F.);
#2783=ORIENTED_EDGE('',*,*,#2124,.F.);
#2784=ORIENTED_EDGE('',*,*,#1790,.F.);
#2785=ORIENTED_EDGE('',*,*,#2096,.T.);
#2786=ORIENTED_EDGE('',*,*,#2135,.T.);
#2787=ORIENTED_EDGE('',*,*,#2123,.T.);
#2788=ORIENTED_EDGE('',*,*,#2126,.T.);
#2789=ORIENTED_EDGE('',*,*,#2128,.T.);
#2790=ORIENTED_EDGE('',*,*,#2130,.T.);
#2791=ORIENTED_EDGE('',*,*,#2134,.T.);
#2792=ORIENTED_EDGE('',*,*,#2132,.T.);
#2793=ORIENTED_EDGE('',*,*,#2105,.T.);
#2794=ORIENTED_EDGE('',*,*,#1795,.F.);
#2795=ORIENTED_EDGE('',*,*,#1798,.T.);
#2796=ORIENTED_EDGE('',*,*,#1817,.T.);
#2797=ORIENTED_EDGE('',*,*,#2136,.T.);
#2798=ORIENTED_EDGE('',*,*,#2001,.T.);
#2799=ORIENTED_EDGE('',*,*,#2136,.F.);
#2800=ORIENTED_EDGE('',*,*,#1812,.T.);
#2801=ORIENTED_EDGE('',*,*,#2137,.T.);
#2802=ORIENTED_EDGE('',*,*,#2097,.T.);
#2803=ORIENTED_EDGE('',*,*,#1792,.F.);
#2804=ORIENTED_EDGE('',*,*,#1811,.T.);
#2805=ORIENTED_EDGE('',*,*,#2138,.T.);
#2806=ORIENTED_EDGE('',*,*,#2098,.T.);
#2807=ORIENTED_EDGE('',*,*,#2137,.F.);
#2808=ORIENTED_EDGE('',*,*,#1810,.T.);
#2809=ORIENTED_EDGE('',*,*,#2139,.T.);
#2810=ORIENTED_EDGE('',*,*,#2099,.T.);
#2811=ORIENTED_EDGE('',*,*,#2138,.F.);
#2812=ORIENTED_EDGE('',*,*,#1809,.T.);
#2813=ORIENTED_EDGE('',*,*,#2140,.T.);
#2814=ORIENTED_EDGE('',*,*,#2100,.T.);
#2815=ORIENTED_EDGE('',*,*,#2139,.F.);
#2816=ORIENTED_EDGE('',*,*,#1908,.F.);
#2817=ORIENTED_EDGE('',*,*,#2101,.T.);
#2818=ORIENTED_EDGE('',*,*,#2140,.F.);
#2819=ORIENTED_EDGE('',*,*,#1808,.T.);
#2820=ORIENTED_EDGE('',*,*,#1805,.T.);
#2821=ORIENTED_EDGE('',*,*,#1915,.T.);
#2822=ORIENTED_EDGE('',*,*,#2102,.T.);
#2823=ORIENTED_EDGE('',*,*,#1909,.F.);
#2824=ORIENTED_EDGE('',*,*,#1911,.F.);
#2825=ORIENTED_EDGE('',*,*,#1802,.T.);
#2826=ORIENTED_EDGE('',*,*,#2141,.T.);
#2827=ORIENTED_EDGE('',*,*,#2103,.T.);
#2828=ORIENTED_EDGE('',*,*,#1905,.F.);
#2829=ORIENTED_EDGE('',*,*,#2104,.T.);
#2830=ORIENTED_EDGE('',*,*,#2141,.F.);
#2831=ORIENTED_EDGE('',*,*,#1801,.T.);
#2832=ORIENTED_EDGE('',*,*,#1926,.F.);
#2833=ORIENTED_EDGE('',*,*,#2142,.T.);
#2834=ORIENTED_EDGE('',*,*,#2088,.T.);
#2835=ORIENTED_EDGE('',*,*,#2109,.F.);
#2836=ORIENTED_EDGE('',*,*,#1931,.F.);
#2837=ORIENTED_EDGE('',*,*,#2143,.T.);
#2838=ORIENTED_EDGE('',*,*,#2089,.T.);
#2839=ORIENTED_EDGE('',*,*,#2142,.F.);
#2840=ORIENTED_EDGE('',*,*,#1932,.F.);
#2841=ORIENTED_EDGE('',*,*,#2144,.T.);
#2842=ORIENTED_EDGE('',*,*,#2090,.T.);
#2843=ORIENTED_EDGE('',*,*,#2143,.F.);
#2844=ORIENTED_EDGE('',*,*,#1935,.F.);
#2845=ORIENTED_EDGE('',*,*,#2145,.T.);
#2846=ORIENTED_EDGE('',*,*,#2091,.T.);
#2847=ORIENTED_EDGE('',*,*,#2144,.F.);
#2848=ORIENTED_EDGE('',*,*,#1938,.F.);
#2849=ORIENTED_EDGE('',*,*,#2108,.T.);
#2850=ORIENTED_EDGE('',*,*,#2092,.T.);
#2851=ORIENTED_EDGE('',*,*,#2145,.F.);
#2852=ORIENTED_EDGE('',*,*,#2085,.T.);
#2853=ORIENTED_EDGE('',*,*,#2146,.T.);
#2854=ORIENTED_EDGE('',*,*,#1880,.T.);
#2855=ORIENTED_EDGE('',*,*,#2147,.F.);
#2856=ORIENTED_EDGE('',*,*,#2084,.T.);
#2857=ORIENTED_EDGE('',*,*,#2148,.T.);
#2858=ORIENTED_EDGE('',*,*,#1881,.T.);
#2859=ORIENTED_EDGE('',*,*,#2146,.F.);
#2860=ORIENTED_EDGE('',*,*,#2083,.T.);
#2861=ORIENTED_EDGE('',*,*,#2149,.T.);
#2862=ORIENTED_EDGE('',*,*,#1882,.T.);
#2863=ORIENTED_EDGE('',*,*,#2148,.F.);
#2864=ORIENTED_EDGE('',*,*,#2082,.T.);
#2865=ORIENTED_EDGE('',*,*,#2150,.T.);
#2866=ORIENTED_EDGE('',*,*,#1883,.T.);
#2867=ORIENTED_EDGE('',*,*,#2149,.F.);
#2868=ORIENTED_EDGE('',*,*,#2081,.T.);
#2869=ORIENTED_EDGE('',*,*,#2151,.T.);
#2870=ORIENTED_EDGE('',*,*,#1884,.T.);
#2871=ORIENTED_EDGE('',*,*,#2150,.F.);
#2872=ORIENTED_EDGE('',*,*,#2080,.T.);
#2873=ORIENTED_EDGE('',*,*,#2152,.T.);
#2874=ORIENTED_EDGE('',*,*,#1885,.T.);
#2875=ORIENTED_EDGE('',*,*,#2151,.F.);
#2876=ORIENTED_EDGE('',*,*,#2079,.T.);
#2877=ORIENTED_EDGE('',*,*,#2153,.T.);
#2878=ORIENTED_EDGE('',*,*,#1886,.T.);
#2879=ORIENTED_EDGE('',*,*,#2152,.F.);
#2880=ORIENTED_EDGE('',*,*,#2078,.T.);
#2881=ORIENTED_EDGE('',*,*,#2154,.T.);
#2882=ORIENTED_EDGE('',*,*,#1887,.T.);
#2883=ORIENTED_EDGE('',*,*,#2153,.F.);
#2884=ORIENTED_EDGE('',*,*,#2077,.T.);
#2885=ORIENTED_EDGE('',*,*,#2155,.T.);
#2886=ORIENTED_EDGE('',*,*,#1888,.T.);
#2887=ORIENTED_EDGE('',*,*,#2154,.F.);
#2888=ORIENTED_EDGE('',*,*,#2076,.T.);
#2889=ORIENTED_EDGE('',*,*,#2156,.T.);
#2890=ORIENTED_EDGE('',*,*,#1889,.T.);
#2891=ORIENTED_EDGE('',*,*,#2155,.F.);
#2892=ORIENTED_EDGE('',*,*,#2075,.T.);
#2893=ORIENTED_EDGE('',*,*,#2157,.T.);
#2894=ORIENTED_EDGE('',*,*,#1890,.T.);
#2895=ORIENTED_EDGE('',*,*,#2156,.F.);
#2896=ORIENTED_EDGE('',*,*,#2074,.T.);
#2897=ORIENTED_EDGE('',*,*,#2158,.T.);
#2898=ORIENTED_EDGE('',*,*,#1891,.T.);
#2899=ORIENTED_EDGE('',*,*,#2157,.F.);
#2900=ORIENTED_EDGE('',*,*,#2073,.T.);
#2901=ORIENTED_EDGE('',*,*,#2159,.T.);
#2902=ORIENTED_EDGE('',*,*,#1892,.T.);
#2903=ORIENTED_EDGE('',*,*,#2158,.F.);
#2904=ORIENTED_EDGE('',*,*,#2072,.T.);
#2905=ORIENTED_EDGE('',*,*,#2160,.T.);
#2906=ORIENTED_EDGE('',*,*,#1893,.T.);
#2907=ORIENTED_EDGE('',*,*,#2159,.F.);
#2908=ORIENTED_EDGE('',*,*,#2071,.T.);
#2909=ORIENTED_EDGE('',*,*,#2161,.T.);
#2910=ORIENTED_EDGE('',*,*,#1894,.T.);
#2911=ORIENTED_EDGE('',*,*,#2160,.F.);
#2912=ORIENTED_EDGE('',*,*,#2070,.T.);
#2913=ORIENTED_EDGE('',*,*,#2162,.T.);
#2914=ORIENTED_EDGE('',*,*,#1895,.T.);
#2915=ORIENTED_EDGE('',*,*,#2161,.F.);
#2916=ORIENTED_EDGE('',*,*,#2069,.T.);
#2917=ORIENTED_EDGE('',*,*,#2163,.T.);
#2918=ORIENTED_EDGE('',*,*,#1896,.T.);
#2919=ORIENTED_EDGE('',*,*,#2162,.F.);
#2920=ORIENTED_EDGE('',*,*,#2068,.T.);
#2921=ORIENTED_EDGE('',*,*,#2164,.T.);
#2922=ORIENTED_EDGE('',*,*,#1897,.T.);
#2923=ORIENTED_EDGE('',*,*,#2163,.F.);
#2924=ORIENTED_EDGE('',*,*,#2067,.T.);
#2925=ORIENTED_EDGE('',*,*,#2165,.T.);
#2926=ORIENTED_EDGE('',*,*,#1898,.T.);
#2927=ORIENTED_EDGE('',*,*,#2164,.F.);
#2928=ORIENTED_EDGE('',*,*,#2066,.T.);
#2929=ORIENTED_EDGE('',*,*,#2166,.T.);
#2930=ORIENTED_EDGE('',*,*,#1899,.T.);
#2931=ORIENTED_EDGE('',*,*,#2165,.F.);
#2932=ORIENTED_EDGE('',*,*,#2065,.T.);
#2933=ORIENTED_EDGE('',*,*,#2167,.T.);
#2934=ORIENTED_EDGE('',*,*,#1900,.T.);
#2935=ORIENTED_EDGE('',*,*,#2166,.F.);
#2936=ORIENTED_EDGE('',*,*,#2064,.T.);
#2937=ORIENTED_EDGE('',*,*,#2168,.T.);
#2938=ORIENTED_EDGE('',*,*,#1901,.T.);
#2939=ORIENTED_EDGE('',*,*,#2167,.F.);
#2940=ORIENTED_EDGE('',*,*,#2063,.T.);
#2941=ORIENTED_EDGE('',*,*,#2147,.T.);
#2942=ORIENTED_EDGE('',*,*,#1879,.T.);
#2943=ORIENTED_EDGE('',*,*,#2168,.F.);
#2944=ORIENTED_EDGE('',*,*,#2062,.T.);
#2945=ORIENTED_EDGE('',*,*,#2169,.T.);
#2946=ORIENTED_EDGE('',*,*,#1819,.T.);
#2947=ORIENTED_EDGE('',*,*,#2170,.F.);
#2948=ORIENTED_EDGE('',*,*,#2061,.T.);
#2949=ORIENTED_EDGE('',*,*,#2171,.T.);
#2950=ORIENTED_EDGE('',*,*,#1820,.T.);
#2951=ORIENTED_EDGE('',*,*,#2169,.F.);
#2952=ORIENTED_EDGE('',*,*,#2060,.T.);
#2953=ORIENTED_EDGE('',*,*,#2172,.T.);
#2954=ORIENTED_EDGE('',*,*,#1821,.T.);
#2955=ORIENTED_EDGE('',*,*,#2171,.F.);
#2956=ORIENTED_EDGE('',*,*,#2059,.T.);
#2957=ORIENTED_EDGE('',*,*,#2173,.T.);
#2958=ORIENTED_EDGE('',*,*,#1822,.T.);
#2959=ORIENTED_EDGE('',*,*,#2172,.F.);
#2960=ORIENTED_EDGE('',*,*,#2058,.T.);
#2961=ORIENTED_EDGE('',*,*,#2174,.T.);
#2962=ORIENTED_EDGE('',*,*,#1823,.T.);
#2963=ORIENTED_EDGE('',*,*,#2173,.F.);
#2964=ORIENTED_EDGE('',*,*,#2057,.T.);
#2965=ORIENTED_EDGE('',*,*,#2175,.T.);
#2966=ORIENTED_EDGE('',*,*,#1824,.T.);
#2967=ORIENTED_EDGE('',*,*,#2174,.F.);
#2968=ORIENTED_EDGE('',*,*,#2056,.T.);
#2969=ORIENTED_EDGE('',*,*,#2176,.T.);
#2970=ORIENTED_EDGE('',*,*,#1825,.T.);
#2971=ORIENTED_EDGE('',*,*,#2175,.F.);
#2972=ORIENTED_EDGE('',*,*,#2055,.T.);
#2973=ORIENTED_EDGE('',*,*,#2177,.T.);
#2974=ORIENTED_EDGE('',*,*,#1826,.T.);
#2975=ORIENTED_EDGE('',*,*,#2176,.F.);
#2976=ORIENTED_EDGE('',*,*,#2054,.T.);
#2977=ORIENTED_EDGE('',*,*,#2178,.T.);
#2978=ORIENTED_EDGE('',*,*,#1827,.T.);
#2979=ORIENTED_EDGE('',*,*,#2177,.F.);
#2980=ORIENTED_EDGE('',*,*,#2053,.T.);
#2981=ORIENTED_EDGE('',*,*,#2179,.T.);
#2982=ORIENTED_EDGE('',*,*,#1828,.T.);
#2983=ORIENTED_EDGE('',*,*,#2178,.F.);
#2984=ORIENTED_EDGE('',*,*,#2052,.T.);
#2985=ORIENTED_EDGE('',*,*,#2180,.T.);
#2986=ORIENTED_EDGE('',*,*,#1829,.T.);
#2987=ORIENTED_EDGE('',*,*,#2179,.F.);
#2988=ORIENTED_EDGE('',*,*,#2051,.T.);
#2989=ORIENTED_EDGE('',*,*,#2181,.T.);
#2990=ORIENTED_EDGE('',*,*,#1830,.T.);
#2991=ORIENTED_EDGE('',*,*,#2180,.F.);
#2992=ORIENTED_EDGE('',*,*,#2050,.T.);
#2993=ORIENTED_EDGE('',*,*,#2182,.T.);
#2994=ORIENTED_EDGE('',*,*,#1831,.T.);
#2995=ORIENTED_EDGE('',*,*,#2181,.F.);
#2996=ORIENTED_EDGE('',*,*,#2049,.T.);
#2997=ORIENTED_EDGE('',*,*,#2183,.T.);
#2998=ORIENTED_EDGE('',*,*,#1832,.T.);
#2999=ORIENTED_EDGE('',*,*,#2182,.F.);
#3000=ORIENTED_EDGE('',*,*,#2048,.T.);
#3001=ORIENTED_EDGE('',*,*,#2184,.T.);
#3002=ORIENTED_EDGE('',*,*,#1833,.T.);
#3003=ORIENTED_EDGE('',*,*,#2183,.F.);
#3004=ORIENTED_EDGE('',*,*,#2047,.T.);
#3005=ORIENTED_EDGE('',*,*,#2185,.T.);
#3006=ORIENTED_EDGE('',*,*,#1834,.T.);
#3007=ORIENTED_EDGE('',*,*,#2184,.F.);
#3008=ORIENTED_EDGE('',*,*,#2046,.T.);
#3009=ORIENTED_EDGE('',*,*,#2186,.T.);
#3010=ORIENTED_EDGE('',*,*,#1835,.T.);
#3011=ORIENTED_EDGE('',*,*,#2185,.F.);
#3012=ORIENTED_EDGE('',*,*,#2045,.T.);
#3013=ORIENTED_EDGE('',*,*,#2187,.T.);
#3014=ORIENTED_EDGE('',*,*,#1836,.T.);
#3015=ORIENTED_EDGE('',*,*,#2186,.F.);
#3016=ORIENTED_EDGE('',*,*,#2044,.T.);
#3017=ORIENTED_EDGE('',*,*,#2188,.T.);
#3018=ORIENTED_EDGE('',*,*,#1837,.T.);
#3019=ORIENTED_EDGE('',*,*,#2187,.F.);
#3020=ORIENTED_EDGE('',*,*,#2043,.T.);
#3021=ORIENTED_EDGE('',*,*,#2189,.T.);
#3022=ORIENTED_EDGE('',*,*,#1838,.T.);
#3023=ORIENTED_EDGE('',*,*,#2188,.F.);
#3024=ORIENTED_EDGE('',*,*,#2042,.T.);
#3025=ORIENTED_EDGE('',*,*,#2190,.T.);
#3026=ORIENTED_EDGE('',*,*,#1839,.T.);
#3027=ORIENTED_EDGE('',*,*,#2189,.F.);
#3028=ORIENTED_EDGE('',*,*,#2041,.T.);
#3029=ORIENTED_EDGE('',*,*,#2191,.T.);
#3030=ORIENTED_EDGE('',*,*,#1840,.T.);
#3031=ORIENTED_EDGE('',*,*,#2190,.F.);
#3032=ORIENTED_EDGE('',*,*,#2040,.T.);
#3033=ORIENTED_EDGE('',*,*,#2192,.T.);
#3034=ORIENTED_EDGE('',*,*,#1841,.T.);
#3035=ORIENTED_EDGE('',*,*,#2191,.F.);
#3036=ORIENTED_EDGE('',*,*,#2039,.T.);
#3037=ORIENTED_EDGE('',*,*,#2193,.T.);
#3038=ORIENTED_EDGE('',*,*,#1842,.T.);
#3039=ORIENTED_EDGE('',*,*,#2192,.F.);
#3040=ORIENTED_EDGE('',*,*,#2038,.T.);
#3041=ORIENTED_EDGE('',*,*,#2194,.T.);
#3042=ORIENTED_EDGE('',*,*,#1843,.T.);
#3043=ORIENTED_EDGE('',*,*,#2193,.F.);
#3044=ORIENTED_EDGE('',*,*,#2037,.T.);
#3045=ORIENTED_EDGE('',*,*,#2195,.T.);
#3046=ORIENTED_EDGE('',*,*,#1844,.T.);
#3047=ORIENTED_EDGE('',*,*,#2194,.F.);
#3048=ORIENTED_EDGE('',*,*,#2036,.T.);
#3049=ORIENTED_EDGE('',*,*,#2196,.T.);
#3050=ORIENTED_EDGE('',*,*,#1845,.T.);
#3051=ORIENTED_EDGE('',*,*,#2195,.F.);
#3052=ORIENTED_EDGE('',*,*,#2035,.T.);
#3053=ORIENTED_EDGE('',*,*,#2197,.T.);
#3054=ORIENTED_EDGE('',*,*,#1846,.T.);
#3055=ORIENTED_EDGE('',*,*,#2196,.F.);
#3056=ORIENTED_EDGE('',*,*,#2034,.T.);
#3057=ORIENTED_EDGE('',*,*,#2198,.T.);
#3058=ORIENTED_EDGE('',*,*,#1847,.T.);
#3059=ORIENTED_EDGE('',*,*,#2197,.F.);
#3060=ORIENTED_EDGE('',*,*,#2033,.T.);
#3061=ORIENTED_EDGE('',*,*,#2199,.T.);
#3062=ORIENTED_EDGE('',*,*,#1848,.T.);
#3063=ORIENTED_EDGE('',*,*,#2198,.F.);
#3064=ORIENTED_EDGE('',*,*,#2032,.T.);
#3065=ORIENTED_EDGE('',*,*,#2200,.T.);
#3066=ORIENTED_EDGE('',*,*,#1849,.T.);
#3067=ORIENTED_EDGE('',*,*,#2199,.F.);
#3068=ORIENTED_EDGE('',*,*,#2031,.T.);
#3069=ORIENTED_EDGE('',*,*,#2201,.T.);
#3070=ORIENTED_EDGE('',*,*,#1850,.T.);
#3071=ORIENTED_EDGE('',*,*,#2200,.F.);
#3072=ORIENTED_EDGE('',*,*,#2030,.T.);
#3073=ORIENTED_EDGE('',*,*,#2202,.T.);
#3074=ORIENTED_EDGE('',*,*,#1851,.T.);
#3075=ORIENTED_EDGE('',*,*,#2201,.F.);
#3076=ORIENTED_EDGE('',*,*,#2029,.T.);
#3077=ORIENTED_EDGE('',*,*,#2203,.T.);
#3078=ORIENTED_EDGE('',*,*,#1852,.T.);
#3079=ORIENTED_EDGE('',*,*,#2202,.F.);
#3080=ORIENTED_EDGE('',*,*,#2028,.T.);
#3081=ORIENTED_EDGE('',*,*,#2204,.T.);
#3082=ORIENTED_EDGE('',*,*,#1853,.T.);
#3083=ORIENTED_EDGE('',*,*,#2203,.F.);
#3084=ORIENTED_EDGE('',*,*,#2027,.T.);
#3085=ORIENTED_EDGE('',*,*,#2205,.T.);
#3086=ORIENTED_EDGE('',*,*,#1854,.T.);
#3087=ORIENTED_EDGE('',*,*,#2204,.F.);
#3088=ORIENTED_EDGE('',*,*,#2026,.T.);
#3089=ORIENTED_EDGE('',*,*,#2206,.T.);
#3090=ORIENTED_EDGE('',*,*,#1855,.T.);
#3091=ORIENTED_EDGE('',*,*,#2205,.F.);
#3092=ORIENTED_EDGE('',*,*,#2025,.T.);
#3093=ORIENTED_EDGE('',*,*,#2207,.T.);
#3094=ORIENTED_EDGE('',*,*,#1856,.T.);
#3095=ORIENTED_EDGE('',*,*,#2206,.F.);
#3096=ORIENTED_EDGE('',*,*,#2024,.T.);
#3097=ORIENTED_EDGE('',*,*,#2208,.T.);
#3098=ORIENTED_EDGE('',*,*,#1857,.T.);
#3099=ORIENTED_EDGE('',*,*,#2207,.F.);
#3100=ORIENTED_EDGE('',*,*,#2023,.T.);
#3101=ORIENTED_EDGE('',*,*,#2209,.T.);
#3102=ORIENTED_EDGE('',*,*,#1858,.T.);
#3103=ORIENTED_EDGE('',*,*,#2208,.F.);
#3104=ORIENTED_EDGE('',*,*,#2022,.T.);
#3105=ORIENTED_EDGE('',*,*,#2210,.T.);
#3106=ORIENTED_EDGE('',*,*,#1859,.T.);
#3107=ORIENTED_EDGE('',*,*,#2209,.F.);
#3108=ORIENTED_EDGE('',*,*,#2021,.T.);
#3109=ORIENTED_EDGE('',*,*,#2211,.T.);
#3110=ORIENTED_EDGE('',*,*,#1860,.T.);
#3111=ORIENTED_EDGE('',*,*,#2210,.F.);
#3112=ORIENTED_EDGE('',*,*,#2020,.T.);
#3113=ORIENTED_EDGE('',*,*,#2212,.T.);
#3114=ORIENTED_EDGE('',*,*,#1861,.T.);
#3115=ORIENTED_EDGE('',*,*,#2211,.F.);
#3116=ORIENTED_EDGE('',*,*,#2019,.T.);
#3117=ORIENTED_EDGE('',*,*,#2213,.T.);
#3118=ORIENTED_EDGE('',*,*,#1862,.T.);
#3119=ORIENTED_EDGE('',*,*,#2212,.F.);
#3120=ORIENTED_EDGE('',*,*,#2018,.T.);
#3121=ORIENTED_EDGE('',*,*,#2214,.T.);
#3122=ORIENTED_EDGE('',*,*,#1863,.T.);
#3123=ORIENTED_EDGE('',*,*,#2213,.F.);
#3124=ORIENTED_EDGE('',*,*,#2017,.T.);
#3125=ORIENTED_EDGE('',*,*,#2215,.T.);
#3126=ORIENTED_EDGE('',*,*,#1864,.T.);
#3127=ORIENTED_EDGE('',*,*,#2214,.F.);
#3128=ORIENTED_EDGE('',*,*,#2016,.T.);
#3129=ORIENTED_EDGE('',*,*,#2216,.T.);
#3130=ORIENTED_EDGE('',*,*,#1865,.T.);
#3131=ORIENTED_EDGE('',*,*,#2215,.F.);
#3132=ORIENTED_EDGE('',*,*,#2015,.T.);
#3133=ORIENTED_EDGE('',*,*,#2217,.T.);
#3134=ORIENTED_EDGE('',*,*,#1866,.T.);
#3135=ORIENTED_EDGE('',*,*,#2216,.F.);
#3136=ORIENTED_EDGE('',*,*,#2014,.T.);
#3137=ORIENTED_EDGE('',*,*,#2218,.T.);
#3138=ORIENTED_EDGE('',*,*,#1867,.T.);
#3139=ORIENTED_EDGE('',*,*,#2217,.F.);
#3140=ORIENTED_EDGE('',*,*,#2013,.T.);
#3141=ORIENTED_EDGE('',*,*,#2219,.T.);
#3142=ORIENTED_EDGE('',*,*,#1868,.T.);
#3143=ORIENTED_EDGE('',*,*,#2218,.F.);
#3144=ORIENTED_EDGE('',*,*,#2012,.T.);
#3145=ORIENTED_EDGE('',*,*,#2220,.T.);
#3146=ORIENTED_EDGE('',*,*,#1869,.T.);
#3147=ORIENTED_EDGE('',*,*,#2219,.F.);
#3148=ORIENTED_EDGE('',*,*,#2011,.T.);
#3149=ORIENTED_EDGE('',*,*,#2221,.T.);
#3150=ORIENTED_EDGE('',*,*,#1870,.T.);
#3151=ORIENTED_EDGE('',*,*,#2220,.F.);
#3152=ORIENTED_EDGE('',*,*,#2010,.T.);
#3153=ORIENTED_EDGE('',*,*,#2222,.T.);
#3154=ORIENTED_EDGE('',*,*,#1871,.T.);
#3155=ORIENTED_EDGE('',*,*,#2221,.F.);
#3156=ORIENTED_EDGE('',*,*,#2009,.T.);
#3157=ORIENTED_EDGE('',*,*,#2223,.T.);
#3158=ORIENTED_EDGE('',*,*,#1872,.T.);
#3159=ORIENTED_EDGE('',*,*,#2222,.F.);
#3160=ORIENTED_EDGE('',*,*,#2008,.T.);
#3161=ORIENTED_EDGE('',*,*,#2224,.T.);
#3162=ORIENTED_EDGE('',*,*,#1873,.T.);
#3163=ORIENTED_EDGE('',*,*,#2223,.F.);
#3164=ORIENTED_EDGE('',*,*,#2007,.T.);
#3165=ORIENTED_EDGE('',*,*,#2225,.T.);
#3166=ORIENTED_EDGE('',*,*,#1874,.T.);
#3167=ORIENTED_EDGE('',*,*,#2224,.F.);
#3168=ORIENTED_EDGE('',*,*,#2006,.T.);
#3169=ORIENTED_EDGE('',*,*,#2226,.T.);
#3170=ORIENTED_EDGE('',*,*,#1875,.T.);
#3171=ORIENTED_EDGE('',*,*,#2225,.F.);
#3172=ORIENTED_EDGE('',*,*,#2005,.T.);
#3173=ORIENTED_EDGE('',*,*,#2227,.T.);
#3174=ORIENTED_EDGE('',*,*,#1876,.T.);
#3175=ORIENTED_EDGE('',*,*,#2226,.F.);
#3176=ORIENTED_EDGE('',*,*,#2004,.T.);
#3177=ORIENTED_EDGE('',*,*,#2228,.T.);
#3178=ORIENTED_EDGE('',*,*,#1877,.T.);
#3179=ORIENTED_EDGE('',*,*,#2227,.F.);
#3180=ORIENTED_EDGE('',*,*,#2003,.T.);
#3181=ORIENTED_EDGE('',*,*,#2229,.T.);
#3182=ORIENTED_EDGE('',*,*,#1878,.T.);
#3183=ORIENTED_EDGE('',*,*,#2228,.F.);
#3184=ORIENTED_EDGE('',*,*,#2002,.T.);
#3185=ORIENTED_EDGE('',*,*,#2170,.T.);
#3186=ORIENTED_EDGE('',*,*,#1818,.T.);
#3187=ORIENTED_EDGE('',*,*,#2229,.F.);
#3188=CYLINDRICAL_SURFACE('',#3411,2.00000000000003);
#3189=CYLINDRICAL_SURFACE('',#3415,2.00000000000003);
#3190=CYLINDRICAL_SURFACE('',#3419,2.00000000000003);
#3191=CYLINDRICAL_SURFACE('',#3423,2.00000000000003);
#3192=CYLINDRICAL_SURFACE('',#3427,2.00000000000003);
#3193=CYLINDRICAL_SURFACE('',#3431,2.00000000000003);
#3194=CYLINDRICAL_SURFACE('',#3435,2.10000000000001);
#3195=CYLINDRICAL_SURFACE('',#3439,2.10000000000001);
#3196=CYLINDRICAL_SURFACE('',#3443,2.10000000000001);
#3197=CYLINDRICAL_SURFACE('',#3447,2.10000000000001);
#3198=CYLINDRICAL_SURFACE('',#3451,2.10000000000001);
#3199=CYLINDRICAL_SURFACE('',#3455,2.10000000000001);
#3200=CYLINDRICAL_SURFACE('',#3459,3.);
#3201=CYLINDRICAL_SURFACE('',#3463,3.);
#3202=CYLINDRICAL_SURFACE('',#3472,3.);
#3203=CYLINDRICAL_SURFACE('',#3474,3.);
#3204=CYLINDRICAL_SURFACE('',#3477,3.);
#3205=CYLINDRICAL_SURFACE('',#3480,3.);
#3206=CYLINDRICAL_SURFACE('',#3481,3.);
#3207=CYLINDRICAL_SURFACE('',#3486,3.);
#3208=CYLINDRICAL_SURFACE('',#3488,3.);
#3209=CYLINDRICAL_SURFACE('',#3489,3.);
#3210=CYLINDRICAL_SURFACE('',#3490,3.);
#3211=CYLINDRICAL_SURFACE('',#3491,3.);
#3212=CYLINDRICAL_SURFACE('',#3493,3.);
#3213=CYLINDRICAL_SURFACE('',#3498,3.);
#3214=CYLINDRICAL_SURFACE('',#3503,3.);
#3215=CYLINDRICAL_SURFACE('',#3508,3.);
#3216=CYLINDRICAL_SURFACE('',#3510,3.);
#3217=CYLINDRICAL_SURFACE('',#3515,3.);
#3218=CYLINDRICAL_SURFACE('',#3521,5.);
#3219=CYLINDRICAL_SURFACE('',#3524,5.);
#3220=CYLINDRICAL_SURFACE('',#3528,5.);
#3221=CYLINDRICAL_SURFACE('',#3537,5.);
#3222=CYLINDRICAL_SURFACE('',#3539,5.);
#3223=CYLINDRICAL_SURFACE('',#3550,3.75);
#3224=CYLINDRICAL_SURFACE('',#3553,3.75);
#3225=CYLINDRICAL_SURFACE('',#3555,3.75);
#3226=CYLINDRICAL_SURFACE('',#3558,3.75);
#3227=CYLINDRICAL_SURFACE('',#3561,4.25000000000001);
#3228=ADVANCED_FACE('',(#184),#3188,.T.);
#3229=ADVANCED_FACE('',(#185),#48,.T.);
#3230=ADVANCED_FACE('',(#186),#3189,.T.);
#3231=ADVANCED_FACE('',(#187),#49,.T.);
#3232=ADVANCED_FACE('',(#188),#3190,.T.);
#3233=ADVANCED_FACE('',(#189),#50,.T.);
#3234=ADVANCED_FACE('',(#190),#3191,.T.);
#3235=ADVANCED_FACE('',(#191),#51,.T.);
#3236=ADVANCED_FACE('',(#192),#3192,.T.);
#3237=ADVANCED_FACE('',(#193),#52,.T.);
#3238=ADVANCED_FACE('',(#194),#3193,.T.);
#3239=ADVANCED_FACE('',(#195),#53,.T.);
#3240=ADVANCED_FACE('',(#196),#3194,.F.);
#3241=ADVANCED_FACE('',(#197),#54,.F.);
#3242=ADVANCED_FACE('',(#198),#3195,.F.);
#3243=ADVANCED_FACE('',(#199),#55,.F.);
#3244=ADVANCED_FACE('',(#200),#3196,.F.);
#3245=ADVANCED_FACE('',(#201),#56,.F.);
#3246=ADVANCED_FACE('',(#202),#3197,.F.);
#3247=ADVANCED_FACE('',(#203),#57,.F.);
#3248=ADVANCED_FACE('',(#204),#3198,.F.);
#3249=ADVANCED_FACE('',(#205),#58,.F.);
#3250=ADVANCED_FACE('',(#206),#3199,.F.);
#3251=ADVANCED_FACE('',(#207),#59,.F.);
#3252=ADVANCED_FACE('',(#208),#3200,.F.);
#3253=ADVANCED_FACE('',(#209),#60,.F.);
#3254=ADVANCED_FACE('',(#210),#3201,.F.);
#3255=ADVANCED_FACE('',(#211,#28,#29,#30,#31,#32,#33,#34,#35,#36,#37,#38,
#39,#40,#41,#42,#43),#61,.F.);
#3256=ADVANCED_FACE('',(#212),#62,.F.);
#3257=ADVANCED_FACE('',(#213),#3202,.F.);
#3258=ADVANCED_FACE('',(#214),#3203,.F.);
#3259=ADVANCED_FACE('',(#215),#63,.F.);
#3260=ADVANCED_FACE('',(#216),#3204,.F.);
#3261=ADVANCED_FACE('',(#217),#64,.F.);
#3262=ADVANCED_FACE('',(#218),#3205,.T.);
#3263=ADVANCED_FACE('',(#219),#3206,.T.);
#3264=ADVANCED_FACE('',(#220),#18,.F.);
#3265=ADVANCED_FACE('',(#221),#3207,.T.);
#3266=ADVANCED_FACE('',(#222),#3208,.T.);
#3267=ADVANCED_FACE('',(#223),#3209,.T.);
#3268=ADVANCED_FACE('',(#224),#3210,.T.);
#3269=ADVANCED_FACE('',(#225),#3211,.T.);
#3270=ADVANCED_FACE('',(#226),#3212,.T.);
#3271=ADVANCED_FACE('',(#227),#19,.F.);
#3272=ADVANCED_FACE('',(#228),#3213,.T.);
#3273=ADVANCED_FACE('',(#229),#20,.F.);
#3274=ADVANCED_FACE('',(#230),#3214,.T.);
#3275=ADVANCED_FACE('',(#231),#21,.F.);
#3276=ADVANCED_FACE('',(#232),#3215,.T.);
#3277=ADVANCED_FACE('',(#233),#3216,.T.);
#3278=ADVANCED_FACE('',(#234),#22,.F.);
#3279=ADVANCED_FACE('',(#235),#3217,.T.);
#3280=ADVANCED_FACE('',(#236),#65,.F.);
#3281=ADVANCED_FACE('',(#237),#3218,.T.);
#3282=ADVANCED_FACE('',(#238),#66,.F.);
#3283=ADVANCED_FACE('',(#239),#3219,.T.);
#3284=ADVANCED_FACE('',(#240),#67,.F.);
#3285=ADVANCED_FACE('',(#241),#68,.F.);
#3286=ADVANCED_FACE('',(#242),#3220,.T.);
#3287=ADVANCED_FACE('',(#243),#69,.F.);
#3288=ADVANCED_FACE('',(#244),#70,.F.);
#3289=ADVANCED_FACE('',(#245,#44,#45,#46,#47),#71,.F.);
#3290=ADVANCED_FACE('',(#246),#72,.F.);
#3291=ADVANCED_FACE('',(#247),#3221,.T.);
#3292=ADVANCED_FACE('',(#248),#73,.F.);
#3293=ADVANCED_FACE('',(#249),#3222,.T.);
#3294=ADVANCED_FACE('',(#250),#74,.F.);
#3295=ADVANCED_FACE('',(#251),#75,.T.);
#3296=ADVANCED_FACE('',(#252),#76,.T.);
#3297=ADVANCED_FACE('',(#253),#77,.T.);
#3298=ADVANCED_FACE('',(#254),#78,.T.);
#3299=ADVANCED_FACE('',(#255),#79,.F.);
#3300=ADVANCED_FACE('',(#256),#80,.F.);
#3301=ADVANCED_FACE('',(#257),#81,.F.);
#3302=ADVANCED_FACE('',(#258),#82,.F.);
#3303=ADVANCED_FACE('',(#259),#83,.F.);
#3304=ADVANCED_FACE('',(#260),#3223,.F.);
#3305=ADVANCED_FACE('',(#261),#84,.F.);
#3306=ADVANCED_FACE('',(#262),#3224,.F.);
#3307=ADVANCED_FACE('',(#263),#3225,.F.);
#3308=ADVANCED_FACE('',(#264),#85,.F.);
#3309=ADVANCED_FACE('',(#265),#3226,.F.);
#3310=ADVANCED_FACE('',(#266),#86,.F.);
#3311=ADVANCED_FACE('',(#267),#3227,.F.);
#3312=ADVANCED_FACE('',(#268),#87,.F.);
#3313=ADVANCED_FACE('',(#269),#88,.F.);
#3314=ADVANCED_FACE('',(#270),#89,.F.);
#3315=ADVANCED_FACE('',(#271),#90,.F.);
#3316=ADVANCED_FACE('',(#272),#91,.F.);
#3317=ADVANCED_FACE('',(#273),#92,.F.);
#3318=ADVANCED_FACE('',(#274),#93,.F.);
#3319=ADVANCED_FACE('',(#275),#94,.F.);
#3320=ADVANCED_FACE('',(#276),#95,.F.);
#3321=ADVANCED_FACE('',(#277),#96,.F.);
#3322=ADVANCED_FACE('',(#278),#97,.F.);
#3323=ADVANCED_FACE('',(#279),#98,.F.);
#3324=ADVANCED_FACE('',(#280),#99,.F.);
#3325=ADVANCED_FACE('',(#281),#100,.F.);
#3326=ADVANCED_FACE('',(#282),#101,.F.);
#3327=ADVANCED_FACE('',(#283),#102,.F.);
#3328=ADVANCED_FACE('',(#284),#103,.F.);
#3329=ADVANCED_FACE('',(#285),#104,.F.);
#3330=ADVANCED_FACE('',(#286),#105,.F.);
#3331=ADVANCED_FACE('',(#287),#106,.F.);
#3332=ADVANCED_FACE('',(#288),#107,.F.);
#3333=ADVANCED_FACE('',(#289),#108,.F.);
#3334=ADVANCED_FACE('',(#290),#109,.F.);
#3335=ADVANCED_FACE('',(#291),#110,.F.);
#3336=ADVANCED_FACE('',(#292),#111,.F.);
#3337=ADVANCED_FACE('',(#293),#112,.F.);
#3338=ADVANCED_FACE('',(#294),#113,.F.);
#3339=ADVANCED_FACE('',(#295),#114,.F.);
#3340=ADVANCED_FACE('',(#296),#115,.F.);
#3341=ADVANCED_FACE('',(#297),#116,.F.);
#3342=ADVANCED_FACE('',(#298),#117,.F.);
#3343=ADVANCED_FACE('',(#299),#118,.F.);
#3344=ADVANCED_FACE('',(#300),#119,.F.);
#3345=ADVANCED_FACE('',(#301),#120,.F.);
#3346=ADVANCED_FACE('',(#302),#121,.F.);
#3347=ADVANCED_FACE('',(#303),#122,.F.);
#3348=ADVANCED_FACE('',(#304),#123,.F.);
#3349=ADVANCED_FACE('',(#305),#124,.F.);
#3350=ADVANCED_FACE('',(#306),#125,.F.);
#3351=ADVANCED_FACE('',(#307),#126,.F.);
#3352=ADVANCED_FACE('',(#308),#127,.F.);
#3353=ADVANCED_FACE('',(#309),#128,.F.);
#3354=ADVANCED_FACE('',(#310),#129,.F.);
#3355=ADVANCED_FACE('',(#311),#130,.F.);
#3356=ADVANCED_FACE('',(#312),#131,.F.);
#3357=ADVANCED_FACE('',(#313),#132,.F.);
#3358=ADVANCED_FACE('',(#314),#133,.F.);
#3359=ADVANCED_FACE('',(#315),#134,.F.);
#3360=ADVANCED_FACE('',(#316),#135,.F.);
#3361=ADVANCED_FACE('',(#317),#136,.F.);
#3362=ADVANCED_FACE('',(#318),#137,.F.);
#3363=ADVANCED_FACE('',(#319),#138,.F.);
#3364=ADVANCED_FACE('',(#320),#139,.F.);
#3365=ADVANCED_FACE('',(#321),#140,.F.);
#3366=ADVANCED_FACE('',(#322),#141,.F.);
#3367=ADVANCED_FACE('',(#323),#142,.F.);
#3368=ADVANCED_FACE('',(#324),#143,.F.);
#3369=ADVANCED_FACE('',(#325),#144,.F.);
#3370=ADVANCED_FACE('',(#326),#145,.F.);
#3371=ADVANCED_FACE('',(#327),#146,.F.);
#3372=ADVANCED_FACE('',(#328),#147,.F.);
#3373=ADVANCED_FACE('',(#329),#148,.F.);
#3374=ADVANCED_FACE('',(#330),#149,.F.);
#3375=ADVANCED_FACE('',(#331),#150,.F.);
#3376=ADVANCED_FACE('',(#332),#151,.F.);
#3377=ADVANCED_FACE('',(#333),#152,.F.);
#3378=ADVANCED_FACE('',(#334),#153,.F.);
#3379=ADVANCED_FACE('',(#335),#154,.F.);
#3380=ADVANCED_FACE('',(#336),#155,.F.);
#3381=ADVANCED_FACE('',(#337),#156,.F.);
#3382=ADVANCED_FACE('',(#338),#157,.F.);
#3383=ADVANCED_FACE('',(#339),#158,.F.);
#3384=ADVANCED_FACE('',(#340),#159,.F.);
#3385=ADVANCED_FACE('',(#341),#160,.F.);
#3386=ADVANCED_FACE('',(#342),#161,.F.);
#3387=ADVANCED_FACE('',(#343),#162,.F.);
#3388=ADVANCED_FACE('',(#344),#163,.F.);
#3389=ADVANCED_FACE('',(#345),#164,.F.);
#3390=ADVANCED_FACE('',(#346),#165,.F.);
#3391=ADVANCED_FACE('',(#347),#166,.F.);
#3392=ADVANCED_FACE('',(#348),#167,.F.);
#3393=ADVANCED_FACE('',(#349),#168,.F.);
#3394=ADVANCED_FACE('',(#350),#169,.F.);
#3395=ADVANCED_FACE('',(#351),#170,.F.);
#3396=ADVANCED_FACE('',(#352),#171,.F.);
#3397=ADVANCED_FACE('',(#353),#172,.F.);
#3398=ADVANCED_FACE('',(#354),#173,.F.);
#3399=ADVANCED_FACE('',(#355),#174,.F.);
#3400=ADVANCED_FACE('',(#356),#175,.F.);
#3401=ADVANCED_FACE('',(#357),#176,.F.);
#3402=ADVANCED_FACE('',(#358),#177,.F.);
#3403=ADVANCED_FACE('',(#359),#178,.F.);
#3404=ADVANCED_FACE('',(#360),#179,.F.);
#3405=ADVANCED_FACE('',(#361),#180,.F.);
#3406=ADVANCED_FACE('',(#362),#181,.F.);
#3407=ADVANCED_FACE('',(#363),#182,.F.);
#3408=ADVANCED_FACE('',(#364),#183,.F.);
#3409=CLOSED_SHELL('',(#3228,#3229,#3230,#3231,#3232,#3233,#3234,#3235,
#3236,#3237,#3238,#3239,#3240,#3241,#3242,#3243,#3244,#3245,#3246,#3247,
#3248,#3249,#3250,#3251,#3252,#3253,#3254,#3255,#3256,#3257,#3258,#3259,
#3260,#3261,#3262,#3263,#3264,#3265,#3266,#3267,#3268,#3269,#3270,#3271,
#3272,#3273,#3274,#3275,#3276,#3277,#3278,#3279,#3280,#3281,#3282,#3283,
#3284,#3285,#3286,#3287,#3288,#3289,#3290,#3291,#3292,#3293,#3294,#3295,
#3296,#3297,#3298,#3299,#3300,#3301,#3302,#3303,#3304,#3305,#3306,#3307,
#3308,#3309,#3310,#3311,#3312,#3313,#3314,#3315,#3316,#3317,#3318,#3319,
#3320,#3321,#3322,#3323,#3324,#3325,#3326,#3327,#3328,#3329,#3330,#3331,
#3332,#3333,#3334,#3335,#3336,#3337,#3338,#3339,#3340,#3341,#3342,#3343,
#3344,#3345,#3346,#3347,#3348,#3349,#3350,#3351,#3352,#3353,#3354,#3355,
#3356,#3357,#3358,#3359,#3360,#3361,#3362,#3363,#3364,#3365,#3366,#3367,
#3368,#3369,#3370,#3371,#3372,#3373,#3374,#3375,#3376,#3377,#3378,#3379,
#3380,#3381,#3382,#3383,#3384,#3385,#3386,#3387,#3388,#3389,#3390,#3391,
#3392,#3393,#3394,#3395,#3396,#3397,#3398,#3399,#3400,#3401,#3402,#3403,
#3404,#3405,#3406,#3407,#3408));
#3410=AXIS2_PLACEMENT_3D('',#4559,#3659,#3660);
#3411=AXIS2_PLACEMENT_3D('',#4560,#3661,#3662);
#3412=AXIS2_PLACEMENT_3D('',#4562,#3663,#3664);
#3413=AXIS2_PLACEMENT_3D('',#4565,#3666,#3667);
#3414=AXIS2_PLACEMENT_3D('',#4566,#3668,#3669);
#3415=AXIS2_PLACEMENT_3D('',#4567,#3670,#3671);
#3416=AXIS2_PLACEMENT_3D('',#4569,#3672,#3673);
#3417=AXIS2_PLACEMENT_3D('',#4572,#3675,#3676);
#3418=AXIS2_PLACEMENT_3D('',#4573,#3677,#3678);
#3419=AXIS2_PLACEMENT_3D('',#4574,#3679,#3680);
#3420=AXIS2_PLACEMENT_3D('',#4576,#3681,#3682);
#3421=AXIS2_PLACEMENT_3D('',#4579,#3684,#3685);
#3422=AXIS2_PLACEMENT_3D('',#4580,#3686,#3687);
#3423=AXIS2_PLACEMENT_3D('',#4581,#3688,#3689);
#3424=AXIS2_PLACEMENT_3D('',#4583,#3690,#3691);
#3425=AXIS2_PLACEMENT_3D('',#4586,#3693,#3694);
#3426=AXIS2_PLACEMENT_3D('',#4587,#3695,#3696);
#3427=AXIS2_PLACEMENT_3D('',#4588,#3697,#3698);
#3428=AXIS2_PLACEMENT_3D('',#4590,#3699,#3700);
#3429=AXIS2_PLACEMENT_3D('',#4593,#3702,#3703);
#3430=AXIS2_PLACEMENT_3D('',#4594,#3704,#3705);
#3431=AXIS2_PLACEMENT_3D('',#4595,#3706,#3707);
#3432=AXIS2_PLACEMENT_3D('',#4597,#3708,#3709);
#3433=AXIS2_PLACEMENT_3D('',#4600,#3711,#3712);
#3434=AXIS2_PLACEMENT_3D('',#4601,#3713,#3714);
#3435=AXIS2_PLACEMENT_3D('',#4602,#3715,#3716);
#3436=AXIS2_PLACEMENT_3D('',#4604,#3717,#3718);
#3437=AXIS2_PLACEMENT_3D('',#4607,#3720,#3721);
#3438=AXIS2_PLACEMENT_3D('',#4608,#3722,#3723);
#3439=AXIS2_PLACEMENT_3D('',#4609,#3724,#3725);
#3440=AXIS2_PLACEMENT_3D('',#4611,#3726,#3727);
#3441=AXIS2_PLACEMENT_3D('',#4614,#3729,#3730);
#3442=AXIS2_PLACEMENT_3D('',#4615,#3731,#3732);
#3443=AXIS2_PLACEMENT_3D('',#4616,#3733,#3734);
#3444=AXIS2_PLACEMENT_3D('',#4618,#3735,#3736);
#3445=AXIS2_PLACEMENT_3D('',#4621,#3738,#3739);
#3446=AXIS2_PLACEMENT_3D('',#4622,#3740,#3741);
#3447=AXIS2_PLACEMENT_3D('',#4623,#3742,#3743);
#3448=AXIS2_PLACEMENT_3D('',#4625,#3744,#3745);
#3449=AXIS2_PLACEMENT_3D('',#4628,#3747,#3748);
#3450=AXIS2_PLACEMENT_3D('',#4629,#3749,#3750);
#3451=AXIS2_PLACEMENT_3D('',#4630,#3751,#3752);
#3452=AXIS2_PLACEMENT_3D('',#4632,#3753,#3754);
#3453=AXIS2_PLACEMENT_3D('',#4635,#3756,#3757);
#3454=AXIS2_PLACEMENT_3D('',#4636,#3758,#3759);
#3455=AXIS2_PLACEMENT_3D('',#4637,#3760,#3761);
#3456=AXIS2_PLACEMENT_3D('',#4639,#3762,#3763);
#3457=AXIS2_PLACEMENT_3D('',#4642,#3765,#3766);
#3458=AXIS2_PLACEMENT_3D('',#4643,#3767,#3768);
#3459=AXIS2_PLACEMENT_3D('',#4644,#3769,#3770);
#3460=AXIS2_PLACEMENT_3D('',#4647,#3771,#3772);
#3461=AXIS2_PLACEMENT_3D('',#4651,#3774,#3775);
#3462=AXIS2_PLACEMENT_3D('',#4653,#3777,#3778);
#3463=AXIS2_PLACEMENT_3D('',#4659,#3782,#3783);
#3464=AXIS2_PLACEMENT_3D('',#4662,#3784,#3785);
#3465=AXIS2_PLACEMENT_3D('',#4666,#3787,#3788);
#3466=AXIS2_PLACEMENT_3D('',#4668,#3790,#3791);
#3467=AXIS2_PLACEMENT_3D('',#4673,#3794,#3795);
#3468=AXIS2_PLACEMENT_3D('',#4679,#3798,#3799);
#3469=AXIS2_PLACEMENT_3D('',#4687,#3803,#3804);
#3470=AXIS2_PLACEMENT_3D('',#4706,#3814,#3815);
#3471=AXIS2_PLACEMENT_3D('',#4875,#3900,#3901);
#3472=AXIS2_PLACEMENT_3D('',#4879,#3904,#3905);
#3473=AXIS2_PLACEMENT_3D('',#4881,#3906,#3907);
#3474=AXIS2_PLACEMENT_3D('',#4883,#3909,#3910);
#3475=AXIS2_PLACEMENT_3D('',#4887,#3912,#3913);
#3476=AXIS2_PLACEMENT_3D('',#4889,#3915,#3916);
#3477=AXIS2_PLACEMENT_3D('',#4893,#3919,#3920);
#3478=AXIS2_PLACEMENT_3D('',#4897,#3922,#3923);
#3479=AXIS2_PLACEMENT_3D('',#4899,#3925,#3926);
#3480=AXIS2_PLACEMENT_3D('',#4903,#3929,#3930);
#3481=AXIS2_PLACEMENT_3D('',#5008,#3933,#3934);
#3482=AXIS2_PLACEMENT_3D('',#5012,#3936,#3937);
#3483=AXIS2_PLACEMENT_3D('',#5025,#3939,#3940);
#3484=AXIS2_PLACEMENT_3D('',#5026,#3941,#3942);
#3485=AXIS2_PLACEMENT_3D('',#5027,#3943,#3944);
#3486=AXIS2_PLACEMENT_3D('',#5028,#3945,#3946);
#3487=AXIS2_PLACEMENT_3D('',#5033,#3949,#3950);
#3488=AXIS2_PLACEMENT_3D('',#5034,#3951,#3952);
#3489=AXIS2_PLACEMENT_3D('',#5051,#3955,#3956);
#3490=AXIS2_PLACEMENT_3D('',#5068,#3959,#3960);
#3491=AXIS2_PLACEMENT_3D('',#5085,#3963,#3964);
#3492=AXIS2_PLACEMENT_3D('',#5090,#3967,#3968);
#3493=AXIS2_PLACEMENT_3D('',#5091,#3969,#3970);
#3494=AXIS2_PLACEMENT_3D('',#5095,#3972,#3973);
#3495=AXIS2_PLACEMENT_3D('',#5108,#3975,#3976);
#3496=AXIS2_PLACEMENT_3D('',#5109,#3977,#3978);
#3497=AXIS2_PLACEMENT_3D('',#5110,#3979,#3980);
#3498=AXIS2_PLACEMENT_3D('',#5111,#3981,#3982);
#3499=AXIS2_PLACEMENT_3D('',#5114,#3983,#3984);
#3500=AXIS2_PLACEMENT_3D('',#5128,#3987,#3988);
#3501=AXIS2_PLACEMENT_3D('',#5129,#3989,#3990);
#3502=AXIS2_PLACEMENT_3D('',#5130,#3991,#3992);
#3503=AXIS2_PLACEMENT_3D('',#5131,#3993,#3994);
#3504=AXIS2_PLACEMENT_3D('',#5134,#3995,#3996);
#3505=AXIS2_PLACEMENT_3D('',#5154,#3999,#4000);
#3506=AXIS2_PLACEMENT_3D('',#5155,#4001,#4002);
#3507=AXIS2_PLACEMENT_3D('',#5156,#4003,#4004);
#3508=AXIS2_PLACEMENT_3D('',#5157,#4005,#4006);
#3509=AXIS2_PLACEMENT_3D('',#5162,#4009,#4010);
#3510=AXIS2_PLACEMENT_3D('',#5163,#4011,#4012);
#3511=AXIS2_PLACEMENT_3D('',#5167,#4014,#4015);
#3512=AXIS2_PLACEMENT_3D('',#5186,#4017,#4018);
#3513=AXIS2_PLACEMENT_3D('',#5187,#4019,#4020);
#3514=AXIS2_PLACEMENT_3D('',#5188,#4021,#4022);
#3515=AXIS2_PLACEMENT_3D('',#5189,#4023,#4024);
#3516=AXIS2_PLACEMENT_3D('',#5192,#4027,#4028);
#3517=AXIS2_PLACEMENT_3D('',#5198,#4031,#4032);
#3518=AXIS2_PLACEMENT_3D('',#5202,#4034,#4035);
#3519=AXIS2_PLACEMENT_3D('',#5206,#4037,#4038);
#3520=AXIS2_PLACEMENT_3D('',#5210,#4040,#4041);
#3521=AXIS2_PLACEMENT_3D('',#5214,#4044,#4045);
#3522=AXIS2_PLACEMENT_3D('',#5217,#4047,#4048);
#3523=AXIS2_PLACEMENT_3D('',#5218,#4049,#4050);
#3524=AXIS2_PLACEMENT_3D('',#5222,#4053,#4054);
#3525=AXIS2_PLACEMENT_3D('',#5225,#4056,#4057);
#3526=AXIS2_PLACEMENT_3D('',#5226,#4058,#4059);
#3527=AXIS2_PLACEMENT_3D('',#5230,#4062,#4063);
#3528=AXIS2_PLACEMENT_3D('',#5234,#4066,#4067);
#3529=AXIS2_PLACEMENT_3D('',#5237,#4069,#4070);
#3530=AXIS2_PLACEMENT_3D('',#5238,#4071,#4072);
#3531=AXIS2_PLACEMENT_3D('',#5242,#4075,#4076);
#3532=AXIS2_PLACEMENT_3D('',#5246,#4079,#4080);
#3533=AXIS2_PLACEMENT_3D('',#5256,#4085,#4086);
#3534=AXIS2_PLACEMENT_3D('',#5425,#4171,#4172);
#3535=AXIS2_PLACEMENT_3D('',#5429,#4174,#4175);
#3536=AXIS2_PLACEMENT_3D('',#5442,#4182,#4183);
#3537=AXIS2_PLACEMENT_3D('',#5462,#4196,#4197);
#3538=AXIS2_PLACEMENT_3D('',#5464,#4199,#4200);
#3539=AXIS2_PLACEMENT_3D('',#5466,#4202,#4203);
#3540=AXIS2_PLACEMENT_3D('',#5469,#4206,#4207);
#3541=AXIS2_PLACEMENT_3D('',#5470,#4208,#4209);
#3542=AXIS2_PLACEMENT_3D('',#5476,#4213,#4214);
#3543=AXIS2_PLACEMENT_3D('',#5480,#4217,#4218);
#3544=AXIS2_PLACEMENT_3D('',#5484,#4221,#4222);
#3545=AXIS2_PLACEMENT_3D('',#5486,#4224,#4225);
#3546=AXIS2_PLACEMENT_3D('',#5489,#4228,#4229);
#3547=AXIS2_PLACEMENT_3D('',#5491,#4231,#4232);
#3548=AXIS2_PLACEMENT_3D('',#5493,#4234,#4235);
#3549=AXIS2_PLACEMENT_3D('',#5494,#4236,#4237);
#3550=AXIS2_PLACEMENT_3D('',#5500,#4241,#4242);
#3551=AXIS2_PLACEMENT_3D('',#5502,#4243,#4244);
#3552=AXIS2_PLACEMENT_3D('',#5504,#4246,#4247);
#3553=AXIS2_PLACEMENT_3D('',#5508,#4250,#4251);
#3554=AXIS2_PLACEMENT_3D('',#5510,#4252,#4253);
#3555=AXIS2_PLACEMENT_3D('',#5512,#4255,#4256);
#3556=AXIS2_PLACEMENT_3D('',#5514,#4257,#4258);
#3557=AXIS2_PLACEMENT_3D('',#5516,#4260,#4261);
#3558=AXIS2_PLACEMENT_3D('',#5518,#4263,#4264);
#3559=AXIS2_PLACEMENT_3D('',#5519,#4265,#4266);
#3560=AXIS2_PLACEMENT_3D('',#5520,#4267,#4268);
#3561=AXIS2_PLACEMENT_3D('',#5521,#4269,#4270);
#3562=AXIS2_PLACEMENT_3D('',#5523,#4272,#4273);
#3563=AXIS2_PLACEMENT_3D('',#5525,#4275,#4276);
#3564=AXIS2_PLACEMENT_3D('',#5527,#4278,#4279);
#3565=AXIS2_PLACEMENT_3D('',#5529,#4281,#4282);
#3566=AXIS2_PLACEMENT_3D('',#5531,#4284,#4285);
#3567=AXIS2_PLACEMENT_3D('',#5532,#4286,#4287);
#3568=AXIS2_PLACEMENT_3D('',#5533,#4288,#4289);
#3569=AXIS2_PLACEMENT_3D('',#5535,#4291,#4292);
#3570=AXIS2_PLACEMENT_3D('',#5536,#4293,#4294);
#3571=AXIS2_PLACEMENT_3D('',#5538,#4296,#4297);
#3572=AXIS2_PLACEMENT_3D('',#5540,#4299,#4300);
#3573=AXIS2_PLACEMENT_3D('',#5542,#4302,#4303);
#3574=AXIS2_PLACEMENT_3D('',#5544,#4305,#4306);
#3575=AXIS2_PLACEMENT_3D('',#5545,#4307,#4308);
#3576=AXIS2_PLACEMENT_3D('',#5548,#4311,#4312);
#3577=AXIS2_PLACEMENT_3D('',#5550,#4314,#4315);
#3578=AXIS2_PLACEMENT_3D('',#5552,#4317,#4318);
#3579=AXIS2_PLACEMENT_3D('',#5554,#4320,#4321);
#3580=AXIS2_PLACEMENT_3D('',#5556,#4323,#4324);
#3581=AXIS2_PLACEMENT_3D('',#5558,#4326,#4327);
#3582=AXIS2_PLACEMENT_3D('',#5560,#4329,#4330);
#3583=AXIS2_PLACEMENT_3D('',#5562,#4332,#4333);
#3584=AXIS2_PLACEMENT_3D('',#5564,#4335,#4336);
#3585=AXIS2_PLACEMENT_3D('',#5566,#4338,#4339);
#3586=AXIS2_PLACEMENT_3D('',#5568,#4341,#4342);
#3587=AXIS2_PLACEMENT_3D('',#5570,#4344,#4345);
#3588=AXIS2_PLACEMENT_3D('',#5572,#4347,#4348);
#3589=AXIS2_PLACEMENT_3D('',#5574,#4350,#4351);
#3590=AXIS2_PLACEMENT_3D('',#5576,#4353,#4354);
#3591=AXIS2_PLACEMENT_3D('',#5578,#4356,#4357);
#3592=AXIS2_PLACEMENT_3D('',#5580,#4359,#4360);
#3593=AXIS2_PLACEMENT_3D('',#5582,#4362,#4363);
#3594=AXIS2_PLACEMENT_3D('',#5584,#4365,#4366);
#3595=AXIS2_PLACEMENT_3D('',#5586,#4368,#4369);
#3596=AXIS2_PLACEMENT_3D('',#5588,#4371,#4372);
#3597=AXIS2_PLACEMENT_3D('',#5590,#4374,#4375);
#3598=AXIS2_PLACEMENT_3D('',#5591,#4376,#4377);
#3599=AXIS2_PLACEMENT_3D('',#5594,#4380,#4381);
#3600=AXIS2_PLACEMENT_3D('',#5596,#4383,#4384);
#3601=AXIS2_PLACEMENT_3D('',#5598,#4386,#4387);
#3602=AXIS2_PLACEMENT_3D('',#5600,#4389,#4390);
#3603=AXIS2_PLACEMENT_3D('',#5602,#4392,#4393);
#3604=AXIS2_PLACEMENT_3D('',#5604,#4395,#4396);
#3605=AXIS2_PLACEMENT_3D('',#5606,#4398,#4399);
#3606=AXIS2_PLACEMENT_3D('',#5608,#4401,#4402);
#3607=AXIS2_PLACEMENT_3D('',#5610,#4404,#4405);
#3608=AXIS2_PLACEMENT_3D('',#5612,#4407,#4408);
#3609=AXIS2_PLACEMENT_3D('',#5614,#4410,#4411);
#3610=AXIS2_PLACEMENT_3D('',#5616,#4413,#4414);
#3611=AXIS2_PLACEMENT_3D('',#5618,#4416,#4417);
#3612=AXIS2_PLACEMENT_3D('',#5620,#4419,#4420);
#3613=AXIS2_PLACEMENT_3D('',#5622,#4422,#4423);
#3614=AXIS2_PLACEMENT_3D('',#5624,#4425,#4426);
#3615=AXIS2_PLACEMENT_3D('',#5626,#4428,#4429);
#3616=AXIS2_PLACEMENT_3D('',#5628,#4431,#4432);
#3617=AXIS2_PLACEMENT_3D('',#5630,#4434,#4435);
#3618=AXIS2_PLACEMENT_3D('',#5632,#4437,#4438);
#3619=AXIS2_PLACEMENT_3D('',#5634,#4440,#4441);
#3620=AXIS2_PLACEMENT_3D('',#5636,#4443,#4444);
#3621=AXIS2_PLACEMENT_3D('',#5638,#4446,#4447);
#3622=AXIS2_PLACEMENT_3D('',#5640,#4449,#4450);
#3623=AXIS2_PLACEMENT_3D('',#5642,#4452,#4453);
#3624=AXIS2_PLACEMENT_3D('',#5644,#4455,#4456);
#3625=AXIS2_PLACEMENT_3D('',#5646,#4458,#4459);
#3626=AXIS2_PLACEMENT_3D('',#5648,#4461,#4462);
#3627=AXIS2_PLACEMENT_3D('',#5650,#4464,#4465);
#3628=AXIS2_PLACEMENT_3D('',#5652,#4467,#4468);
#3629=AXIS2_PLACEMENT_3D('',#5654,#4470,#4471);
#3630=AXIS2_PLACEMENT_3D('',#5656,#4473,#4474);
#3631=AXIS2_PLACEMENT_3D('',#5658,#4476,#4477);
#3632=AXIS2_PLACEMENT_3D('',#5660,#4479,#4480);
#3633=AXIS2_PLACEMENT_3D('',#5662,#4482,#4483);
#3634=AXIS2_PLACEMENT_3D('',#5664,#4485,#4486);
#3635=AXIS2_PLACEMENT_3D('',#5666,#4488,#4489);
#3636=AXIS2_PLACEMENT_3D('',#5668,#4491,#4492);
#3637=AXIS2_PLACEMENT_3D('',#5670,#4494,#4495);
#3638=AXIS2_PLACEMENT_3D('',#5672,#4497,#4498);
#3639=AXIS2_PLACEMENT_3D('',#5674,#4500,#4501);
#3640=AXIS2_PLACEMENT_3D('',#5676,#4503,#4504);
#3641=AXIS2_PLACEMENT_3D('',#5678,#4506,#4507);
#3642=AXIS2_PLACEMENT_3D('',#5680,#4509,#4510);
#3643=AXIS2_PLACEMENT_3D('',#5682,#4512,#4513);
#3644=AXIS2_PLACEMENT_3D('',#5684,#4515,#4516);
#3645=AXIS2_PLACEMENT_3D('',#5686,#4518,#4519);
#3646=AXIS2_PLACEMENT_3D('',#5688,#4521,#4522);
#3647=AXIS2_PLACEMENT_3D('',#5690,#4524,#4525);
#3648=AXIS2_PLACEMENT_3D('',#5692,#4527,#4528);
#3649=AXIS2_PLACEMENT_3D('',#5694,#4530,#4531);
#3650=AXIS2_PLACEMENT_3D('',#5696,#4533,#4534);
#3651=AXIS2_PLACEMENT_3D('',#5698,#4536,#4537);
#3652=AXIS2_PLACEMENT_3D('',#5700,#4539,#4540);
#3653=AXIS2_PLACEMENT_3D('',#5702,#4542,#4543);
#3654=AXIS2_PLACEMENT_3D('',#5704,#4545,#4546);
#3655=AXIS2_PLACEMENT_3D('',#5706,#4548,#4549);
#3656=AXIS2_PLACEMENT_3D('',#5708,#4551,#4552);
#3657=AXIS2_PLACEMENT_3D('',#5710,#4554,#4555);
#3658=AXIS2_PLACEMENT_3D('',#5712,#4557,#4558);
#3659=DIRECTION('axis',(0.,0.,1.));
#3660=DIRECTION('refdir',(1.,0.,0.));
#3661=DIRECTION('center_axis',(0.,0.,-1.));
#3662=DIRECTION('ref_axis',(1.,0.,0.));
#3663=DIRECTION('center_axis',(0.,0.,-1.));
#3664=DIRECTION('ref_axis',(1.,0.,0.));
#3665=DIRECTION('',(0.,0.,1.));
#3666=DIRECTION('center_axis',(0.,0.,1.));
#3667=DIRECTION('ref_axis',(1.,0.,0.));
#3668=DIRECTION('center_axis',(0.,0.,-1.));
#3669=DIRECTION('ref_axis',(1.,0.,0.));
#3670=DIRECTION('center_axis',(0.,0.,-1.));
#3671=DIRECTION('ref_axis',(1.,0.,0.));
#3672=DIRECTION('center_axis',(0.,0.,-1.));
#3673=DIRECTION('ref_axis',(1.,0.,0.));
#3674=DIRECTION('',(0.,0.,1.));
#3675=DIRECTION('center_axis',(0.,0.,1.));
#3676=DIRECTION('ref_axis',(1.,0.,0.));
#3677=DIRECTION('center_axis',(0.,0.,-1.));
#3678=DIRECTION('ref_axis',(1.,0.,0.));
#3679=DIRECTION('center_axis',(0.,0.,-1.));
#3680=DIRECTION('ref_axis',(1.,0.,0.));
#3681=DIRECTION('center_axis',(0.,0.,-1.));
#3682=DIRECTION('ref_axis',(1.,0.,0.));
#3683=DIRECTION('',(0.,0.,1.));
#3684=DIRECTION('center_axis',(0.,0.,1.));
#3685=DIRECTION('ref_axis',(1.,0.,0.));
#3686=DIRECTION('center_axis',(0.,0.,-1.));
#3687=DIRECTION('ref_axis',(1.,0.,0.));
#3688=DIRECTION('center_axis',(0.,0.,-1.));
#3689=DIRECTION('ref_axis',(1.,0.,0.));
#3690=DIRECTION('center_axis',(0.,0.,-1.));
#3691=DIRECTION('ref_axis',(1.,0.,0.));
#3692=DIRECTION('',(0.,0.,1.));
#3693=DIRECTION('center_axis',(0.,0.,1.));
#3694=DIRECTION('ref_axis',(1.,0.,0.));
#3695=DIRECTION('center_axis',(0.,0.,-1.));
#3696=DIRECTION('ref_axis',(1.,0.,0.));
#3697=DIRECTION('center_axis',(0.,0.,-1.));
#3698=DIRECTION('ref_axis',(1.,0.,0.));
#3699=DIRECTION('center_axis',(0.,0.,-1.));
#3700=DIRECTION('ref_axis',(1.,0.,0.));
#3701=DIRECTION('',(0.,0.,1.));
#3702=DIRECTION('center_axis',(0.,0.,1.));
#3703=DIRECTION('ref_axis',(1.,0.,0.));
#3704=DIRECTION('center_axis',(0.,0.,-1.));
#3705=DIRECTION('ref_axis',(1.,0.,0.));
#3706=DIRECTION('center_axis',(0.,0.,-1.));
#3707=DIRECTION('ref_axis',(1.,0.,0.));
#3708=DIRECTION('center_axis',(0.,0.,-1.));
#3709=DIRECTION('ref_axis',(1.,0.,0.));
#3710=DIRECTION('',(0.,0.,1.));
#3711=DIRECTION('center_axis',(0.,0.,1.));
#3712=DIRECTION('ref_axis',(1.,0.,0.));
#3713=DIRECTION('center_axis',(0.,0.,-1.));
#3714=DIRECTION('ref_axis',(1.,0.,0.));
#3715=DIRECTION('center_axis',(0.,0.,1.));
#3716=DIRECTION('ref_axis',(-1.,0.,0.));
#3717=DIRECTION('center_axis',(0.,0.,1.));
#3718=DIRECTION('ref_axis',(-1.,0.,0.));
#3719=DIRECTION('',(0.,0.,1.));
#3720=DIRECTION('center_axis',(0.,0.,1.));
#3721=DIRECTION('ref_axis',(-1.,0.,0.));
#3722=DIRECTION('center_axis',(0.,0.,1.));
#3723=DIRECTION('ref_axis',(-1.,0.,0.));
#3724=DIRECTION('center_axis',(0.,0.,1.));
#3725=DIRECTION('ref_axis',(-1.,0.,0.));
#3726=DIRECTION('center_axis',(0.,0.,1.));
#3727=DIRECTION('ref_axis',(-1.,0.,0.));
#3728=DIRECTION('',(0.,0.,1.));
#3729=DIRECTION('center_axis',(0.,0.,1.));
#3730=DIRECTION('ref_axis',(-1.,0.,0.));
#3731=DIRECTION('center_axis',(0.,0.,1.));
#3732=DIRECTION('ref_axis',(-1.,0.,0.));
#3733=DIRECTION('center_axis',(0.,0.,1.));
#3734=DIRECTION('ref_axis',(-1.,0.,0.));
#3735=DIRECTION('center_axis',(0.,0.,1.));
#3736=DIRECTION('ref_axis',(-1.,0.,0.));
#3737=DIRECTION('',(0.,0.,1.));
#3738=DIRECTION('center_axis',(0.,0.,1.));
#3739=DIRECTION('ref_axis',(-1.,0.,0.));
#3740=DIRECTION('center_axis',(0.,0.,1.));
#3741=DIRECTION('ref_axis',(-1.,0.,0.));
#3742=DIRECTION('center_axis',(0.,0.,1.));
#3743=DIRECTION('ref_axis',(-1.,0.,0.));
#3744=DIRECTION('center_axis',(0.,0.,1.));
#3745=DIRECTION('ref_axis',(-1.,0.,0.));
#3746=DIRECTION('',(0.,0.,1.));
#3747=DIRECTION('center_axis',(0.,0.,1.));
#3748=DIRECTION('ref_axis',(-1.,0.,0.));
#3749=DIRECTION('center_axis',(0.,0.,1.));
#3750=DIRECTION('ref_axis',(-1.,0.,0.));
#3751=DIRECTION('center_axis',(0.,0.,1.));
#3752=DIRECTION('ref_axis',(-1.,0.,0.));
#3753=DIRECTION('center_axis',(0.,0.,1.));
#3754=DIRECTION('ref_axis',(-1.,0.,0.));
#3755=DIRECTION('',(0.,0.,1.));
#3756=DIRECTION('center_axis',(0.,0.,1.));
#3757=DIRECTION('ref_axis',(-1.,0.,0.));
#3758=DIRECTION('center_axis',(0.,0.,1.));
#3759=DIRECTION('ref_axis',(-1.,0.,0.));
#3760=DIRECTION('center_axis',(0.,0.,1.));
#3761=DIRECTION('ref_axis',(-1.,0.,0.));
#3762=DIRECTION('center_axis',(0.,0.,1.));
#3763=DIRECTION('ref_axis',(-1.,0.,0.));
#3764=DIRECTION('',(0.,0.,1.));
#3765=DIRECTION('center_axis',(0.,0.,1.));
#3766=DIRECTION('ref_axis',(-1.,0.,0.));
#3767=DIRECTION('center_axis',(0.,0.,1.));
#3768=DIRECTION('ref_axis',(-1.,0.,0.));
#3769=DIRECTION('center_axis',(0.,0.,-1.));
#3770=DIRECTION('ref_axis',(-0.704805418449835,0.709400678124678,0.));
#3771=DIRECTION('center_axis',(0.,0.,-1.));
#3772=DIRECTION('ref_axis',(-0.704805418449835,0.709400678124678,0.));
#3773=DIRECTION('',(0.,0.,-1.));
#3774=DIRECTION('center_axis',(0.,0.,-1.));
#3775=DIRECTION('ref_axis',(-0.704805418449835,0.709400678124678,0.));
#3776=DIRECTION('',(0.,0.,1.));
#3777=DIRECTION('center_axis',(-0.999978883588521,0.00649864424751362,0.));
#3778=DIRECTION('ref_axis',(0.00649864424751362,0.999978883588521,0.));
#3779=DIRECTION('',(-0.00649864424751362,-0.999978883588521,0.));
#3780=DIRECTION('',(0.,0.,-1.));
#3781=DIRECTION('',(0.00649864424751362,0.999978883588521,0.));
#3782=DIRECTION('center_axis',(0.,0.,-1.));
#3783=DIRECTION('ref_axis',(0.707106781186543,0.707106781186552,0.));
#3784=DIRECTION('center_axis',(0.,0.,-1.));
#3785=DIRECTION('ref_axis',(0.707106781186543,0.707106781186552,0.));
#3786=DIRECTION('',(0.,0.,-1.));
#3787=DIRECTION('center_axis',(0.,0.,-1.));
#3788=DIRECTION('ref_axis',(0.707106781186543,0.707106781186552,0.));
#3789=DIRECTION('',(0.,0.,1.));
#3790=DIRECTION('center_axis',(0.,0.,1.));
#3791=DIRECTION('ref_axis',(1.,0.,0.));
#3792=DIRECTION('',(-1.,0.,0.));
#3793=DIRECTION('',(0.,1.,0.));
#3794=DIRECTION('center_axis',(0.,0.,-1.));
#3795=DIRECTION('ref_axis',(0.706695642956727,-0.707517680504154,0.));
#3796=DIRECTION('',(0.999999324254271,-0.00116253645194131,0.));
#3797=DIRECTION('',(0.866388206133301,0.499371080733677,0.));
#3798=DIRECTION('center_axis',(0.,0.,-1.));
#3799=DIRECTION('ref_axis',(-0.259585592469792,-0.965720104472361,0.));
#3800=DIRECTION('',(0.499253920717565,-0.866455724574625,0.));
#3801=DIRECTION('',(0.489059285155235,-0.872250546347465,0.));
#3802=DIRECTION('',(0.486881598530305,-0.873467978241089,0.));
#3803=DIRECTION('center_axis',(0.,0.,-1.));
#3804=DIRECTION('ref_axis',(-0.963395607328107,0.268083762620765,0.));
#3805=DIRECTION('',(-0.868080711075499,-0.496423084735849,0.));
#3806=DIRECTION('',(0.,-1.,0.));
#3807=DIRECTION('',(-5.50923697813082E-5,-0.999999998482415,0.));
#3808=DIRECTION('',(-0.000348979214484934,-0.999999939106752,0.));
#3809=DIRECTION('',(-0.00107790012382086,-0.999999419065493,0.));
#3810=DIRECTION('',(0.,-1.,0.));
#3811=DIRECTION('',(1.,0.,0.));
#3812=DIRECTION('',(0.,1.,0.));
#3813=DIRECTION('',(-1.,0.,0.));
#3814=DIRECTION('center_axis',(0.,0.,-1.));
#3815=DIRECTION('ref_axis',(1.,0.,0.));
#3816=DIRECTION('',(1.,0.,0.));
#3817=DIRECTION('',(0.980787134597915,0.19508100011844,0.));
#3818=DIRECTION('',(0.707106781186547,0.707106781186547,0.));
#3819=DIRECTION('',(0.19508100011698,0.980787134598206,0.));
#3820=DIRECTION('',(0.,1.,0.));
#3821=DIRECTION('',(1.,0.,0.));
#3822=DIRECTION('',(0.980787134598118,0.19508100011742,0.));
#3823=DIRECTION('',(0.707106781186161,0.707106781186934,0.));
#3824=DIRECTION('',(0.195081000118295,0.980787134597944,0.));
#3825=DIRECTION('',(0.,1.,0.));
#3826=DIRECTION('',(1.,0.,0.));
#3827=DIRECTION('',(0.980787134597915,0.19508100011844,0.));
#3828=DIRECTION('',(0.707106781186934,0.707106781186161,0.));
#3829=DIRECTION('',(0.19508100011815,0.980787134597973,0.));
#3830=DIRECTION('',(0.,1.,0.));
#3831=DIRECTION('',(-0.19508100011844,0.980787134597915,0.));
#3832=DIRECTION('',(-0.707106781186547,0.707106781186547,0.));
#3833=DIRECTION('',(-0.980787134597915,0.19508100011844,0.));
#3834=DIRECTION('',(-1.,0.,0.));
#3835=DIRECTION('',(0.,1.,0.));
#3836=DIRECTION('',(-0.19508100011844,0.980787134597915,0.));
#3837=DIRECTION('',(-0.707106781186161,0.707106781186934,0.));
#3838=DIRECTION('',(-0.980787134597973,0.19508100011815,0.));
#3839=DIRECTION('',(-1.,0.,0.));
#3840=DIRECTION('',(-0.980787134597973,-0.19508100011815,0.));
#3841=DIRECTION('',(-0.707106781186547,-0.707106781186547,0.));
#3842=DIRECTION('',(-0.19508100011698,-0.980787134598206,0.));
#3843=DIRECTION('',(0.,-1.,0.));
#3844=DIRECTION('',(-1.,0.,0.));
#3845=DIRECTION('',(0.,1.,0.));
#3846=DIRECTION('',(-0.19508100011844,0.980787134597915,0.));
#3847=DIRECTION('',(-0.707106781186547,0.707106781186547,0.));
#3848=DIRECTION('',(-0.980787134597915,0.19508100011844,0.));
#3849=DIRECTION('',(-1.,0.,0.));
#3850=DIRECTION('',(0.,1.,0.));
#3851=DIRECTION('',(-0.19508100011815,0.980787134597973,0.));
#3852=DIRECTION('',(-0.707106781186354,0.707106781186741,0.));
#3853=DIRECTION('',(-0.980787134598235,0.195081000116835,0.));
#3854=DIRECTION('',(-1.,0.,0.));
#3855=DIRECTION('',(-0.980787134598235,-0.195081000116835,0.));
#3856=DIRECTION('',(-0.707106781186354,-0.707106781186741,0.));
#3857=DIRECTION('',(-0.19508100011815,-0.980787134597973,0.));
#3858=DIRECTION('',(-9.35416977040681E-16,-1.,0.));
#3859=DIRECTION('',(-1.,0.,0.));
#3860=DIRECTION('',(-0.980787134597944,-0.195081000118295,0.));
#3861=DIRECTION('',(-0.707106781186354,-0.707106781186741,0.));
#3862=DIRECTION('',(-0.19508100011844,-0.980787134597915,0.));
#3863=DIRECTION('',(0.,-1.,0.));
#3864=DIRECTION('',(0.19508100011815,-0.980787134597973,0.));
#3865=DIRECTION('',(0.707106781186741,-0.707106781186354,0.));
#3866=DIRECTION('',(0.980787134597944,-0.195081000118295,0.));
#3867=DIRECTION('',(1.,0.,0.));
#3868=DIRECTION('',(0.,-1.,0.));
#3869=DIRECTION('',(0.195081000118295,-0.980787134597944,0.));
#3870=DIRECTION('',(0.707106781186354,-0.707106781186741,0.));
#3871=DIRECTION('',(0.980787134598089,-0.195081000117565,0.));
#3872=DIRECTION('',(1.,0.,0.));
#3873=DIRECTION('',(0.,-1.,0.));
#3874=DIRECTION('',(0.19508100011698,-0.980787134598206,0.));
#3875=DIRECTION('',(0.707106781186547,-0.707106781186547,0.));
#3876=DIRECTION('',(0.980787134597973,-0.19508100011815,0.));
#3877=DIRECTION('',(0.965924140168638,-0.258825337707647,0.));
#3878=DIRECTION('',(0.946930415673926,0.321438622246308,0.));
#3879=DIRECTION('',(0.866025404544367,0.499999998683766,0.));
#3880=DIRECTION('',(0.751832665655371,0.659353958700135,0.));
#3881=DIRECTION('',(0.258825337707119,0.96592414016878,0.));
#3882=DIRECTION('',(-0.321476924006358,0.946917413152493,0.));
#3883=DIRECTION('',(-0.499999959313687,0.866025427274691,0.));
#3884=DIRECTION('',(-0.499999998683768,0.866025404544366,0.));
#3885=DIRECTION('',(-0.65935395869842,0.751832665656875,0.));
#3886=DIRECTION('',(-0.96592414016869,0.258825337707453,0.));
#3887=DIRECTION('',(-0.946917413152493,-0.321476924006358,0.));
#3888=DIRECTION('',(-0.86602542727469,-0.499999959313689,0.));
#3889=DIRECTION('',(-0.866025404544366,-0.499999998683767,0.));
#3890=DIRECTION('',(-0.751832665655463,-0.65935395870003,0.));
#3891=DIRECTION('',(-0.258825337708562,-0.965924140168393,0.));
#3892=DIRECTION('',(0.321438622245846,-0.946930415674083,0.));
#3893=DIRECTION('',(0.499999998683768,-0.866025404544366,0.));
#3894=DIRECTION('',(0.65935395870003,-0.751832665655463,0.));
#3895=DIRECTION('',(0.965924140168638,-0.258825337707647,0.));
#3896=DIRECTION('',(0.946930415674388,0.321438622244947,0.));
#3897=DIRECTION('',(0.866025421085443,0.49999997003378,0.));
#3898=DIRECTION('',(0.500000032330395,-0.866025385118475,0.));
#3899=DIRECTION('',(0.659353958699277,-0.751832665656123,0.));
#3900=DIRECTION('center_axis',(1.,0.,0.));
#3901=DIRECTION('ref_axis',(0.,-1.,0.));
#3902=DIRECTION('',(0.,-1.,0.));
#3903=DIRECTION('',(0.,0.,-1.));
#3904=DIRECTION('center_axis',(0.,0.,-1.));
#3905=DIRECTION('ref_axis',(0.706695642956727,-0.707517680504154,0.));
#3906=DIRECTION('center_axis',(0.,0.,-1.));
#3907=DIRECTION('ref_axis',(0.706695642956727,-0.707517680504154,0.));
#3908=DIRECTION('',(0.,0.,1.));
#3909=DIRECTION('center_axis',(0.,0.,-1.));
#3910=DIRECTION('ref_axis',(-0.963395607328107,0.268083762620765,0.));
#3911=DIRECTION('',(0.,0.,-1.));
#3912=DIRECTION('center_axis',(0.,0.,-1.));
#3913=DIRECTION('ref_axis',(-0.963395607328107,0.268083762620765,0.));
#3914=DIRECTION('',(0.,0.,1.));
#3915=DIRECTION('center_axis',(-0.873467978241089,-0.486881598530305,0.));
#3916=DIRECTION('ref_axis',(-0.486881598530305,0.873467978241089,0.));
#3917=DIRECTION('',(0.,0.,-1.));
#3918=DIRECTION('',(-0.486881598530305,0.873467978241089,0.));
#3919=DIRECTION('center_axis',(0.,0.,-1.));
#3920=DIRECTION('ref_axis',(-0.259585592469792,-0.965720104472361,0.));
#3921=DIRECTION('',(0.,0.,-1.));
#3922=DIRECTION('center_axis',(0.,0.,-1.));
#3923=DIRECTION('ref_axis',(-0.259585592469792,-0.965720104472361,0.));
#3924=DIRECTION('',(0.,0.,1.));
#3925=DIRECTION('center_axis',(-0.866455724574625,-0.499253920717565,0.));
#3926=DIRECTION('ref_axis',(-0.499253920717565,0.866455724574625,0.));
#3927=DIRECTION('',(-0.499253920717565,0.866455724574625,0.));
#3928=DIRECTION('',(0.,0.,-1.));
#3929=DIRECTION('center_axis',(-0.489059285155238,0.872250546347463,0.));
#3930=DIRECTION('ref_axis',(-0.616774276215948,-0.345817136935518,0.707106781186558));
#3931=DIRECTION('',(0.489059285155238,-0.872250546347463,0.));
#3932=DIRECTION('',(-0.489059285155238,0.872250546347463,0.));
#3933=DIRECTION('center_axis',(-0.486881598530304,0.873467978241089,0.));
#3934=DIRECTION('ref_axis',(-0.617635130563568,-0.344277279955719,0.707106781186558));
#3935=DIRECTION('',(-0.486881598530304,0.873467978241089,0.));
#3936=DIRECTION('center_axis',(0.486881598530303,-0.87346797824109,0.));
#3937=DIRECTION('ref_axis',(0.,0.,1.));
#3938=DIRECTION('',(0.486881598530304,-0.873467978241089,0.));
#3939=DIRECTION('center_axis',(-0.868080711075495,-0.496423084735856,0.));
#3940=DIRECTION('ref_axis',(0.,0.,1.));
#3941=DIRECTION('center_axis',(0.,0.,1.));
#3942=DIRECTION('ref_axis',(-0.963395607328109,0.268083762620762,0.));
#3943=DIRECTION('center_axis',(0.,0.,-1.));
#3944=DIRECTION('ref_axis',(-0.963395607328109,0.268083762620762,0.));
#3945=DIRECTION('center_axis',(0.8680807110755,0.496423084735848,0.));
#3946=DIRECTION('ref_axis',(-0.351024129554259,0.613825757418728,0.707106781186547));
#3947=DIRECTION('',(-0.8680807110755,-0.496423084735848,0.));
#3948=DIRECTION('',(0.8680807110755,0.496423084735848,0.));
#3949=DIRECTION('center_axis',(-0.501785270441538,-0.864992220986936,0.));
#3950=DIRECTION('ref_axis',(-0.864992220986936,0.501785270441538,0.));
#3951=DIRECTION('center_axis',(0.,1.,0.));
#3952=DIRECTION('ref_axis',(-0.707106781186544,0.,0.707106781186551));
#3953=DIRECTION('',(0.,1.,0.));
#3954=DIRECTION('',(0.,-1.,0.));
#3955=DIRECTION('center_axis',(5.50923697799486E-5,0.999999998482415,0.));
#3956=DIRECTION('ref_axis',(-0.707106780113453,3.89561882611648E-5,0.707106781186548));
#3957=DIRECTION('',(-5.50923697799486E-5,-0.999999998482415,0.));
#3958=DIRECTION('',(5.50923697799486E-5,0.999999998482415,0.));
#3959=DIRECTION('center_axis',(0.000348979214484912,0.999999939106752,0.));
#3960=DIRECTION('ref_axis',(-0.707106738128523,0.000246765569064704,0.707106781186544));
#3961=DIRECTION('',(-0.000348979214484912,-0.999999939106752,0.));
#3962=DIRECTION('',(0.000348979214484912,0.999999939106752,0.));
#3963=DIRECTION('center_axis',(0.00107790012382078,0.999999419065493,0.));
#3964=DIRECTION('ref_axis',(-0.707106370403824,0.000762190486998333,0.707106781186542));
#3965=DIRECTION('',(-0.00107790012382078,-0.999999419065493,0.));
#3966=DIRECTION('',(0.00107790012382078,0.999999419065493,0.));
#3967=DIRECTION('center_axis',(-0.0037882860988958,-0.999992824418472,0.));
#3968=DIRECTION('ref_axis',(0.999992824418472,-0.0037882860988958,0.));
#3969=DIRECTION('center_axis',(0.00649864424751364,0.999978883588521,0.));
#3970=DIRECTION('ref_axis',(-0.707091849628796,0.0045952354159365,0.707106781186547));
#3971=DIRECTION('',(0.00649864424751364,0.999978883588521,0.));
#3972=DIRECTION('center_axis',(-0.00649864424751456,-0.999978883588521,
0.));
#3973=DIRECTION('ref_axis',(0.,0.,1.));
#3974=DIRECTION('',(-0.00649864424751364,-0.999978883588521,0.));
#3975=DIRECTION('center_axis',(-1.,0.,0.));
#3976=DIRECTION('ref_axis',(0.,0.,1.));
#3977=DIRECTION('center_axis',(0.,0.,1.));
#3978=DIRECTION('ref_axis',(-0.704805418449835,0.709400678124678,0.));
#3979=DIRECTION('center_axis',(0.,0.,-1.));
#3980=DIRECTION('ref_axis',(-0.704805418449835,0.709400678124678,0.));
#3981=DIRECTION('center_axis',(1.,0.,0.));
#3982=DIRECTION('ref_axis',(0.,0.707106781186549,0.707106781186546));
#3983=DIRECTION('center_axis',(-1.,0.,0.));
#3984=DIRECTION('ref_axis',(0.,0.,1.));
#3985=DIRECTION('',(-1.,0.,0.));
#3986=DIRECTION('',(1.,0.,0.));
#3987=DIRECTION('center_axis',(0.,1.,0.));
#3988=DIRECTION('ref_axis',(0.,0.,1.));
#3989=DIRECTION('center_axis',(0.,0.,1.));
#3990=DIRECTION('ref_axis',(0.707106781186544,0.707106781186551,0.));
#3991=DIRECTION('center_axis',(0.,0.,-1.));
#3992=DIRECTION('ref_axis',(0.707106781186544,0.707106781186551,0.));
#3993=DIRECTION('center_axis',(0.,-1.,0.));
#3994=DIRECTION('ref_axis',(0.707106781186528,0.,0.707106781186567));
#3995=DIRECTION('center_axis',(0.,1.,0.));
#3996=DIRECTION('ref_axis',(0.,0.,1.));
#3997=DIRECTION('',(0.,1.,0.));
#3998=DIRECTION('',(0.,-1.,0.));
#3999=DIRECTION('center_axis',(0.999999324254271,-0.00116253645193372,0.));
#4000=DIRECTION('ref_axis',(0.,0.,1.));
#4001=DIRECTION('center_axis',(0.,0.,1.));
#4002=DIRECTION('ref_axis',(0.706695642956729,-0.707517680504152,0.));
#4003=DIRECTION('center_axis',(0.,0.,-1.));
#4004=DIRECTION('ref_axis',(0.706695642956729,-0.707517680504152,0.));
#4005=DIRECTION('center_axis',(-0.999999324254271,0.00116253645194134,0.));
#4006=DIRECTION('ref_axis',(-0.000822037408538879,-0.707106303362165,0.707106781186542));
#4007=DIRECTION('',(0.999999324254271,-0.00116253645194134,0.));
#4008=DIRECTION('',(-0.999999324254271,0.00116253645194134,0.));
#4009=DIRECTION('center_axis',(0.966169798161696,0.257906807045081,-3.05423013748273E-15));
#4010=DIRECTION('ref_axis',(0.257906807045081,-0.966169798161695,1.13885997819383E-14));
#4011=DIRECTION('center_axis',(-0.866388206133301,-0.499371080733677,0.));
#4012=DIRECTION('ref_axis',(0.353108677515255,-0.612628975696895,0.707106781186548));
#4013=DIRECTION('',(-0.866388206133301,-0.499371080733677,0.));
#4014=DIRECTION('center_axis',(0.866388206133297,0.499371080733684,0.));
#4015=DIRECTION('ref_axis',(0.,0.,1.));
#4016=DIRECTION('',(0.866388206133301,0.499371080733677,0.));
#4017=DIRECTION('center_axis',(0.499253920717551,-0.866455724574633,0.));
#4018=DIRECTION('ref_axis',(0.,0.,1.));
#4019=DIRECTION('center_axis',(0.,0.,1.));
#4020=DIRECTION('ref_axis',(-0.259585592469777,-0.965720104472365,0.));
#4021=DIRECTION('center_axis',(0.,0.,-1.));
#4022=DIRECTION('ref_axis',(-0.259585592469777,-0.965720104472365,0.));
#4023=DIRECTION('center_axis',(-0.499253920717565,0.866455724574625,0.));
#4024=DIRECTION('ref_axis',(-0.612676718444615,-0.353025832873363,0.707106781186552));
#4025=DIRECTION('',(0.499253920717565,-0.866455724574625,0.));
#4026=DIRECTION('',(-0.499253920717565,0.866455724574625,0.));
#4027=DIRECTION('center_axis',(0.,-1.,0.));
#4028=DIRECTION('ref_axis',(-1.,0.,0.));
#4029=DIRECTION('',(0.,0.,1.));
#4030=DIRECTION('',(-1.,0.,0.));
#4031=DIRECTION('center_axis',(0.,-1.,0.));
#4032=DIRECTION('ref_axis',(1.,0.,5.91975210614364E-31));
#4033=DIRECTION('',(-5.94287613782452E-31,0.,1.));
#4034=DIRECTION('center_axis',(0.,-1.,0.));
#4035=DIRECTION('ref_axis',(-1.8947806286936E-14,1.55431223447522E-15,1.));
#4036=DIRECTION('',(-1.,0.,-1.72394879600181E-16));
#4037=DIRECTION('center_axis',(0.,-1.,0.));
#4038=DIRECTION('ref_axis',(-1.,0.,-5.91975210614364E-31));
#4039=DIRECTION('',(5.94287613780829E-31,0.,-1.));
#4040=DIRECTION('center_axis',(0.,-1.,0.));
#4041=DIRECTION('ref_axis',(1.8947806286936E-14,-1.55431223447522E-15,-1.));
#4042=DIRECTION('',(-1.,0.,0.));
#4043=DIRECTION('',(0.,0.,-1.));
#4044=DIRECTION('center_axis',(0.,0.,-1.));
#4045=DIRECTION('ref_axis',(0.707106781186545,0.70710678118655,0.));
#4046=DIRECTION('',(0.,0.,-1.));
#4047=DIRECTION('center_axis',(0.,0.,1.));
#4048=DIRECTION('ref_axis',(0.707106781186545,0.70710678118655,0.));
#4049=DIRECTION('center_axis',(-1.,0.,0.));
#4050=DIRECTION('ref_axis',(0.,1.,0.));
#4051=DIRECTION('',(0.,0.,1.));
#4052=DIRECTION('',(0.,1.,0.));
#4053=DIRECTION('center_axis',(0.,0.,-1.));
#4054=DIRECTION('ref_axis',(0.70669564295673,-0.707517680504151,0.));
#4055=DIRECTION('',(0.,0.,-1.));
#4056=DIRECTION('center_axis',(0.,0.,1.));
#4057=DIRECTION('ref_axis',(0.70669564295673,-0.707517680504151,0.));
#4058=DIRECTION('center_axis',(0.00116253645194134,0.999999324254271,0.));
#4059=DIRECTION('ref_axis',(0.999999324254271,-0.00116253645194134,0.));
#4060=DIRECTION('',(0.,0.,-1.));
#4061=DIRECTION('',(0.999999324254271,-0.00116253645194134,0.));
#4062=DIRECTION('center_axis',(-0.499371080733677,0.866388206133301,0.));
#4063=DIRECTION('ref_axis',(0.866388206133301,0.499371080733677,0.));
#4064=DIRECTION('',(0.,0.,1.));
#4065=DIRECTION('',(0.866388206133301,0.499371080733677,0.));
#4066=DIRECTION('center_axis',(0.,0.,-1.));
#4067=DIRECTION('ref_axis',(-0.259585592469779,-0.965720104472364,0.));
#4068=DIRECTION('',(0.,0.,-1.));
#4069=DIRECTION('center_axis',(0.,0.,1.));
#4070=DIRECTION('ref_axis',(-0.259585592469779,-0.965720104472364,0.));
#4071=DIRECTION('center_axis',(0.866455724574625,0.499253920717565,0.));
#4072=DIRECTION('ref_axis',(0.499253920717565,-0.866455724574625,0.));
#4073=DIRECTION('',(0.,0.,-1.));
#4074=DIRECTION('',(0.499253920717565,-0.866455724574625,0.));
#4075=DIRECTION('center_axis',(0.872250546347463,0.489059285155238,0.));
#4076=DIRECTION('ref_axis',(0.489059285155238,-0.872250546347463,0.));
#4077=DIRECTION('',(0.,0.,-1.));
#4078=DIRECTION('',(0.489059285155235,-0.872250546347465,0.));
#4079=DIRECTION('center_axis',(0.,0.,-1.));
#4080=DIRECTION('ref_axis',(1.,0.,0.));
#4081=DIRECTION('',(0.,-1.,0.));
#4082=DIRECTION('',(-1.,0.,0.));
#4083=DIRECTION('',(0.,1.,0.));
#4084=DIRECTION('',(1.,0.,0.));
#4085=DIRECTION('center_axis',(0.,0.,1.));
#4086=DIRECTION('ref_axis',(1.,0.,0.));
#4087=DIRECTION('',(-1.,0.,0.));
#4088=DIRECTION('',(-0.980787134597973,0.19508100011815,0.));
#4089=DIRECTION('',(-0.707106781186547,0.707106781186547,0.));
#4090=DIRECTION('',(-0.19508100011698,0.980787134598206,0.));
#4091=DIRECTION('',(0.,1.,0.));
#4092=DIRECTION('',(-1.,0.,0.));
#4093=DIRECTION('',(-0.980787134598089,0.195081000117565,0.));
#4094=DIRECTION('',(-0.707106781186354,0.707106781186741,0.));
#4095=DIRECTION('',(-0.195081000118295,0.980787134597944,0.));
#4096=DIRECTION('',(0.,1.,0.));
#4097=DIRECTION('',(-1.,0.,0.));
#4098=DIRECTION('',(-0.980787134597944,0.195081000118295,0.));
#4099=DIRECTION('',(-0.707106781186741,0.707106781186354,0.));
#4100=DIRECTION('',(-0.19508100011815,0.980787134597973,0.));
#4101=DIRECTION('',(0.,1.,0.));
#4102=DIRECTION('',(0.19508100011844,0.980787134597915,0.));
#4103=DIRECTION('',(0.707106781186354,0.707106781186741,0.));
#4104=DIRECTION('',(0.980787134597944,0.195081000118295,0.));
#4105=DIRECTION('',(1.,0.,0.));
#4106=DIRECTION('',(9.35416977040681E-16,1.,0.));
#4107=DIRECTION('',(0.19508100011815,0.980787134597973,0.));
#4108=DIRECTION('',(0.707106781186354,0.707106781186741,0.));
#4109=DIRECTION('',(0.980787134598235,0.195081000116835,0.));
#4110=DIRECTION('',(1.,0.,0.));
#4111=DIRECTION('',(0.980787134598235,-0.195081000116835,0.));
#4112=DIRECTION('',(0.707106781186354,-0.707106781186741,0.));
#4113=DIRECTION('',(0.19508100011815,-0.980787134597973,0.));
#4114=DIRECTION('',(0.,-1.,0.));
#4115=DIRECTION('',(1.,0.,0.));
#4116=DIRECTION('',(0.980787134597915,-0.19508100011844,0.));
#4117=DIRECTION('',(0.707106781186547,-0.707106781186547,0.));
#4118=DIRECTION('',(0.19508100011844,-0.980787134597915,0.));
#4119=DIRECTION('',(0.,-1.,0.));
#4120=DIRECTION('',(1.,0.,0.));
#4121=DIRECTION('',(0.,1.,0.));
#4122=DIRECTION('',(0.19508100011698,0.980787134598206,0.));
#4123=DIRECTION('',(0.707106781186547,0.707106781186547,0.));
#4124=DIRECTION('',(0.980787134597973,0.19508100011815,0.));
#4125=DIRECTION('',(1.,0.,0.));
#4126=DIRECTION('',(0.980787134597973,-0.19508100011815,0.));
#4127=DIRECTION('',(0.707106781186161,-0.707106781186934,0.));
#4128=DIRECTION('',(0.19508100011844,-0.980787134597915,0.));
#4129=DIRECTION('',(0.,-1.,0.));
#4130=DIRECTION('',(1.,0.,0.));
#4131=DIRECTION('',(0.980787134597915,-0.19508100011844,0.));
#4132=DIRECTION('',(0.707106781186547,-0.707106781186547,0.));
#4133=DIRECTION('',(0.19508100011844,-0.980787134597915,0.));
#4134=DIRECTION('',(0.,-1.,0.));
#4135=DIRECTION('',(-0.19508100011815,-0.980787134597973,0.));
#4136=DIRECTION('',(-0.707106781186934,-0.707106781186161,0.));
#4137=DIRECTION('',(-0.980787134597915,-0.19508100011844,0.));
#4138=DIRECTION('',(-1.,0.,0.));
#4139=DIRECTION('',(0.,-1.,0.));
#4140=DIRECTION('',(-0.195081000118295,-0.980787134597944,0.));
#4141=DIRECTION('',(-0.707106781186161,-0.707106781186934,0.));
#4142=DIRECTION('',(-0.980787134598118,-0.19508100011742,0.));
#4143=DIRECTION('',(-1.,0.,0.));
#4144=DIRECTION('',(0.,-1.,0.));
#4145=DIRECTION('',(-0.19508100011698,-0.980787134598206,0.));
#4146=DIRECTION('',(-0.707106781186547,-0.707106781186547,0.));
#4147=DIRECTION('',(-0.980787134597915,-0.19508100011844,0.));
#4148=DIRECTION('',(-0.965924140168638,0.258825337707647,0.));
#4149=DIRECTION('',(-0.659353958699277,0.751832665656123,0.));
#4150=DIRECTION('',(-0.500000032330395,0.866025385118475,0.));
#4151=DIRECTION('',(-0.866025421085443,-0.49999997003378,0.));
#4152=DIRECTION('',(-0.946930415674388,-0.321438622244947,0.));
#4153=DIRECTION('',(-0.965924140168638,0.258825337707647,0.));
#4154=DIRECTION('',(-0.65935395870003,0.751832665655463,0.));
#4155=DIRECTION('',(-0.499999998683768,0.866025404544366,0.));
#4156=DIRECTION('',(-0.321438622245846,0.946930415674083,0.));
#4157=DIRECTION('',(0.258825337708562,0.965924140168393,0.));
#4158=DIRECTION('',(0.751832665655463,0.65935395870003,0.));
#4159=DIRECTION('',(0.866025404544366,0.499999998683767,0.));
#4160=DIRECTION('',(0.86602542727469,0.499999959313689,0.));
#4161=DIRECTION('',(0.946917413152493,0.321476924006358,0.));
#4162=DIRECTION('',(0.96592414016869,-0.258825337707453,0.));
#4163=DIRECTION('',(0.65935395869842,-0.751832665656875,0.));
#4164=DIRECTION('',(0.499999998683768,-0.866025404544366,0.));
#4165=DIRECTION('',(0.499999959313687,-0.866025427274691,0.));
#4166=DIRECTION('',(0.321476924006358,-0.946917413152493,0.));
#4167=DIRECTION('',(-0.258825337707119,-0.96592414016878,0.));
#4168=DIRECTION('',(-0.751832665655371,-0.659353958700135,0.));
#4169=DIRECTION('',(-0.866025404544367,-0.499999998683766,0.));
#4170=DIRECTION('',(-0.946930415673926,-0.321438622246308,0.));
#4171=DIRECTION('center_axis',(0.,0.,1.));
#4172=DIRECTION('ref_axis',(1.,0.,0.));
#4173=DIRECTION('',(0.486881598530304,-0.873467978241089,0.));
#4174=DIRECTION('center_axis',(0.,0.,1.));
#4175=DIRECTION('ref_axis',(-0.96339560732811,0.268083762620755,0.));
#4176=DIRECTION('',(-0.8680807110755,-0.496423084735848,0.));
#4177=DIRECTION('',(0.,-1.,0.));
#4178=DIRECTION('',(-5.50923697799486E-5,-0.999999998482415,0.));
#4179=DIRECTION('',(-0.000348979214484912,-0.999999939106752,0.));
#4180=DIRECTION('',(-0.00107790012382078,-0.999999419065493,0.));
#4181=DIRECTION('',(-0.00649864424751837,-0.999978883588521,0.));
#4182=DIRECTION('center_axis',(0.,0.,1.));
#4183=DIRECTION('ref_axis',(-0.704805418449839,0.709400678124674,0.));
#4184=DIRECTION('',(0.,-1.,1.55431223447522E-15));
#4185=DIRECTION('',(1.,0.,0.));
#4186=DIRECTION('',(0.00107790012382086,0.999999419065493,0.));
#4187=DIRECTION('',(0.000348979214484934,0.999999939106752,0.));
#4188=DIRECTION('',(5.50923697813082E-5,0.999999998482415,0.));
#4189=DIRECTION('',(0.,1.,0.));
#4190=DIRECTION('',(0.868080711075499,0.496423084735849,0.));
#4191=DIRECTION('',(-0.489059285155235,0.872250546347465,0.));
#4192=DIRECTION('',(-0.866388206133301,-0.499371080733677,0.));
#4193=DIRECTION('',(-0.999999324254271,0.00116253645194131,0.));
#4194=DIRECTION('',(1.,0.,0.));
#4195=DIRECTION('',(0.,1.,-1.55431223447522E-15));
#4196=DIRECTION('center_axis',(0.,0.,-1.));
#4197=DIRECTION('ref_axis',(-0.704805418449839,0.709400678124674,0.));
#4198=DIRECTION('',(0.,0.,1.));
#4199=DIRECTION('center_axis',(0.999978883588521,-0.00649864424751364,0.));
#4200=DIRECTION('ref_axis',(-0.00649864424751364,-0.999978883588521,0.));
#4201=DIRECTION('',(0.,0.,-1.));
#4202=DIRECTION('center_axis',(0.,0.,-1.));
#4203=DIRECTION('ref_axis',(-0.96339560732811,0.268083762620755,0.));
#4204=DIRECTION('',(0.,0.,-1.));
#4205=DIRECTION('',(0.,0.,1.));
#4206=DIRECTION('center_axis',(0.873467978241089,0.486881598530304,0.));
#4207=DIRECTION('ref_axis',(0.486881598530304,-0.873467978241089,0.));
#4208=DIRECTION('center_axis',(0.707106781186551,0.,0.707106781186544));
#4209=DIRECTION('ref_axis',(0.707106781186544,0.,-0.707106781186551));
#4210=DIRECTION('',(0.,1.,0.));
#4211=DIRECTION('',(-0.577350269189622,0.577350269189629,0.577350269189627));
#4212=DIRECTION('',(0.577350269189622,0.577350269189629,-0.577350269189627));
#4213=DIRECTION('center_axis',(0.,-0.707106781186547,0.707106781186548));
#4214=DIRECTION('ref_axis',(1.,0.,0.));
#4215=DIRECTION('',(1.,0.,0.));
#4216=DIRECTION('',(0.577350269189622,0.577350269189629,0.577350269189627));
#4217=DIRECTION('center_axis',(-0.707106781186551,0.,0.707106781186544));
#4218=DIRECTION('ref_axis',(0.707106781186544,0.,0.707106781186551));
#4219=DIRECTION('',(0.,-1.,0.));
#4220=DIRECTION('',(0.577350269189622,-0.577350269189629,0.577350269189627));
#4221=DIRECTION('center_axis',(0.,0.707106781186547,0.707106781186548));
#4222=DIRECTION('ref_axis',(1.,0.,0.));
#4223=DIRECTION('',(-1.,0.,0.));
#4224=DIRECTION('center_axis',(0.,1.,0.));
#4225=DIRECTION('ref_axis',(-1.,0.,0.));
#4226=DIRECTION('',(0.,0.,1.));
#4227=DIRECTION('',(0.,0.,1.));
#4228=DIRECTION('center_axis',(-1.,0.,0.));
#4229=DIRECTION('ref_axis',(0.,-1.,0.));
#4230=DIRECTION('',(0.,0.,1.));
#4231=DIRECTION('center_axis',(1.,0.,0.));
#4232=DIRECTION('ref_axis',(0.,1.,0.));
#4233=DIRECTION('',(0.,0.,1.));
#4234=DIRECTION('center_axis',(0.,-1.,0.));
#4235=DIRECTION('ref_axis',(1.,0.,0.));
#4236=DIRECTION('center_axis',(-1.,-9.23708508896626E-46,-5.94287613780829E-31));
#4237=DIRECTION('ref_axis',(-5.94287613780829E-31,1.56038376664114E-15,
1.));
#4238=DIRECTION('',(-5.94287613780829E-31,0.,1.));
#4239=DIRECTION('',(0.,1.,-1.55431223447522E-15));
#4240=DIRECTION('',(0.,1.,-1.55431223447522E-15));
#4241=DIRECTION('center_axis',(0.,1.,-1.55431223447522E-15));
#4242=DIRECTION('ref_axis',(-1.,0.,-5.91975210614364E-31));
#4243=DIRECTION('center_axis',(0.,1.,0.));
#4244=DIRECTION('ref_axis',(-1.,0.,-5.91975210614364E-31));
#4245=DIRECTION('',(0.,1.,-1.55431223447522E-15));
#4246=DIRECTION('center_axis',(-1.72394879600181E-16,1.55431223447522E-15,
1.));
#4247=DIRECTION('ref_axis',(1.,-2.37745816818353E-15,1.72394879600184E-16));
#4248=DIRECTION('',(1.,0.,1.72394879600181E-16));
#4249=DIRECTION('',(0.,1.,-1.55431223447522E-15));
#4250=DIRECTION('center_axis',(0.,1.,-1.55431223447522E-15));
#4251=DIRECTION('ref_axis',(-1.8947806286936E-14,1.55431223447522E-15,1.));
#4252=DIRECTION('center_axis',(0.,1.,0.));
#4253=DIRECTION('ref_axis',(-1.8947806286936E-14,1.55431223447522E-15,1.));
#4254=DIRECTION('',(0.,1.,-1.55431223447522E-15));
#4255=DIRECTION('center_axis',(0.,1.,-1.55431223447522E-15));
#4256=DIRECTION('ref_axis',(1.,0.,5.91975210614364E-31));
#4257=DIRECTION('center_axis',(0.,1.,0.));
#4258=DIRECTION('ref_axis',(1.,0.,5.91975210614364E-31));
#4259=DIRECTION('',(0.,1.,-1.55431223447522E-15));
#4260=DIRECTION('center_axis',(1.,9.23708508899149E-46,5.94287613782452E-31));
#4261=DIRECTION('ref_axis',(5.94287613782452E-31,-1.56038376664541E-15,
-1.));
#4262=DIRECTION('',(5.94287613782452E-31,0.,-1.));
#4263=DIRECTION('center_axis',(0.,1.,-1.55431223447522E-15));
#4264=DIRECTION('ref_axis',(1.8947806286936E-14,-1.55431223447522E-15,-1.));
#4265=DIRECTION('center_axis',(0.,1.,0.));
#4266=DIRECTION('ref_axis',(1.8947806286936E-14,-1.55431223447522E-15,-1.));
#4267=DIRECTION('center_axis',(0.,1.,0.));
#4268=DIRECTION('ref_axis',(1.,0.,0.));
#4269=DIRECTION('center_axis',(0.,0.,1.));
#4270=DIRECTION('ref_axis',(1.,0.,0.));
#4271=DIRECTION('',(0.,0.,1.));
#4272=DIRECTION('center_axis',(-0.999999419065493,0.00107790012382086,0.));
#4273=DIRECTION('ref_axis',(0.00107790012382086,0.999999419065493,0.));
#4274=DIRECTION('',(0.,0.,-1.));
#4275=DIRECTION('center_axis',(-0.999999939106752,0.000348979214484934,
0.));
#4276=DIRECTION('ref_axis',(0.000348979214484934,0.999999939106752,0.));
#4277=DIRECTION('',(0.,0.,-1.));
#4278=DIRECTION('center_axis',(-0.999999998482415,5.50923697813082E-5,0.));
#4279=DIRECTION('ref_axis',(5.50923697813082E-5,0.999999998482415,0.));
#4280=DIRECTION('',(0.,0.,-1.));
#4281=DIRECTION('center_axis',(-1.,0.,0.));
#4282=DIRECTION('ref_axis',(0.,1.,0.));
#4283=DIRECTION('',(0.,0.,-1.));
#4284=DIRECTION('center_axis',(-0.496423084735849,0.868080711075499,0.));
#4285=DIRECTION('ref_axis',(0.868080711075499,0.496423084735849,0.));
#4286=DIRECTION('center_axis',(-0.872250546347465,-0.489059285155235,0.));
#4287=DIRECTION('ref_axis',(-0.489059285155235,0.872250546347465,0.));
#4288=DIRECTION('center_axis',(0.499371080733677,-0.866388206133301,0.));
#4289=DIRECTION('ref_axis',(-0.866388206133301,-0.499371080733677,0.));
#4290=DIRECTION('',(0.,0.,-1.));
#4291=DIRECTION('center_axis',(-0.00116253645194131,-0.999999324254271,
0.));
#4292=DIRECTION('ref_axis',(-0.999999324254271,0.00116253645194131,0.));
#4293=DIRECTION('center_axis',(0.496423084735848,-0.8680807110755,0.));
#4294=DIRECTION('ref_axis',(-0.8680807110755,-0.496423084735848,0.));
#4295=DIRECTION('',(0.,0.,-1.));
#4296=DIRECTION('center_axis',(1.,0.,0.));
#4297=DIRECTION('ref_axis',(0.,-1.,0.));
#4298=DIRECTION('',(0.,0.,-1.));
#4299=DIRECTION('center_axis',(0.999999998482415,-5.50923697799486E-5,0.));
#4300=DIRECTION('ref_axis',(-5.50923697799486E-5,-0.999999998482415,0.));
#4301=DIRECTION('',(0.,0.,-1.));
#4302=DIRECTION('center_axis',(0.999999939106752,-0.000348979214484912,
0.));
#4303=DIRECTION('ref_axis',(-0.000348979214484912,-0.999999939106752,0.));
#4304=DIRECTION('',(0.,0.,-1.));
#4305=DIRECTION('center_axis',(0.999999419065493,-0.00107790012382078,0.));
#4306=DIRECTION('ref_axis',(-0.00107790012382078,-0.999999419065493,0.));
#4307=DIRECTION('center_axis',(-0.321438622246308,0.946930415673926,0.));
#4308=DIRECTION('ref_axis',(0.946930415673926,0.321438622246308,0.));
#4309=DIRECTION('',(0.,0.,-1.));
#4310=DIRECTION('',(0.,0.,-1.));
#4311=DIRECTION('center_axis',(-0.499999998683766,0.866025404544367,0.));
#4312=DIRECTION('ref_axis',(0.866025404544367,0.499999998683766,0.));
#4313=DIRECTION('',(0.,0.,-1.));
#4314=DIRECTION('center_axis',(-0.659353958700135,0.751832665655371,0.));
#4315=DIRECTION('ref_axis',(0.751832665655371,0.659353958700135,0.));
#4316=DIRECTION('',(0.,0.,-1.));
#4317=DIRECTION('center_axis',(-0.96592414016878,0.258825337707119,0.));
#4318=DIRECTION('ref_axis',(0.258825337707119,0.96592414016878,0.));
#4319=DIRECTION('',(0.,0.,-1.));
#4320=DIRECTION('center_axis',(-0.946917413152494,-0.321476924006359,0.));
#4321=DIRECTION('ref_axis',(-0.321476924006359,0.946917413152494,0.));
#4322=DIRECTION('',(0.,0.,-1.));
#4323=DIRECTION('center_axis',(-0.866025427274691,-0.499999959313687,0.));
#4324=DIRECTION('ref_axis',(-0.499999959313687,0.866025427274691,0.));
#4325=DIRECTION('',(0.,0.,-1.));
#4326=DIRECTION('center_axis',(-0.866025404544366,-0.499999998683768,0.));
#4327=DIRECTION('ref_axis',(-0.499999998683768,0.866025404544366,0.));
#4328=DIRECTION('',(0.,0.,-1.));
#4329=DIRECTION('center_axis',(-0.751832665656875,-0.65935395869842,0.));
#4330=DIRECTION('ref_axis',(-0.65935395869842,0.751832665656875,0.));
#4331=DIRECTION('',(0.,0.,-1.));
#4332=DIRECTION('center_axis',(-0.258825337707454,-0.96592414016869,0.));
#4333=DIRECTION('ref_axis',(-0.96592414016869,0.258825337707454,0.));
#4334=DIRECTION('',(0.,0.,-1.));
#4335=DIRECTION('center_axis',(0.321476924006359,-0.946917413152494,0.));
#4336=DIRECTION('ref_axis',(-0.946917413152494,-0.321476924006359,0.));
#4337=DIRECTION('',(0.,0.,-1.));
#4338=DIRECTION('center_axis',(0.499999959313689,-0.86602542727469,0.));
#4339=DIRECTION('ref_axis',(-0.86602542727469,-0.499999959313689,0.));
#4340=DIRECTION('',(0.,0.,-1.));
#4341=DIRECTION('center_axis',(0.499999998683767,-0.866025404544366,0.));
#4342=DIRECTION('ref_axis',(-0.866025404544366,-0.499999998683767,0.));
#4343=DIRECTION('',(0.,0.,-1.));
#4344=DIRECTION('center_axis',(0.65935395870003,-0.751832665655463,0.));
#4345=DIRECTION('ref_axis',(-0.751832665655463,-0.65935395870003,0.));
#4346=DIRECTION('',(0.,0.,-1.));
#4347=DIRECTION('center_axis',(0.965924140168393,-0.258825337708562,0.));
#4348=DIRECTION('ref_axis',(-0.258825337708562,-0.965924140168393,0.));
#4349=DIRECTION('',(0.,0.,-1.));
#4350=DIRECTION('center_axis',(0.946930415674083,0.321438622245846,0.));
#4351=DIRECTION('ref_axis',(0.321438622245846,-0.946930415674083,0.));
#4352=DIRECTION('',(0.,0.,-1.));
#4353=DIRECTION('center_axis',(0.866025404544366,0.499999998683768,0.));
#4354=DIRECTION('ref_axis',(0.499999998683768,-0.866025404544366,0.));
#4355=DIRECTION('',(0.,0.,-1.));
#4356=DIRECTION('center_axis',(0.751832665655463,0.65935395870003,0.));
#4357=DIRECTION('ref_axis',(0.65935395870003,-0.751832665655463,0.));
#4358=DIRECTION('',(0.,0.,-1.));
#4359=DIRECTION('center_axis',(0.258825337707647,0.965924140168638,0.));
#4360=DIRECTION('ref_axis',(0.965924140168638,-0.258825337707647,0.));
#4361=DIRECTION('',(0.,0.,-1.));
#4362=DIRECTION('center_axis',(-0.321438622244948,0.946930415674388,0.));
#4363=DIRECTION('ref_axis',(0.946930415674388,0.321438622244947,0.));
#4364=DIRECTION('',(0.,0.,-1.));
#4365=DIRECTION('center_axis',(-0.49999997003378,0.866025421085443,0.));
#4366=DIRECTION('ref_axis',(0.866025421085443,0.49999997003378,0.));
#4367=DIRECTION('',(0.,0.,-1.));
#4368=DIRECTION('center_axis',(0.866025385118475,0.500000032330395,0.));
#4369=DIRECTION('ref_axis',(0.500000032330395,-0.866025385118475,0.));
#4370=DIRECTION('',(0.,0.,-1.));
#4371=DIRECTION('center_axis',(0.751832665656123,0.659353958699277,0.));
#4372=DIRECTION('ref_axis',(0.659353958699277,-0.751832665656123,0.));
#4373=DIRECTION('',(0.,0.,-1.));
#4374=DIRECTION('center_axis',(0.258825337707647,0.965924140168638,0.));
#4375=DIRECTION('ref_axis',(0.965924140168638,-0.258825337707647,0.));
#4376=DIRECTION('center_axis',(-0.19508100011844,0.980787134597915,0.));
#4377=DIRECTION('ref_axis',(0.980787134597915,0.19508100011844,0.));
#4378=DIRECTION('',(0.,0.,-1.));
#4379=DIRECTION('',(0.,0.,-1.));
#4380=DIRECTION('center_axis',(-0.707106781186548,0.707106781186548,0.));
#4381=DIRECTION('ref_axis',(0.707106781186548,0.707106781186548,0.));
#4382=DIRECTION('',(0.,0.,-1.));
#4383=DIRECTION('center_axis',(-0.980787134598206,0.19508100011698,0.));
#4384=DIRECTION('ref_axis',(0.19508100011698,0.980787134598206,0.));
#4385=DIRECTION('',(0.,0.,-1.));
#4386=DIRECTION('center_axis',(-1.,0.,0.));
#4387=DIRECTION('ref_axis',(0.,1.,0.));
#4388=DIRECTION('',(0.,0.,-1.));
#4389=DIRECTION('center_axis',(0.,1.,0.));
#4390=DIRECTION('ref_axis',(1.,0.,0.));
#4391=DIRECTION('',(0.,0.,-1.));
#4392=DIRECTION('center_axis',(-0.19508100011742,0.980787134598118,0.));
#4393=DIRECTION('ref_axis',(0.980787134598118,0.19508100011742,0.));
#4394=DIRECTION('',(0.,0.,-1.));
#4395=DIRECTION('center_axis',(-0.707106781186934,0.707106781186161,0.));
#4396=DIRECTION('ref_axis',(0.707106781186161,0.707106781186934,0.));
#4397=DIRECTION('',(0.,0.,-1.));
#4398=DIRECTION('center_axis',(-0.980787134597944,0.195081000118295,0.));
#4399=DIRECTION('ref_axis',(0.195081000118295,0.980787134597944,0.));
#4400=DIRECTION('',(0.,0.,-1.));
#4401=DIRECTION('center_axis',(-1.,0.,0.));
#4402=DIRECTION('ref_axis',(0.,1.,0.));
#4403=DIRECTION('',(0.,0.,-1.));
#4404=DIRECTION('center_axis',(0.,1.,0.));
#4405=DIRECTION('ref_axis',(1.,0.,0.));
#4406=DIRECTION('',(0.,0.,-1.));
#4407=DIRECTION('center_axis',(-0.19508100011844,0.980787134597915,0.));
#4408=DIRECTION('ref_axis',(0.980787134597915,0.19508100011844,0.));
#4409=DIRECTION('',(0.,0.,-1.));
#4410=DIRECTION('center_axis',(-0.707106781186161,0.707106781186934,0.));
#4411=DIRECTION('ref_axis',(0.707106781186934,0.707106781186161,0.));
#4412=DIRECTION('',(0.,0.,-1.));
#4413=DIRECTION('center_axis',(-0.980787134597973,0.19508100011815,0.));
#4414=DIRECTION('ref_axis',(0.19508100011815,0.980787134597973,0.));
#4415=DIRECTION('',(0.,0.,-1.));
#4416=DIRECTION('center_axis',(-1.,0.,0.));
#4417=DIRECTION('ref_axis',(0.,1.,0.));
#4418=DIRECTION('',(0.,0.,-1.));
#4419=DIRECTION('center_axis',(-0.980787134597915,-0.19508100011844,0.));
#4420=DIRECTION('ref_axis',(-0.19508100011844,0.980787134597915,0.));
#4421=DIRECTION('',(0.,0.,-1.));
#4422=DIRECTION('center_axis',(-0.707106781186548,-0.707106781186548,0.));
#4423=DIRECTION('ref_axis',(-0.707106781186548,0.707106781186548,0.));
#4424=DIRECTION('',(0.,0.,-1.));
#4425=DIRECTION('center_axis',(-0.19508100011844,-0.980787134597915,0.));
#4426=DIRECTION('ref_axis',(-0.980787134597915,0.19508100011844,0.));
#4427=DIRECTION('',(0.,0.,-1.));
#4428=DIRECTION('center_axis',(0.,-1.,0.));
#4429=DIRECTION('ref_axis',(-1.,0.,0.));
#4430=DIRECTION('',(0.,0.,-1.));
#4431=DIRECTION('center_axis',(-1.,0.,0.));
#4432=DIRECTION('ref_axis',(0.,1.,0.));
#4433=DIRECTION('',(0.,0.,-1.));
#4434=DIRECTION('center_axis',(-0.980787134597915,-0.19508100011844,0.));
#4435=DIRECTION('ref_axis',(-0.19508100011844,0.980787134597915,0.));
#4436=DIRECTION('',(0.,0.,-1.));
#4437=DIRECTION('center_axis',(-0.707106781186934,-0.707106781186161,0.));
#4438=DIRECTION('ref_axis',(-0.707106781186161,0.707106781186934,0.));
#4439=DIRECTION('',(0.,0.,-1.));
#4440=DIRECTION('center_axis',(-0.19508100011815,-0.980787134597973,0.));
#4441=DIRECTION('ref_axis',(-0.980787134597973,0.19508100011815,0.));
#4442=DIRECTION('',(0.,0.,-1.));
#4443=DIRECTION('center_axis',(0.,-1.,0.));
#4444=DIRECTION('ref_axis',(-1.,0.,0.));
#4445=DIRECTION('',(0.,0.,-1.));
#4446=DIRECTION('center_axis',(0.19508100011815,-0.980787134597973,0.));
#4447=DIRECTION('ref_axis',(-0.980787134597973,-0.19508100011815,0.));
#4448=DIRECTION('',(0.,0.,-1.));
#4449=DIRECTION('center_axis',(0.707106781186548,-0.707106781186548,0.));
#4450=DIRECTION('ref_axis',(-0.707106781186548,-0.707106781186548,0.));
#4451=DIRECTION('',(0.,0.,-1.));
#4452=DIRECTION('center_axis',(0.980787134598206,-0.19508100011698,0.));
#4453=DIRECTION('ref_axis',(-0.19508100011698,-0.980787134598206,0.));
#4454=DIRECTION('',(0.,0.,-1.));
#4455=DIRECTION('center_axis',(1.,0.,0.));
#4456=DIRECTION('ref_axis',(0.,-1.,0.));
#4457=DIRECTION('',(0.,0.,-1.));
#4458=DIRECTION('center_axis',(0.,-1.,0.));
#4459=DIRECTION('ref_axis',(-1.,0.,0.));
#4460=DIRECTION('',(0.,0.,-1.));
#4461=DIRECTION('center_axis',(-1.,0.,0.));
#4462=DIRECTION('ref_axis',(0.,1.,0.));
#4463=DIRECTION('',(0.,0.,-1.));
#4464=DIRECTION('center_axis',(-0.980787134597915,-0.19508100011844,0.));
#4465=DIRECTION('ref_axis',(-0.19508100011844,0.980787134597915,0.));
#4466=DIRECTION('',(0.,0.,-1.));
#4467=DIRECTION('center_axis',(-0.707106781186548,-0.707106781186548,0.));
#4468=DIRECTION('ref_axis',(-0.707106781186548,0.707106781186548,0.));
#4469=DIRECTION('',(0.,0.,-1.));
#4470=DIRECTION('center_axis',(-0.19508100011844,-0.980787134597915,0.));
#4471=DIRECTION('ref_axis',(-0.980787134597915,0.19508100011844,0.));
#4472=DIRECTION('',(0.,0.,-1.));
#4473=DIRECTION('center_axis',(0.,-1.,0.));
#4474=DIRECTION('ref_axis',(-1.,0.,0.));
#4475=DIRECTION('',(0.,0.,-1.));
#4476=DIRECTION('center_axis',(-1.,0.,0.));
#4477=DIRECTION('ref_axis',(0.,1.,0.));
#4478=DIRECTION('',(0.,0.,-1.));
#4479=DIRECTION('center_axis',(-0.980787134597973,-0.19508100011815,0.));
#4480=DIRECTION('ref_axis',(-0.19508100011815,0.980787134597973,0.));
#4481=DIRECTION('',(0.,0.,-1.));
#4482=DIRECTION('center_axis',(-0.707106781186741,-0.707106781186354,0.));
#4483=DIRECTION('ref_axis',(-0.707106781186354,0.707106781186741,0.));
#4484=DIRECTION('',(0.,0.,-1.));
#4485=DIRECTION('center_axis',(-0.195081000116835,-0.980787134598235,0.));
#4486=DIRECTION('ref_axis',(-0.980787134598235,0.195081000116835,0.));
#4487=DIRECTION('',(0.,0.,-1.));
#4488=DIRECTION('center_axis',(0.,-1.,0.));
#4489=DIRECTION('ref_axis',(-1.,0.,0.));
#4490=DIRECTION('',(0.,0.,-1.));
#4491=DIRECTION('center_axis',(0.195081000116835,-0.980787134598235,0.));
#4492=DIRECTION('ref_axis',(-0.980787134598235,-0.195081000116835,0.));
#4493=DIRECTION('',(0.,0.,-1.));
#4494=DIRECTION('center_axis',(0.707106781186741,-0.707106781186354,0.));
#4495=DIRECTION('ref_axis',(-0.707106781186354,-0.707106781186741,0.));
#4496=DIRECTION('',(0.,0.,-1.));
#4497=DIRECTION('center_axis',(0.980787134597973,-0.19508100011815,0.));
#4498=DIRECTION('ref_axis',(-0.19508100011815,-0.980787134597973,0.));
#4499=DIRECTION('',(0.,0.,-1.));
#4500=DIRECTION('center_axis',(1.,-9.35416977040681E-16,0.));
#4501=DIRECTION('ref_axis',(-9.35416977040681E-16,-1.,0.));
#4502=DIRECTION('',(0.,0.,-1.));
#4503=DIRECTION('center_axis',(0.,-1.,0.));
#4504=DIRECTION('ref_axis',(-1.,0.,0.));
#4505=DIRECTION('',(0.,0.,-1.));
#4506=DIRECTION('center_axis',(0.195081000118295,-0.980787134597944,0.));
#4507=DIRECTION('ref_axis',(-0.980787134597944,-0.195081000118295,0.));
#4508=DIRECTION('',(0.,0.,-1.));
#4509=DIRECTION('center_axis',(0.707106781186741,-0.707106781186354,0.));
#4510=DIRECTION('ref_axis',(-0.707106781186354,-0.707106781186741,0.));
#4511=DIRECTION('',(0.,0.,-1.));
#4512=DIRECTION('center_axis',(0.980787134597915,-0.19508100011844,0.));
#4513=DIRECTION('ref_axis',(-0.19508100011844,-0.980787134597915,0.));
#4514=DIRECTION('',(0.,0.,-1.));
#4515=DIRECTION('center_axis',(1.,0.,0.));
#4516=DIRECTION('ref_axis',(0.,-1.,0.));
#4517=DIRECTION('',(0.,0.,-1.));
#4518=DIRECTION('center_axis',(0.980787134597973,0.19508100011815,0.));
#4519=DIRECTION('ref_axis',(0.19508100011815,-0.980787134597973,0.));
#4520=DIRECTION('',(0.,0.,-1.));
#4521=DIRECTION('center_axis',(0.707106781186354,0.707106781186741,0.));
#4522=DIRECTION('ref_axis',(0.707106781186741,-0.707106781186354,0.));
#4523=DIRECTION('',(0.,0.,-1.));
#4524=DIRECTION('center_axis',(0.195081000118295,0.980787134597944,0.));
#4525=DIRECTION('ref_axis',(0.980787134597944,-0.195081000118295,0.));
#4526=DIRECTION('',(0.,0.,-1.));
#4527=DIRECTION('center_axis',(0.,1.,0.));
#4528=DIRECTION('ref_axis',(1.,0.,0.));
#4529=DIRECTION('',(0.,0.,-1.));
#4530=DIRECTION('center_axis',(1.,0.,0.));
#4531=DIRECTION('ref_axis',(0.,-1.,0.));
#4532=DIRECTION('',(0.,0.,-1.));
#4533=DIRECTION('center_axis',(0.980787134597944,0.195081000118295,0.));
#4534=DIRECTION('ref_axis',(0.195081000118295,-0.980787134597944,0.));
#4535=DIRECTION('',(0.,0.,-1.));
#4536=DIRECTION('center_axis',(0.707106781186741,0.707106781186354,0.));
#4537=DIRECTION('ref_axis',(0.707106781186354,-0.707106781186741,0.));
#4538=DIRECTION('',(0.,0.,-1.));
#4539=DIRECTION('center_axis',(0.195081000117565,0.980787134598089,0.));
#4540=DIRECTION('ref_axis',(0.980787134598089,-0.195081000117565,0.));
#4541=DIRECTION('',(0.,0.,-1.));
#4542=DIRECTION('center_axis',(0.,1.,0.));
#4543=DIRECTION('ref_axis',(1.,0.,0.));
#4544=DIRECTION('',(0.,0.,-1.));
#4545=DIRECTION('center_axis',(1.,0.,0.));
#4546=DIRECTION('ref_axis',(0.,-1.,0.));
#4547=DIRECTION('',(0.,0.,-1.));
#4548=DIRECTION('center_axis',(0.980787134598206,0.19508100011698,0.));
#4549=DIRECTION('ref_axis',(0.19508100011698,-0.980787134598206,0.));
#4550=DIRECTION('',(0.,0.,-1.));
#4551=DIRECTION('center_axis',(0.707106781186548,0.707106781186548,0.));
#4552=DIRECTION('ref_axis',(0.707106781186548,-0.707106781186548,0.));
#4553=DIRECTION('',(0.,0.,-1.));
#4554=DIRECTION('center_axis',(0.19508100011815,0.980787134597973,0.));
#4555=DIRECTION('ref_axis',(0.980787134597973,-0.19508100011815,0.));
#4556=DIRECTION('',(0.,0.,-1.));
#4557=DIRECTION('center_axis',(0.,1.,0.));
#4558=DIRECTION('ref_axis',(1.,0.,0.));
#4559=CARTESIAN_POINT('',(0.,0.,0.));
#4560=CARTESIAN_POINT('Origin',(560.00000834465,-124.000001847744,9.01));
#4561=CARTESIAN_POINT('',(558.00000834465,-124.000001847744,1.71));
#4562=CARTESIAN_POINT('Origin',(560.00000834465,-124.000001847744,1.71));
#4563=CARTESIAN_POINT('',(558.00000834465,-124.000001847744,9.01));
#4564=CARTESIAN_POINT('',(558.00000834465,-124.000001847744,9.01));
#4565=CARTESIAN_POINT('Origin',(560.00000834465,-124.000001847744,9.01));
#4566=CARTESIAN_POINT('Origin',(560.00000834465,-124.000001847744,1.71));
#4567=CARTESIAN_POINT('Origin',(380.717771987117,-219.521453434935,9.01));
#4568=CARTESIAN_POINT('',(378.717771987117,-219.521453434935,1.71));
#4569=CARTESIAN_POINT('Origin',(380.717771987117,-219.521453434935,1.71));
#4570=CARTESIAN_POINT('',(378.717771987117,-219.521453434935,9.01));
#4571=CARTESIAN_POINT('',(378.717771987117,-219.521453434935,9.01));
#4572=CARTESIAN_POINT('Origin',(380.717771987117,-219.521453434935,9.01));
#4573=CARTESIAN_POINT('Origin',(380.717771987117,-219.521453434935,1.71));
#4574=CARTESIAN_POINT('Origin',(426.000006347895,-278.000004142523,9.01));
#4575=CARTESIAN_POINT('',(424.000006347895,-278.000004142523,1.71));
#4576=CARTESIAN_POINT('Origin',(426.000006347895,-278.000004142523,1.71));
#4577=CARTESIAN_POINT('',(424.000006347895,-278.000004142523,9.01));
#4578=CARTESIAN_POINT('',(424.000006347895,-278.000004142523,9.01));
#4579=CARTESIAN_POINT('Origin',(426.000006347895,-278.000004142523,9.01));
#4580=CARTESIAN_POINT('Origin',(426.000006347895,-278.000004142523,1.71));
#4581=CARTESIAN_POINT('Origin',(557.831366000014,-237.393032225332,9.01));
#4582=CARTESIAN_POINT('',(555.831366000014,-237.393032225332,1.71));
#4583=CARTESIAN_POINT('Origin',(557.831366000014,-237.393032225332,1.71));
#4584=CARTESIAN_POINT('',(555.831366000014,-237.393032225332,9.01));
#4585=CARTESIAN_POINT('',(555.831366000014,-237.393032225332,9.01));
#4586=CARTESIAN_POINT('Origin',(557.831366000014,-237.393032225332,9.01));
#4587=CARTESIAN_POINT('Origin',(557.831366000014,-237.393032225332,1.71));
#4588=CARTESIAN_POINT('Origin',(393.000005856156,-140.000002086163,9.01));
#4589=CARTESIAN_POINT('',(391.000005856156,-140.000002086163,1.71));
#4590=CARTESIAN_POINT('Origin',(393.000005856156,-140.000002086163,1.71));
#4591=CARTESIAN_POINT('',(391.000005856156,-140.000002086163,9.01));
#4592=CARTESIAN_POINT('',(391.000005856156,-140.000002086163,9.01));
#4593=CARTESIAN_POINT('Origin',(393.000005856156,-140.000002086163,9.01));
#4594=CARTESIAN_POINT('Origin',(393.000005856156,-140.000002086163,1.71));
#4595=CARTESIAN_POINT('Origin',(449.000006690621,-226.000003367662,9.01));
#4596=CARTESIAN_POINT('',(447.000006690621,-226.000003367662,1.71));
#4597=CARTESIAN_POINT('Origin',(449.000006690621,-226.000003367662,1.71));
#4598=CARTESIAN_POINT('',(447.000006690621,-226.000003367662,9.01));
#4599=CARTESIAN_POINT('',(447.000006690621,-226.000003367662,9.01));
#4600=CARTESIAN_POINT('Origin',(449.000006690621,-226.000003367662,9.01));
#4601=CARTESIAN_POINT('Origin',(449.000006690621,-226.000003367662,1.71));
#4602=CARTESIAN_POINT('Origin',(448.34125,-220.13,1.51));
#4603=CARTESIAN_POINT('',(450.44125,-220.13,9.01));
#4604=CARTESIAN_POINT('Origin',(448.34125,-220.13,9.01));
#4605=CARTESIAN_POINT('',(450.44125,-220.13,12.01));
#4606=CARTESIAN_POINT('',(450.44125,-220.13,1.51));
#4607=CARTESIAN_POINT('Origin',(448.34125,-220.13,12.01));
#4608=CARTESIAN_POINT('Origin',(448.34125,-220.13,12.01));
#4609=CARTESIAN_POINT('Origin',(418.08,-116.79,1.51));
#4610=CARTESIAN_POINT('',(420.18,-116.79,9.01));
#4611=CARTESIAN_POINT('Origin',(418.08,-116.79,9.01));
#4612=CARTESIAN_POINT('',(420.18,-116.79,12.01));
#4613=CARTESIAN_POINT('',(420.18,-116.79,1.51));
#4614=CARTESIAN_POINT('Origin',(418.08,-116.79,12.01));
#4615=CARTESIAN_POINT('Origin',(418.08,-116.79,12.01));
#4616=CARTESIAN_POINT('Origin',(409.7,-282.54,1.51));
#4617=CARTESIAN_POINT('',(411.8,-282.54,9.01));
#4618=CARTESIAN_POINT('Origin',(409.7,-282.54,9.01));
#4619=CARTESIAN_POINT('',(411.8,-282.54,12.01));
#4620=CARTESIAN_POINT('',(411.8,-282.54,1.51));
#4621=CARTESIAN_POINT('Origin',(409.7,-282.54,12.01));
#4622=CARTESIAN_POINT('Origin',(409.7,-282.54,12.01));
#4623=CARTESIAN_POINT('Origin',(558.57375,-231.09,1.51));
#4624=CARTESIAN_POINT('',(560.67375,-231.09,9.01));
#4625=CARTESIAN_POINT('Origin',(558.57375,-231.09,9.01));
#4626=CARTESIAN_POINT('',(560.67375,-231.09,12.01));
#4627=CARTESIAN_POINT('',(560.67375,-231.09,1.51));
#4628=CARTESIAN_POINT('Origin',(558.57375,-231.09,12.01));
#4629=CARTESIAN_POINT('Origin',(558.57375,-231.09,12.01));
#4630=CARTESIAN_POINT('Origin',(558.57375,-116.79,1.51));
#4631=CARTESIAN_POINT('',(560.67375,-116.79,9.01));
#4632=CARTESIAN_POINT('Origin',(558.57375,-116.79,9.01));
#4633=CARTESIAN_POINT('',(560.67375,-116.79,12.01));
#4634=CARTESIAN_POINT('',(560.67375,-116.79,1.51));
#4635=CARTESIAN_POINT('Origin',(558.57375,-116.79,12.01));
#4636=CARTESIAN_POINT('Origin',(558.57375,-116.79,12.01));
#4637=CARTESIAN_POINT('Origin',(375.8925,-225.47125,1.51));
#4638=CARTESIAN_POINT('',(377.9925,-225.47125,9.01));
#4639=CARTESIAN_POINT('Origin',(375.8925,-225.47125,9.01));
#4640=CARTESIAN_POINT('',(377.9925,-225.47125,12.01));
#4641=CARTESIAN_POINT('',(377.9925,-225.47125,1.51));
#4642=CARTESIAN_POINT('Origin',(375.8925,-225.47125,12.01));
#4643=CARTESIAN_POINT('Origin',(375.8925,-225.47125,12.01));
#4644=CARTESIAN_POINT('Origin',(382.774898628628,-108.87125,9.01));
#4645=CARTESIAN_POINT('',(379.774961977863,-108.851754067257,9.01));
#4646=CARTESIAN_POINT('',(382.774898628628,-105.87125,9.01));
#4647=CARTESIAN_POINT('Origin',(382.774898628628,-108.87125,9.01));
#4648=CARTESIAN_POINT('',(379.774961977863,-108.851754067257,4.01));
#4649=CARTESIAN_POINT('',(379.774961977863,-108.851754067257,9.01));
#4650=CARTESIAN_POINT('',(382.774898628628,-105.87125,4.01));
#4651=CARTESIAN_POINT('Origin',(382.774898628628,-108.87125,4.01));
#4652=CARTESIAN_POINT('',(382.774898628628,-105.87125,9.01));
#4653=CARTESIAN_POINT('Origin',(379.759729806343,-111.195604459942,9.01));
#4654=CARTESIAN_POINT('',(379.759729806343,-111.195604459942,9.01));
#4655=CARTESIAN_POINT('',(379.468294880841,-156.040153621564,9.01));
#4656=CARTESIAN_POINT('',(379.759729806343,-111.195604459942,4.01));
#4657=CARTESIAN_POINT('',(379.759729806343,-111.195604459942,9.01));
#4658=CARTESIAN_POINT('',(379.794331622492,-105.87125,4.01));
#4659=CARTESIAN_POINT('Origin',(566.1625,-108.87125,9.01));
#4660=CARTESIAN_POINT('',(566.1625,-105.87125,9.01));
#4661=CARTESIAN_POINT('',(569.1625,-108.87125,9.01));
#4662=CARTESIAN_POINT('Origin',(566.1625,-108.87125,9.01));
#4663=CARTESIAN_POINT('',(566.1625,-105.87125,4.01));
#4664=CARTESIAN_POINT('',(566.1625,-105.87125,9.01));
#4665=CARTESIAN_POINT('',(569.1625,-108.87125,4.01));
#4666=CARTESIAN_POINT('Origin',(566.1625,-108.87125,4.01));
#4667=CARTESIAN_POINT('',(569.1625,-108.87125,9.01));
#4668=CARTESIAN_POINT('Origin',(466.161217259018,-201.449995113347,9.01));
#4669=CARTESIAN_POINT('',(422.977774440755,-105.87125,9.01));
#4670=CARTESIAN_POINT('',(569.1625,-242.702675389863,9.01));
#4671=CARTESIAN_POINT('',(569.1625,-153.660622556673,9.01));
#4672=CARTESIAN_POINT('',(566.159012390644,-245.702673362625,9.01));
#4673=CARTESIAN_POINT('Origin',(566.1625,-242.702675389863,9.01));
#4674=CARTESIAN_POINT('',(496.46270809301,-245.621648813562,9.01));
#4675=CARTESIAN_POINT('',(517.636203544171,-245.646263790472,9.01));
#4676=CARTESIAN_POINT('',(407.461204378025,-296.92056629933,9.01));
#4677=CARTESIAN_POINT('',(494.645542072897,-246.669031676016,9.01));
#4678=CARTESIAN_POINT('',(403.3637239621,-295.819163443082,9.01));
#4679=CARTESIAN_POINT('Origin',(405.963091135824,-294.32140168093,9.01));
#4680=CARTESIAN_POINT('',(397.485707611227,-285.617859647537,9.01));
#4681=CARTESIAN_POINT('',(391.527809993222,-275.277921825657,9.01));
#4682=CARTESIAN_POINT('',(392.145969037959,-276.094290564482,9.01));
#4683=CARTESIAN_POINT('',(387.746319318645,-268.247395539902,9.01));
#4684=CARTESIAN_POINT('',(363.255495659599,-224.264639478062,9.01));
#4685=CARTESIAN_POINT('',(385.046568433729,-263.357931024054,9.01));
#4686=CARTESIAN_POINT('',(364.386630340115,-220.199752549245,9.01));
#4687=CARTESIAN_POINT('Origin',(365.875899594322,-222.803994682471,9.01));
#4688=CARTESIAN_POINT('',(379.73,-211.42544988404,9.01));
#4689=CARTESIAN_POINT('',(405.485504262066,-196.696834547268,9.01));
#4690=CARTESIAN_POINT('',(379.73,-184.519895325404,9.01));
#4691=CARTESIAN_POINT('',(379.73,-206.437722498693,9.01));
#4692=CARTESIAN_POINT('',(379.730523414043,-175.01923226396,9.01));
#4693=CARTESIAN_POINT('',(379.729533771508,-192.982564343395,9.01));
#4694=CARTESIAN_POINT('',(379.74947715452,-120.707288928872,9.01));
#4695=CARTESIAN_POINT('',(379.725916783941,-188.219530822294,9.01));
#4696=CARTESIAN_POINT('',(379.70601109285,-161.032023529275,9.01));
#4697=CARTESIAN_POINT('',(518.130024609854,-117.020005558152,9.01));
#4698=CARTESIAN_POINT('',(518.130024609854,-128.620006109122,9.01));
#4699=CARTESIAN_POINT('',(518.130024609854,-159.235000335749,9.01));
#4700=CARTESIAN_POINT('',(548.130026034778,-128.620006109122,9.01));
#4701=CARTESIAN_POINT('',(492.145620934436,-128.620006109122,9.01));
#4702=CARTESIAN_POINT('',(548.130026034778,-117.020005558152,9.01));
#4703=CARTESIAN_POINT('',(548.130026034778,-165.035000611234,9.01));
#4704=CARTESIAN_POINT('',(507.145621646898,-117.020005558152,9.01));
#4705=CARTESIAN_POINT('',(396.7815,-200.134,9.01));
#4706=CARTESIAN_POINT('Origin',(401.0315,-200.134,9.01));
#4707=CARTESIAN_POINT('',(475.10025,-128.6365,9.01));
#4708=CARTESIAN_POINT('',(494.15025,-128.6365,9.01));
#4709=CARTESIAN_POINT('',(494.15025,-128.6365,9.01));
#4710=CARTESIAN_POINT('',(475.077289,-128.641067,9.01));
#4711=CARTESIAN_POINT('',(475.10025,-128.6365,9.01));
#4712=CARTESIAN_POINT('',(475.044817,-128.673539,9.01));
#4713=CARTESIAN_POINT('',(475.077289,-128.641067,9.01));
#4714=CARTESIAN_POINT('',(475.04025,-128.6965,9.01));
#4715=CARTESIAN_POINT('',(475.044817,-128.673539,9.01));
#4716=CARTESIAN_POINT('',(475.04025,-133.399,9.01));
#4717=CARTESIAN_POINT('',(475.04025,-128.6965,9.01));
#4718=CARTESIAN_POINT('',(456.05025,-133.399,9.01));
#4719=CARTESIAN_POINT('',(475.04025,-133.399,9.01));
#4720=CARTESIAN_POINT('',(456.027289,-133.403567,9.01));
#4721=CARTESIAN_POINT('',(456.05025,-133.399,9.01));
#4722=CARTESIAN_POINT('',(455.994817,-133.436039,9.01));
#4723=CARTESIAN_POINT('',(456.027289,-133.403567,9.01));
#4724=CARTESIAN_POINT('',(455.99025,-133.459,9.01));
#4725=CARTESIAN_POINT('',(455.994817,-133.436039,9.01));
#4726=CARTESIAN_POINT('',(455.99025,-138.1615,9.01));
#4727=CARTESIAN_POINT('',(455.99025,-133.459,9.01));
#4728=CARTESIAN_POINT('',(417.95025,-138.1615,9.01));
#4729=CARTESIAN_POINT('',(437.00025,-138.1615,9.01));
#4730=CARTESIAN_POINT('',(417.927289,-138.166067,9.01));
#4731=CARTESIAN_POINT('',(417.95025,-138.1615,9.01));
#4732=CARTESIAN_POINT('',(417.894817,-138.198539,9.01));
#4733=CARTESIAN_POINT('',(417.927289,-138.166067,9.01));
#4734=CARTESIAN_POINT('',(417.89025,-138.2215,9.01));
#4735=CARTESIAN_POINT('',(417.894817,-138.198539,9.01));
#4736=CARTESIAN_POINT('',(417.89025,-214.4215,9.01));
#4737=CARTESIAN_POINT('',(417.89025,-185.8465,9.01));
#4738=CARTESIAN_POINT('',(417.894817,-214.444461,9.01));
#4739=CARTESIAN_POINT('',(417.89025,-214.4215,9.01));
#4740=CARTESIAN_POINT('',(417.927289,-214.476933,9.01));
#4741=CARTESIAN_POINT('',(417.894817,-214.444461,9.01));
#4742=CARTESIAN_POINT('',(417.95025,-214.4815,9.01));
#4743=CARTESIAN_POINT('',(417.927289,-214.476933,9.01));
#4744=CARTESIAN_POINT('',(455.99025,-214.4815,9.01));
#4745=CARTESIAN_POINT('',(437.00025,-214.4815,9.01));
#4746=CARTESIAN_POINT('',(455.99025,-228.709,9.01));
#4747=CARTESIAN_POINT('',(455.99025,-214.4815,9.01));
#4748=CARTESIAN_POINT('',(455.994817,-228.731961,9.01));
#4749=CARTESIAN_POINT('',(455.99025,-228.709,9.01));
#4750=CARTESIAN_POINT('',(456.027289,-228.764433,9.01));
#4751=CARTESIAN_POINT('',(455.994817,-228.731961,9.01));
#4752=CARTESIAN_POINT('',(456.05025,-228.769,9.01));
#4753=CARTESIAN_POINT('',(456.027289,-228.764433,9.01));
#4754=CARTESIAN_POINT('',(475.10025,-228.769,9.01));
#4755=CARTESIAN_POINT('',(456.05025,-228.769,9.01));
#4756=CARTESIAN_POINT('',(475.123211,-228.764433,9.01));
#4757=CARTESIAN_POINT('',(475.10025,-228.769,9.01));
#4758=CARTESIAN_POINT('',(475.155683,-228.731961,9.01));
#4759=CARTESIAN_POINT('',(475.123211,-228.764433,9.01));
#4760=CARTESIAN_POINT('',(475.16025,-228.709,9.01));
#4761=CARTESIAN_POINT('',(475.155683,-228.731961,9.01));
#4762=CARTESIAN_POINT('',(475.16025,-224.0065,9.01));
#4763=CARTESIAN_POINT('',(475.16025,-228.709,9.01));
#4764=CARTESIAN_POINT('',(494.09025,-224.0065,9.01));
#4765=CARTESIAN_POINT('',(475.16025,-224.0065,9.01));
#4766=CARTESIAN_POINT('',(494.09025,-228.709,9.01));
#4767=CARTESIAN_POINT('',(494.09025,-224.0065,9.01));
#4768=CARTESIAN_POINT('',(494.094817,-228.731961,9.01));
#4769=CARTESIAN_POINT('',(494.09025,-228.709,9.01));
#4770=CARTESIAN_POINT('',(494.127289,-228.764433,9.01));
#4771=CARTESIAN_POINT('',(494.094817,-228.731961,9.01));
#4772=CARTESIAN_POINT('',(494.15025,-228.769,9.01));
#4773=CARTESIAN_POINT('',(494.127289,-228.764433,9.01));
#4774=CARTESIAN_POINT('',(513.14025,-228.769,9.01));
#4775=CARTESIAN_POINT('',(494.15025,-228.769,9.01));
#4776=CARTESIAN_POINT('',(513.14025,-233.4715,9.01));
#4777=CARTESIAN_POINT('',(513.14025,-228.769,9.01));
#4778=CARTESIAN_POINT('',(513.144817,-233.494461,9.01));
#4779=CARTESIAN_POINT('',(513.14025,-233.4715,9.01));
#4780=CARTESIAN_POINT('',(513.177289,-233.526933,9.01));
#4781=CARTESIAN_POINT('',(513.144817,-233.494461,9.01));
#4782=CARTESIAN_POINT('',(513.20025,-233.5315,9.01));
#4783=CARTESIAN_POINT('',(513.177289,-233.526933,9.01));
#4784=CARTESIAN_POINT('',(551.30025,-233.5315,9.01));
#4785=CARTESIAN_POINT('',(532.25025,-233.5315,9.01));
#4786=CARTESIAN_POINT('',(551.323211,-233.526933,9.01));
#4787=CARTESIAN_POINT('',(551.30025,-233.5315,9.01));
#4788=CARTESIAN_POINT('',(551.355683,-233.494461,9.01));
#4789=CARTESIAN_POINT('',(551.323211,-233.526933,9.01));
#4790=CARTESIAN_POINT('',(551.36025,-233.4715,9.01));
#4791=CARTESIAN_POINT('',(551.355683,-233.494461,9.01));
#4792=CARTESIAN_POINT('',(551.36025,-214.4815,9.01));
#4793=CARTESIAN_POINT('',(551.36025,-233.4715,9.01));
#4794=CARTESIAN_POINT('',(560.82525,-214.4815,9.01));
#4795=CARTESIAN_POINT('',(551.36025,-214.4815,9.01));
#4796=CARTESIAN_POINT('',(560.848211,-214.476933,9.01));
#4797=CARTESIAN_POINT('',(560.82525,-214.4815,9.01));
#4798=CARTESIAN_POINT('',(560.880683,-214.444461,9.01));
#4799=CARTESIAN_POINT('',(560.848211,-214.476933,9.01));
#4800=CARTESIAN_POINT('',(560.88525,-214.4215,9.01));
#4801=CARTESIAN_POINT('',(560.880683,-214.444461,9.01));
#4802=CARTESIAN_POINT('',(560.88525,-138.2215,9.01));
#4803=CARTESIAN_POINT('',(560.88525,-157.2715,9.01));
#4804=CARTESIAN_POINT('',(560.880683,-138.198539,9.01));
#4805=CARTESIAN_POINT('',(560.88525,-138.2215,9.01));
#4806=CARTESIAN_POINT('',(560.848211,-138.166067,9.01));
#4807=CARTESIAN_POINT('',(560.880683,-138.198539,9.01));
#4808=CARTESIAN_POINT('',(560.82525,-138.1615,9.01));
#4809=CARTESIAN_POINT('',(560.848211,-138.166067,9.01));
#4810=CARTESIAN_POINT('',(513.26025,-138.1615,9.01));
#4811=CARTESIAN_POINT('',(532.25025,-138.1615,9.01));
#4812=CARTESIAN_POINT('',(513.26025,-133.459,9.01));
#4813=CARTESIAN_POINT('',(513.26025,-138.1615,9.01));
#4814=CARTESIAN_POINT('',(513.255683,-133.436039,9.01));
#4815=CARTESIAN_POINT('',(513.26025,-133.459,9.01));
#4816=CARTESIAN_POINT('',(513.223211,-133.403567,9.01));
#4817=CARTESIAN_POINT('',(513.255683,-133.436039,9.01));
#4818=CARTESIAN_POINT('',(513.20025,-133.399,9.01));
#4819=CARTESIAN_POINT('',(513.223211,-133.403567,9.01));
#4820=CARTESIAN_POINT('',(494.21025,-133.399,9.01));
#4821=CARTESIAN_POINT('',(513.20025,-133.399,9.01));
#4822=CARTESIAN_POINT('',(494.21025,-128.6965,9.01));
#4823=CARTESIAN_POINT('',(494.21025,-133.399,9.01));
#4824=CARTESIAN_POINT('',(494.205683,-128.673539,9.01));
#4825=CARTESIAN_POINT('',(494.21025,-128.6965,9.01));
#4826=CARTESIAN_POINT('',(494.173211,-128.641067,9.01));
#4827=CARTESIAN_POINT('',(494.205683,-128.673539,9.01));
#4828=CARTESIAN_POINT('',(494.173211,-128.641067,9.01));
#4829=CARTESIAN_POINT('',(410.878861,-210.09256,9.01));
#4830=CARTESIAN_POINT('',(410.923219,-210.104446,9.01));
#4831=CARTESIAN_POINT('',(410.923219,-210.104446,9.01));
#4832=CARTESIAN_POINT('',(410.856693,-210.100085,9.01));
#4833=CARTESIAN_POINT('',(410.878861,-210.09256,9.01));
#4834=CARTESIAN_POINT('',(377.861125,-229.150085,9.01));
#4835=CARTESIAN_POINT('',(394.358909,-219.625085,9.01));
#4836=CARTESIAN_POINT('',(377.843524,-229.165521,9.01));
#4837=CARTESIAN_POINT('',(377.861125,-229.150085,9.01));
#4838=CARTESIAN_POINT('',(377.831638,-229.209879,9.01));
#4839=CARTESIAN_POINT('',(377.843524,-229.165521,9.01));
#4840=CARTESIAN_POINT('',(377.839164,-229.232047,9.01));
#4841=CARTESIAN_POINT('',(377.831638,-229.209879,9.01));
#4842=CARTESIAN_POINT('',(387.364163,-245.729831,9.01));
#4843=CARTESIAN_POINT('',(377.839164,-229.232047,9.01));
#4844=CARTESIAN_POINT('',(406.414163,-278.725399,9.01));
#4845=CARTESIAN_POINT('',(396.889163,-262.227615,9.01));
#4846=CARTESIAN_POINT('',(406.429599,-278.743,9.01));
#4847=CARTESIAN_POINT('',(406.414163,-278.725399,9.01));
#4848=CARTESIAN_POINT('',(406.473957,-278.754886,9.01));
#4849=CARTESIAN_POINT('',(406.429599,-278.743,9.01));
#4850=CARTESIAN_POINT('',(406.496125,-278.74736,9.01));
#4851=CARTESIAN_POINT('',(406.473957,-278.754886,9.01));
#4852=CARTESIAN_POINT('',(422.993909,-269.222361,9.01));
#4853=CARTESIAN_POINT('',(406.496125,-278.74736,9.01));
#4854=CARTESIAN_POINT('',(455.989477,-250.172361,9.01));
#4855=CARTESIAN_POINT('',(439.491693,-259.697361,9.01));
#4856=CARTESIAN_POINT('',(456.007078,-250.156925,9.01));
#4857=CARTESIAN_POINT('',(455.989477,-250.172361,9.01));
#4858=CARTESIAN_POINT('',(456.018964,-250.112567,9.01));
#4859=CARTESIAN_POINT('',(456.007078,-250.156925,9.01));
#4860=CARTESIAN_POINT('',(456.011439,-250.090399,9.01));
#4861=CARTESIAN_POINT('',(456.018964,-250.112567,9.01));
#4862=CARTESIAN_POINT('',(436.961439,-217.094831,9.01));
#4863=CARTESIAN_POINT('',(456.011439,-250.090399,9.01));
#4864=CARTESIAN_POINT('',(436.946003,-217.07723,9.01));
#4865=CARTESIAN_POINT('',(436.961439,-217.094831,9.01));
#4866=CARTESIAN_POINT('',(436.901645,-217.065344,9.01));
#4867=CARTESIAN_POINT('',(436.946003,-217.07723,9.01));
#4868=CARTESIAN_POINT('',(436.879477,-217.072869,9.01));
#4869=CARTESIAN_POINT('',(436.901645,-217.065344,9.01));
#4870=CARTESIAN_POINT('',(420.433655,-226.567868,9.01));
#4871=CARTESIAN_POINT('',(436.879477,-217.072869,9.01));
#4872=CARTESIAN_POINT('',(410.938655,-210.122047,9.01));
#4873=CARTESIAN_POINT('',(420.433655,-226.567868,9.01));
#4874=CARTESIAN_POINT('',(410.938655,-210.122047,9.01));
#4875=CARTESIAN_POINT('Origin',(569.1625,-105.87125,9.01));
#4876=CARTESIAN_POINT('',(569.1625,-242.702675389863,4.01));
#4877=CARTESIAN_POINT('',(569.1625,-245.706165028814,4.01));
#4878=CARTESIAN_POINT('',(569.1625,-242.702675389863,9.01));
#4879=CARTESIAN_POINT('Origin',(566.1625,-242.702675389863,9.01));
#4880=CARTESIAN_POINT('',(566.159012390644,-245.702673362625,4.01));
#4881=CARTESIAN_POINT('Origin',(566.1625,-242.702675389863,4.01));
#4882=CARTESIAN_POINT('',(566.159012390644,-245.702673362625,9.01));
#4883=CARTESIAN_POINT('Origin',(365.875899594322,-222.803994682471,9.01));
#4884=CARTESIAN_POINT('',(363.255495659599,-224.264639478062,4.01));
#4885=CARTESIAN_POINT('',(363.255495659599,-224.264639478062,9.01));
#4886=CARTESIAN_POINT('',(364.386630340115,-220.199752549244,4.01));
#4887=CARTESIAN_POINT('Origin',(365.875899594322,-222.803994682471,4.01));
#4888=CARTESIAN_POINT('',(364.386630340115,-220.199752549244,9.01));
#4889=CARTESIAN_POINT('Origin',(392.145969037959,-276.094290564482,9.01));
#4890=CARTESIAN_POINT('',(392.145969037959,-276.094290564482,4.01));
#4891=CARTESIAN_POINT('',(392.145969037959,-276.094290564482,9.01));
#4892=CARTESIAN_POINT('',(361.810768630395,-221.67279209439,4.01));
#4893=CARTESIAN_POINT('Origin',(405.963091135824,-294.32140168093,9.01));
#4894=CARTESIAN_POINT('',(407.461204378025,-296.92056629933,4.01));
#4895=CARTESIAN_POINT('',(407.461204378025,-296.92056629933,9.01));
#4896=CARTESIAN_POINT('',(403.3637239621,-295.819163443082,4.01));
#4897=CARTESIAN_POINT('Origin',(405.963091135824,-294.32140168093,4.01));
#4898=CARTESIAN_POINT('',(403.3637239621,-295.819163443082,9.01));
#4899=CARTESIAN_POINT('Origin',(404.861688269507,-298.418882134316,9.01));
#4900=CARTESIAN_POINT('',(397.485707611227,-285.617859647537,4.01));
#4901=CARTESIAN_POINT('',(397.485707611227,-285.617859647537,4.01));
#4902=CARTESIAN_POINT('',(397.485707611227,-285.617859647537,9.01));
#4903=CARTESIAN_POINT('Origin',(385.773579387449,-263.09316667788,10.01));
#4904=CARTESIAN_POINT('',(390.225675672716,-277.167827207084,10.01));
#4905=CARTESIAN_POINT('',(392.844257537248,-275.703913608625,13.01));
#4906=CARTESIAN_POINT('Ctrl Pts',(390.225675672716,-277.167827207084,10.01));
#4907=CARTESIAN_POINT('Ctrl Pts',(390.2256365927,-277.167757097344,10.1110719764757));
#4908=CARTESIAN_POINT('Ctrl Pts',(390.230062782308,-277.165197992396,10.2121437772436));
#4909=CARTESIAN_POINT('Ctrl Pts',(390.238931468856,-277.160162586009,10.3126999404201));
#4910=CARTESIAN_POINT('Ctrl Pts',(390.247799889181,-277.155127330775,10.4132530850832));
#4911=CARTESIAN_POINT('Ctrl Pts',(390.261110508544,-277.147615940157,10.5132902735521));
#4912=CARTESIAN_POINT('Ctrl Pts',(390.278795248132,-277.137666362107,10.6123013510044));
#4913=CARTESIAN_POINT('Ctrl Pts',(390.29647949218,-277.127717062851,10.7113096540908));
#4914=CARTESIAN_POINT('Ctrl Pts',(390.318537549507,-277.115329747258,10.8092915595384));
#4915=CARTESIAN_POINT('Ctrl Pts',(390.344856738723,-277.100567225295,10.9057474217115));
#4916=CARTESIAN_POINT('Ctrl Pts',(390.371175243016,-277.085805087508,11.0022007737405));
#4917=CARTESIAN_POINT('Ctrl Pts',(390.401754565617,-277.068667918145,11.0971278267306));
#4918=CARTESIAN_POINT('Ctrl Pts',(390.436438580204,-277.049242743903,11.1900445380137));
#4919=CARTESIAN_POINT('Ctrl Pts',(390.471121761434,-277.029818036393,11.2829590167738));
#4920=CARTESIAN_POINT('Ctrl Pts',(390.509909316558,-277.008105501312,11.3738629275882));
#4921=CARTESIAN_POINT('Ctrl Pts',(390.55260327415,-276.984215490324,11.4622927644391));
#4922=CARTESIAN_POINT('Ctrl Pts',(390.595296291156,-276.960326005654,11.5507206531026));
#4923=CARTESIAN_POINT('Ctrl Pts',(390.641895389859,-276.934259223879,11.6366742696019));
#4924=CARTESIAN_POINT('Ctrl Pts',(390.692162779356,-276.906147692519,11.7197153680419));
#4925=CARTESIAN_POINT('Ctrl Pts',(390.742429161748,-276.878036724373,11.8027548027572));
#4926=CARTESIAN_POINT('Ctrl Pts',(390.796363513015,-276.847881186083,11.8828815476612));
#4927=CARTESIAN_POINT('Ctrl Pts',(390.853690653512,-276.815834466108,11.9596870822798));
#4928=CARTESIAN_POINT('Ctrl Pts',(390.911016759865,-276.783788324234,12.0364912313785));
#4929=CARTESIAN_POINT('Ctrl Pts',(390.971735333615,-276.749851180069,12.1099740232501));
#4930=CARTESIAN_POINT('Ctrl Pts',(391.035536617402,-276.714195696103,12.1797608246357));
#4931=CARTESIAN_POINT('Ctrl Pts',(391.099347741729,-276.678534712731,12.2495583897505));
#4932=CARTESIAN_POINT('Ctrl Pts',(391.166242305977,-276.641154982713,12.3156585805956));
#4933=CARTESIAN_POINT('Ctrl Pts',(391.235878960934,-276.602246778221,12.3777242984154));
#4934=CARTESIAN_POINT('Ctrl Pts',(391.30551170143,-276.563340760864,12.439786527356));
#4935=CARTESIAN_POINT('Ctrl Pts',(391.377885981909,-276.522906576015,12.4978145214796));
#4936=CARTESIAN_POINT('Ctrl Pts',(391.452632549084,-276.481150049914,12.5515123819603));
#4937=CARTESIAN_POINT('Ctrl Pts',(391.527375511589,-276.439395537532,12.6052076528495));
#4938=CARTESIAN_POINT('Ctrl Pts',(391.60449027189,-276.396318956418,12.654573021466));
#4939=CARTESIAN_POINT('Ctrl Pts',(391.683583441739,-276.352139585932,12.6993567860555));
#4940=CARTESIAN_POINT('Ctrl Pts',(391.762673428825,-276.307961993254,12.7441387485155));
#4941=CARTESIAN_POINT('Ctrl Pts',(391.843741391138,-276.262681853299,12.7843393203752));
#4942=CARTESIAN_POINT('Ctrl Pts',(391.926373817275,-276.216529662318,12.8197535453736));
#4943=CARTESIAN_POINT('Ctrl Pts',(392.009015993827,-276.170372025496,12.8551719491602));
#4944=CARTESIAN_POINT('Ctrl Pts',(392.093222716368,-276.123342291847,12.8858027524025));
#4945=CARTESIAN_POINT('Ctrl Pts',(392.178564369785,-276.075679934023,12.911489751992));
#4946=CARTESIAN_POINT('Ctrl Pts',(392.263897733555,-276.028022205874,12.9371742564794));
#4947=CARTESIAN_POINT('Ctrl Pts',(392.350365510832,-275.979732141939,12.9579158292473));
#4948=CARTESIAN_POINT('Ctrl Pts',(392.437526641741,-275.931055594316,12.9736087182624));
#4949=CARTESIAN_POINT('Ctrl Pts',(392.524692023044,-275.882376672991,12.989302372538));
#4950=CARTESIAN_POINT('Ctrl Pts',(392.612550522591,-275.833311399188,12.9999467956932));
#4951=CARTESIAN_POINT('Ctrl Pts',(392.700653946182,-275.784109601765,13.0054877112744));
#4952=CARTESIAN_POINT('Ctrl Pts',(392.74847376834,-275.757404382981,13.0084951494294));
#4953=CARTESIAN_POINT('Ctrl Pts',(392.79636564918,-275.730658997817,13.01));
#4954=CARTESIAN_POINT('Ctrl Pts',(392.844257537248,-275.703913608625,13.01));
#4955=CARTESIAN_POINT('',(395.573064961076,-286.705041548744,10.01));
#4956=CARTESIAN_POINT('',(383.156827748407,-264.560344533346,10.01));
#4957=CARTESIAN_POINT('',(398.1812143252,-285.222521301825,13.01));
#4958=CARTESIAN_POINT('Ctrl Pts',(395.573064961075,-286.705041548744,10.0100000000002));
#4959=CARTESIAN_POINT('Ctrl Pts',(395.572880458283,-286.704712482991,10.1110719764759));
#4960=CARTESIAN_POINT('Ctrl Pts',(395.577155001461,-286.701883289443,10.2121437772438));
#4961=CARTESIAN_POINT('Ctrl Pts',(395.585865849665,-286.696566718646,10.3126999404203));
#4962=CARTESIAN_POINT('Ctrl Pts',(395.594576436386,-286.691250307442,10.4132530850833));
#4963=CARTESIAN_POINT('Ctrl Pts',(395.607723030646,-286.683446685786,10.5132902735522));
#4964=CARTESIAN_POINT('Ctrl Pts',(395.625237648522,-286.673193971359,10.6123013510046));
#4965=CARTESIAN_POINT('Ctrl Pts',(395.642751775625,-286.662941544221,10.711309654091));
#4966=CARTESIAN_POINT('Ctrl Pts',(395.664633619824,-286.650240196174,10.8092915595385));
#4967=CARTESIAN_POINT('Ctrl Pts',(395.690770656786,-286.635153018116,10.9057474217116));
#4968=CARTESIAN_POINT('Ctrl Pts',(395.716907013564,-286.620066232683,11.0022007737406));
#4969=CARTESIAN_POINT('Ctrl Pts',(395.74729824996,-286.602593792815,11.0971278267307));
#4970=CARTESIAN_POINT('Ctrl Pts',(395.781788457258,-286.582823114456,11.1900445380138));
#4971=CARTESIAN_POINT('Ctrl Pts',(395.816277835856,-286.56305291113,11.2829590167739));
#4972=CARTESIAN_POINT('Ctrl Pts',(395.854865867709,-286.540984647413,11.3738629275883));
#4973=CARTESIAN_POINT('Ctrl Pts',(395.89735485732,-286.516729168543,11.4622927644393));
#4974=CARTESIAN_POINT('Ctrl Pts',(395.93984291086,-286.492474224042,11.5507206531027));
#4975=CARTESIAN_POINT('Ctrl Pts',(395.986231601837,-286.466032243989,11.636674269602));
#4976=CARTESIAN_POINT('Ctrl Pts',(396.036283470776,-286.437536368752,11.7197153680419));
#4977=CARTESIAN_POINT('Ctrl Pts',(396.086334336928,-286.409041064429,11.8027548027572));
#4978=CARTESIAN_POINT('Ctrl Pts',(396.140048059573,-286.378492045166,11.8828815476612));
#4979=CARTESIAN_POINT('Ctrl Pts',(396.197149842607,-286.346043385486,11.9596870822798));
#4980=CARTESIAN_POINT('Ctrl Pts',(396.254250595564,-286.313595311157,12.0364912313785));
#4981=CARTESIAN_POINT('Ctrl Pts',(396.314739087526,-286.279247776607,12.1099740232502));
#4982=CARTESIAN_POINT('Ctrl Pts',(396.378305992873,-286.243174216598,12.1797608246358));
#4983=CARTESIAN_POINT('Ctrl Pts',(396.441882702608,-286.2070950927,12.2495583897506));
#4984=CARTESIAN_POINT('Ctrl Pts',(396.508538554594,-286.169289534679,12.3156585805957));
#4985=CARTESIAN_POINT('Ctrl Pts',(396.577932675387,-286.12994866574,12.3777242984155));
#4986=CARTESIAN_POINT('Ctrl Pts',(396.647322895353,-286.090610008257,12.4397865273561));
#4987=CARTESIAN_POINT('Ctrl Pts',(396.719450834167,-286.049736348212,12.4978145214797));
#4988=CARTESIAN_POINT('Ctrl Pts',(396.793947753206,-286.007534432449,12.5515123819604));
#4989=CARTESIAN_POINT('Ctrl Pts',(396.868441079614,-285.965334551884,12.6052076528495));
#4990=CARTESIAN_POINT('Ctrl Pts',(396.945302898027,-285.921806689339,12.6545730214661));
#4991=CARTESIAN_POINT('Ctrl Pts',(397.024140368499,-285.877171104951,12.6993567860555));
#4992=CARTESIAN_POINT('Ctrl Pts',(397.102974666497,-285.832537316728,12.7441387485156));
#4993=CARTESIAN_POINT('Ctrl Pts',(397.183784182838,-285.786796049841,12.7843393203753));
#4994=CARTESIAN_POINT('Ctrl Pts',(397.266155982467,-285.740178831484,12.8197535453737));
#4995=CARTESIAN_POINT('Ctrl Pts',(397.348537501758,-285.693556112414,12.8551719491602));
#4996=CARTESIAN_POINT('Ctrl Pts',(397.432481386387,-285.64605739587,12.8858027524026));
#4997=CARTESIAN_POINT('Ctrl Pts',(397.517558620036,-285.597923225598,12.9114897519921));
#4998=CARTESIAN_POINT('Ctrl Pts',(397.602627589723,-285.54979373083,12.9371742564794));
#4999=CARTESIAN_POINT('Ctrl Pts',(397.68882939178,-285.501029072012,12.9579158292473));
#5000=CARTESIAN_POINT('Ctrl Pts',(397.77572358108,-285.451876200873,12.9736087182624));
#5001=CARTESIAN_POINT('Ctrl Pts',(397.862622007757,-285.402720932804,12.989302372538));
#5002=CARTESIAN_POINT('Ctrl Pts',(397.950212586615,-285.353177584209,12.9999467956932));
#5003=CARTESIAN_POINT('Ctrl Pts',(398.038047748144,-285.303497101362,13.0054877112744));
#5004=CARTESIAN_POINT('Ctrl Pts',(398.085721965925,-285.276532066887,13.0084951494294));
#5005=CARTESIAN_POINT('Ctrl Pts',(398.133468141953,-285.24952668638,13.01));
#5006=CARTESIAN_POINT('Ctrl Pts',(398.1812143252,-285.222521301825,13.01));
#5007=CARTESIAN_POINT('',(385.773579387449,-263.09316667788,13.01));
#5008=CARTESIAN_POINT('Origin',(370.048009368499,-234.807332469504,10.01));
#5009=CARTESIAN_POINT('',(363.857954906912,-223.70234437366,13.01));
#5010=CARTESIAN_POINT('',(370.048009368499,-234.807332469504,13.01));
#5011=CARTESIAN_POINT('',(361.237550972189,-225.16298916925,10.01));
#5012=CARTESIAN_POINT('Origin',(363.857954906912,-223.70234437366,10.01));
#5013=CARTESIAN_POINT('',(367.427605433776,-236.267977265095,10.01));
#5014=CARTESIAN_POINT('Ctrl Pts',(363.857954906912,-223.70234437366,13.01));
#5015=CARTESIAN_POINT('Ctrl Pts',(362.894803554109,-221.974446117878,13.01));
#5016=CARTESIAN_POINT('Ctrl Pts',(364.612044693922,-220.992419754448,13.01));
#5017=CARTESIAN_POINT('Ctrl Pts',(361.237550972189,-225.16298916925,13.01));
#5018=CARTESIAN_POINT('Ctrl Pts',(358.829672590182,-220.843243529797,13.01));
#5019=CARTESIAN_POINT('Ctrl Pts',(363.122775439715,-218.388177621221,13.01));
#5020=CARTESIAN_POINT('Ctrl Pts',(361.237550972189,-225.16298916925,10.01));
#5021=CARTESIAN_POINT('Ctrl Pts',(358.829672590182,-220.843243529797,10.01));
#5022=CARTESIAN_POINT('Ctrl Pts',(363.122775439715,-218.388177621221,10.01));
#5023=CARTESIAN_POINT('',(364.612044693922,-220.992419754448,13.01));
#5024=CARTESIAN_POINT('',(363.122775439715,-218.388177621221,10.01));
#5025=CARTESIAN_POINT('Origin',(364.612044693922,-220.992419754448,10.01));
#5026=CARTESIAN_POINT('Origin',(365.604890863394,-222.728581176599,10.01));
#5027=CARTESIAN_POINT('Origin',(365.604890863394,-222.728581176599,13.01));
#5028=CARTESIAN_POINT('Origin',(414.288323807867,-192.584402618126,10.01));
#5029=CARTESIAN_POINT('',(377.53,-210.149221534019,10.01));
#5030=CARTESIAN_POINT('',(412.799054553659,-189.980160484899,10.01));
#5031=CARTESIAN_POINT('',(380.53,-211.889532920411,13.01));
#5032=CARTESIAN_POINT('',(414.288323807867,-192.584402618126,13.01));
#5033=CARTESIAN_POINT('Origin',(380.53,-211.889532920411,10.01));
#5034=CARTESIAN_POINT('Origin',(380.53,-192.984914918359,10.01));
#5035=CARTESIAN_POINT('',(380.53,-184.519917361926,13.01));
#5036=CARTESIAN_POINT('',(380.53,-192.984914918359,13.01));
#5037=CARTESIAN_POINT('',(377.53,-184.519834723371,10.01));
#5038=CARTESIAN_POINT('Ctrl Pts',(380.529999999928,-184.51991736125,13.01));
#5039=CARTESIAN_POINT('Ctrl Pts',(380.500835740182,-184.519916557887,13.0099999999993));
#5040=CARTESIAN_POINT('Ctrl Pts',(380.471672371616,-184.519915757411,13.009574710157));
#5041=CARTESIAN_POINT('Ctrl Pts',(380.068225609151,-184.519904637887,12.9978052668202));
#5042=CARTESIAN_POINT('Ctrl Pts',(379.699257884948,-184.519894478593,12.9169038109309));
#5043=CARTESIAN_POINT('Ctrl Pts',(378.995307005943,-184.519875087304,12.6171671534347));
#5044=CARTESIAN_POINT('Ctrl Pts',(378.669215370165,-184.519866104783,12.3953896279562));
#5045=CARTESIAN_POINT('Ctrl Pts',(378.120397438643,-184.51985098665,11.8393218968462));
#5046=CARTESIAN_POINT('Ctrl Pts',(377.902918187215,-184.519844996368,11.5103480385351));
#5047=CARTESIAN_POINT('Ctrl Pts',(377.606301555786,-184.519836825652,10.7875541846752));
#5048=CARTESIAN_POINT('Ctrl Pts',(377.53,-184.51983472336,10.4006444840942));
#5049=CARTESIAN_POINT('Ctrl Pts',(377.53,-184.519834723371,10.01));
#5050=CARTESIAN_POINT('',(377.53,-192.984914918359,10.01));
#5051=CARTESIAN_POINT('Origin',(380.529795486221,-188.232115248802,10.01));
#5052=CARTESIAN_POINT('',(377.530523435192,-175.018787785213,10.01));
#5053=CARTESIAN_POINT('',(377.529795490774,-188.231949971693,10.01));
#5054=CARTESIAN_POINT('',(380.530523406353,-175.019393892612,13.01));
#5055=CARTESIAN_POINT('',(380.529795486221,-188.232115248802,13.01));
#5056=CARTESIAN_POINT('Ctrl Pts',(380.53052340642,-175.019393892104,13.01));
#5057=CARTESIAN_POINT('Ctrl Pts',(380.50135893364,-175.019387999838,13.0100000000006));
#5058=CARTESIAN_POINT('Ctrl Pts',(380.4721959919,-175.019382108336,13.0095747163801));
#5059=CARTESIAN_POINT('Ctrl Pts',(380.06874487099,-175.019300596309,12.9978051458044));
#5060=CARTESIAN_POINT('Ctrl Pts',(379.699777526638,-175.019226051922,12.9169022108429));
#5061=CARTESIAN_POINT('Ctrl Pts',(378.995830445208,-175.019083829479,12.6171671546197));
#5062=CARTESIAN_POINT('Ctrl Pts',(378.66973879187,-175.019017947597,12.3953896234476));
#5063=CARTESIAN_POINT('Ctrl Pts',(378.12092087924,-175.018907066737,11.8393219100126));
#5064=CARTESIAN_POINT('Ctrl Pts',(377.903441615365,-175.018863127945,11.5103480373573));
#5065=CARTESIAN_POINT('Ctrl Pts',(377.606824985599,-175.018803200837,10.7875541661102));
#5066=CARTESIAN_POINT('Ctrl Pts',(377.530523435192,-175.018787784938,10.4006444702446));
#5067=CARTESIAN_POINT('Ctrl Pts',(377.530523435192,-175.018787784971,10.01));
#5068=CARTESIAN_POINT('Origin',(380.535393745373,-161.063437431534,10.01));
#5069=CARTESIAN_POINT('',(377.549477568301,-120.705719361426,10.01));
#5070=CARTESIAN_POINT('',(377.535393928052,-161.062390493891,10.01));
#5071=CARTESIAN_POINT('',(380.549477004054,-120.707859680863,13.01));
#5072=CARTESIAN_POINT('',(380.535393745373,-161.063437431534,13.01));
#5073=CARTESIAN_POINT('Ctrl Pts',(380.549477004062,-120.707859680802,13.01));
#5074=CARTESIAN_POINT('Ctrl Pts',(380.520312532229,-120.707838873704,13.0100000000001));
#5075=CARTESIAN_POINT('Ctrl Pts',(380.491149604254,-120.707818067549,13.009574716504));
#5076=CARTESIAN_POINT('Ctrl Pts',(380.087698434114,-120.707530229904,12.9978051423898));
#5077=CARTESIAN_POINT('Ctrl Pts',(379.718731130016,-120.707266993601,12.9169021647117));
#5078=CARTESIAN_POINT('Ctrl Pts',(379.014784225015,-120.706764769758,12.6171671003258));
#5079=CARTESIAN_POINT('Ctrl Pts',(378.6886926369,-120.706532122873,12.3953895582159));
#5080=CARTESIAN_POINT('Ctrl Pts',(378.139874851594,-120.706140574365,11.8393218332421));
#5081=CARTESIAN_POINT('Ctrl Pts',(377.922395644331,-120.705985416065,11.5103479685541));
#5082=CARTESIAN_POINT('Ctrl Pts',(377.62577909674,-120.705773797972,10.7875541229682));
#5083=CARTESIAN_POINT('Ctrl Pts',(377.549477568301,-120.705719361489,10.4006444491648));
#5084=CARTESIAN_POINT('Ctrl Pts',(377.549477568301,-120.705719361523,10.0100000000003));
#5085=CARTESIAN_POINT('Origin',(380.51114016771,-156.274062175026,10.01));
#5086=CARTESIAN_POINT('',(377.559737511791,-111.187270199905,10.01));
#5087=CARTESIAN_POINT('',(377.511141910514,-156.270828474655,10.01));
#5088=CARTESIAN_POINT('',(380.559727003973,-111.198635159683,13.01));
#5089=CARTESIAN_POINT('',(380.51114016771,-156.274062175026,13.01));
#5090=CARTESIAN_POINT('Origin',(380.559727004361,-111.198635099946,10.01));
#5091=CARTESIAN_POINT('Origin',(380.292681098817,-152.290323815663,10.01));
#5092=CARTESIAN_POINT('',(380.576236394376,-108.658252711505,13.01));
#5093=CARTESIAN_POINT('',(380.292681098817,-152.290323815663,13.01));
#5094=CARTESIAN_POINT('',(377.57629974361,-108.638756778762,10.01));
#5095=CARTESIAN_POINT('Origin',(380.576236394376,-108.658252711505,10.01));
#5096=CARTESIAN_POINT('',(377.292744448052,-152.270827882921,10.01));
#5097=CARTESIAN_POINT('Ctrl Pts',(380.576236394376,-108.658252711505,13.01));
#5098=CARTESIAN_POINT('Ctrl Pts',(380.589149490795,-106.67125,13.01));
#5099=CARTESIAN_POINT('Ctrl Pts',(382.576194161553,-106.67125,13.01));
#5100=CARTESIAN_POINT('Ctrl Pts',(377.57629974361,-108.638756778762,13.01));
#5101=CARTESIAN_POINT('Ctrl Pts',(377.608582484658,-103.67125,13.01));
#5102=CARTESIAN_POINT('Ctrl Pts',(382.576194161553,-103.67125,13.01));
#5103=CARTESIAN_POINT('Ctrl Pts',(377.57629974361,-108.638756778762,10.01));
#5104=CARTESIAN_POINT('Ctrl Pts',(377.608582484658,-103.67125,10.01));
#5105=CARTESIAN_POINT('Ctrl Pts',(382.576194161553,-103.67125,10.01));
#5106=CARTESIAN_POINT('',(382.576194161553,-106.67125,13.01));
#5107=CARTESIAN_POINT('',(382.576194161553,-103.67125,10.01));
#5108=CARTESIAN_POINT('Origin',(382.576194161553,-106.67125,10.01));
#5109=CARTESIAN_POINT('Origin',(382.576194161553,-108.67125,10.01));
#5110=CARTESIAN_POINT('Origin',(382.576194161553,-108.67125,13.01));
#5111=CARTESIAN_POINT('Origin',(518.761858629509,-106.67125,10.01));
#5112=CARTESIAN_POINT('',(566.3625,-106.67125,13.01));
#5113=CARTESIAN_POINT('',(566.3625,-103.67125,10.01));
#5114=CARTESIAN_POINT('Origin',(566.3625,-106.67125,10.01));
#5115=CARTESIAN_POINT('',(518.761858629509,-103.67125,10.01));
#5116=CARTESIAN_POINT('',(518.761858629509,-106.67125,13.01));
#5117=CARTESIAN_POINT('Ctrl Pts',(566.3625,-106.67125,13.01));
#5118=CARTESIAN_POINT('Ctrl Pts',(568.3625,-106.67125,13.01));
#5119=CARTESIAN_POINT('Ctrl Pts',(568.3625,-108.67125,13.01));
#5120=CARTESIAN_POINT('Ctrl Pts',(566.3625,-103.67125,13.01));
#5121=CARTESIAN_POINT('Ctrl Pts',(571.3625,-103.67125,13.01));
#5122=CARTESIAN_POINT('Ctrl Pts',(571.3625,-108.67125,13.01));
#5123=CARTESIAN_POINT('Ctrl Pts',(566.3625,-103.67125,10.01));
#5124=CARTESIAN_POINT('Ctrl Pts',(571.3625,-103.67125,10.01));
#5125=CARTESIAN_POINT('Ctrl Pts',(571.3625,-108.67125,10.01));
#5126=CARTESIAN_POINT('',(568.3625,-108.67125,13.01));
#5127=CARTESIAN_POINT('',(571.3625,-108.67125,10.01));
#5128=CARTESIAN_POINT('Origin',(568.3625,-108.67125,10.01));
#5129=CARTESIAN_POINT('Origin',(566.3625,-108.67125,10.01));
#5130=CARTESIAN_POINT('Origin',(566.3625,-108.67125,13.01));
#5131=CARTESIAN_POINT('Origin',(568.3625,-224.679359605362,10.01));
#5132=CARTESIAN_POINT('',(568.3625,-242.902908032459,13.01));
#5133=CARTESIAN_POINT('',(571.3625,-242.902908032459,10.01));
#5134=CARTESIAN_POINT('Origin',(568.3625,-242.902908032459,10.01));
#5135=CARTESIAN_POINT('',(571.3625,-224.679359605362,10.01));
#5136=CARTESIAN_POINT('',(568.3625,-224.679359605362,13.01));
#5137=CARTESIAN_POINT('Ctrl Pts',(568.3625,-242.902908032459,13.01));
#5138=CARTESIAN_POINT('Ctrl Pts',(568.3625,-243.732016237456,13.01));
#5139=CARTESIAN_POINT('Ctrl Pts',(567.775891285913,-244.317943393468,13.01));
#5140=CARTESIAN_POINT('Ctrl Pts',(567.189282571827,-244.903870549479,13.01));
#5141=CARTESIAN_POINT('Ctrl Pts',(566.360174927096,-244.902906680968,13.01));
#5142=CARTESIAN_POINT('Ctrl Pts',(571.3625,-242.902908032459,13.01));
#5143=CARTESIAN_POINT('Ctrl Pts',(571.3625,-244.975678544952,13.01));
#5144=CARTESIAN_POINT('Ctrl Pts',(569.895978214784,-246.44049643498,13.01));
#5145=CARTESIAN_POINT('Ctrl Pts',(568.429456429567,-247.905314325008,13.01));
#5146=CARTESIAN_POINT('Ctrl Pts',(566.35668731774,-247.902904653731,13.01));
#5147=CARTESIAN_POINT('Ctrl Pts',(571.3625,-242.902908032459,10.01));
#5148=CARTESIAN_POINT('Ctrl Pts',(571.3625,-244.975678544952,10.01));
#5149=CARTESIAN_POINT('Ctrl Pts',(569.895978214784,-246.44049643498,10.01));
#5150=CARTESIAN_POINT('Ctrl Pts',(568.429456429567,-247.905314325008,10.01));
#5151=CARTESIAN_POINT('Ctrl Pts',(566.35668731774,-247.902904653731,10.01));
#5152=CARTESIAN_POINT('',(566.360174927096,-244.902906680968,13.01));
#5153=CARTESIAN_POINT('',(566.35668731774,-247.902904653731,10.01));
#5154=CARTESIAN_POINT('Origin',(566.360174927096,-244.902906680968,10.01));
#5155=CARTESIAN_POINT('Origin',(566.3625,-242.902908032459,10.01));
#5156=CARTESIAN_POINT('Origin',(566.3625,-242.902908032459,13.01));
#5157=CARTESIAN_POINT('Origin',(481.582238844333,-244.804349173351,10.01));
#5158=CARTESIAN_POINT('',(497.050152961807,-247.822333226738,10.01));
#5159=CARTESIAN_POINT('',(481.578751234977,-247.804347146114,10.01));
#5160=CARTESIAN_POINT('',(496.249091777084,-244.821399936043,13.01));
#5161=CARTESIAN_POINT('',(481.582238844333,-244.804349173351,13.01));
#5162=CARTESIAN_POINT('Origin',(496.249091777084,-244.821399936043,10.01));
#5163=CARTESIAN_POINT('Origin',(447.492379390101,-272.923920244315,10.01));
#5164=CARTESIAN_POINT('',(406.888406439537,-296.327343456756,13.01));
#5165=CARTESIAN_POINT('',(447.492379390101,-272.923920244315,13.01));
#5166=CARTESIAN_POINT('',(408.386519681738,-298.926508075155,10.01));
#5167=CARTESIAN_POINT('Origin',(406.888406439537,-296.327343456756,10.01));
#5168=CARTESIAN_POINT('',(448.990492632302,-275.523084862715,10.01));
#5169=CARTESIAN_POINT('Ctrl Pts',(406.888406439537,-296.327343456755,13.01));
#5170=CARTESIAN_POINT('Ctrl Pts',(406.17059831998,-296.74107556193,13.01));
#5171=CARTESIAN_POINT('Ctrl Pts',(405.37049309313,-296.526007253434,13.01));
#5172=CARTESIAN_POINT('Ctrl Pts',(404.570387866279,-296.310938944937,13.01));
#5173=CARTESIAN_POINT('Ctrl Pts',(404.15675282892,-295.593074885924,13.01));
#5174=CARTESIAN_POINT('Ctrl Pts',(408.386519681738,-298.926508075155,13.01));
#5175=CARTESIAN_POINT('Ctrl Pts',(406.591999382847,-299.960838338093,13.01));
#5176=CARTESIAN_POINT('Ctrl Pts',(404.59173631572,-299.423167566851,13.01));
#5177=CARTESIAN_POINT('Ctrl Pts',(402.591473248594,-298.885496795609,13.01));
#5178=CARTESIAN_POINT('Ctrl Pts',(401.557385655196,-297.090836648077,13.01));
#5179=CARTESIAN_POINT('Ctrl Pts',(408.386519681738,-298.926508075155,10.01));
#5180=CARTESIAN_POINT('Ctrl Pts',(406.591999382847,-299.960838338093,10.01));
#5181=CARTESIAN_POINT('Ctrl Pts',(404.59173631572,-299.423167566851,10.01));
#5182=CARTESIAN_POINT('Ctrl Pts',(402.591473248594,-298.885496795609,10.01));
#5183=CARTESIAN_POINT('Ctrl Pts',(401.557385655196,-297.090836648077,10.01));
#5184=CARTESIAN_POINT('',(404.15675282892,-295.593074885924,13.01));
#5185=CARTESIAN_POINT('',(401.557385655196,-297.090836648077,10.01));
#5186=CARTESIAN_POINT('Origin',(404.15675282892,-295.593074885924,10.01));
#5187=CARTESIAN_POINT('Origin',(405.889664278069,-294.594567044489,10.01));
#5188=CARTESIAN_POINT('Origin',(405.889664278069,-294.594567044489,13.01));
#5189=CARTESIAN_POINT('Origin',(388.529764215699,-268.472419083507,10.01));
#5190=CARTESIAN_POINT('',(385.930397041975,-269.97018084566,10.01));
#5191=CARTESIAN_POINT('',(388.529764215699,-268.472419083507,13.01));
#5192=CARTESIAN_POINT('Origin',(571.3625,-103.67125,13.01));
#5193=CARTESIAN_POINT('',(566.3625,-103.67125,4.01));
#5194=CARTESIAN_POINT('',(566.3625,-103.67125,13.01));
#5195=CARTESIAN_POINT('',(410.052554006418,-103.67125,4.01));
#5196=CARTESIAN_POINT('',(571.3625,-103.67125,4.01));
#5197=CARTESIAN_POINT('',(410.052674008338,-103.67125,4.03999999999997));
#5198=CARTESIAN_POINT('Origin',(406.302674008338,-103.67125,4.03999999999997));
#5199=CARTESIAN_POINT('',(410.052674008338,-103.67125,4.74999999999997));
#5200=CARTESIAN_POINT('',(410.052674008338,-103.67125,8.87999999999999));
#5201=CARTESIAN_POINT('',(406.302674008338,-103.67125,8.49999999999997));
#5202=CARTESIAN_POINT('Origin',(406.302674008338,-103.67125,4.74999999999997));
#5203=CARTESIAN_POINT('',(399.862674008338,-103.67125,8.49999999999997));
#5204=CARTESIAN_POINT('',(485.612587004169,-103.67125,8.49999999999999));
#5205=CARTESIAN_POINT('',(396.112674008338,-103.67125,4.74999999999997));
#5206=CARTESIAN_POINT('Origin',(399.862674008338,-103.67125,4.74999999999997));
#5207=CARTESIAN_POINT('',(396.112674008338,-103.67125,4.03999999999997));
#5208=CARTESIAN_POINT('',(396.112674008338,-103.67125,8.52499999999999));
#5209=CARTESIAN_POINT('',(396.112794010258,-103.67125,4.01));
#5210=CARTESIAN_POINT('Origin',(399.862674008338,-103.67125,4.03999999999997));
#5211=CARTESIAN_POINT('',(382.576194161553,-103.67125,4.01));
#5212=CARTESIAN_POINT('',(571.3625,-103.67125,4.01));
#5213=CARTESIAN_POINT('',(382.576194161553,-103.67125,13.01));
#5214=CARTESIAN_POINT('Origin',(566.3625,-108.67125,13.01));
#5215=CARTESIAN_POINT('',(571.3625,-108.67125,4.01));
#5216=CARTESIAN_POINT('',(571.3625,-108.67125,13.01));
#5217=CARTESIAN_POINT('Origin',(566.3625,-108.67125,4.01));
#5218=CARTESIAN_POINT('Origin',(571.3625,-247.908724097378,13.01));
#5219=CARTESIAN_POINT('',(571.3625,-242.902908032459,4.01));
#5220=CARTESIAN_POINT('',(571.3625,-242.902908032459,13.01));
#5221=CARTESIAN_POINT('',(571.3625,-247.908724097378,4.01));
#5222=CARTESIAN_POINT('Origin',(566.3625,-242.902908032459,13.01));
#5223=CARTESIAN_POINT('',(566.35668731774,-247.902904653731,4.01));
#5224=CARTESIAN_POINT('',(566.35668731774,-247.902904653731,13.01));
#5225=CARTESIAN_POINT('Origin',(566.3625,-242.902908032459,4.01));
#5226=CARTESIAN_POINT('Origin',(497.050152961807,-247.822333226738,13.01));
#5227=CARTESIAN_POINT('',(497.050152961807,-247.822333226738,4.01));
#5228=CARTESIAN_POINT('',(497.050152961807,-247.822333226738,13.01));
#5229=CARTESIAN_POINT('',(497.050152961807,-247.822333226738,4.01));
#5230=CARTESIAN_POINT('Origin',(404.053992834208,-301.423701133466,13.01));
#5231=CARTESIAN_POINT('',(408.386519681738,-298.926508075155,4.01));
#5232=CARTESIAN_POINT('',(408.386519681738,-298.926508075155,13.01));
#5233=CARTESIAN_POINT('',(404.053992834208,-301.423701133466,4.01));
#5234=CARTESIAN_POINT('Origin',(405.889664278069,-294.594567044489,13.01));
#5235=CARTESIAN_POINT('',(401.557385655196,-297.090836648077,4.01));
#5236=CARTESIAN_POINT('',(401.557385655196,-297.090836648077,13.01));
#5237=CARTESIAN_POINT('Origin',(405.889664278069,-294.594567044489,4.01));
#5238=CARTESIAN_POINT('Origin',(395.573064961076,-286.705041548744,13.01));
#5239=CARTESIAN_POINT('',(395.573064961075,-286.705041548744,4.01));
#5240=CARTESIAN_POINT('',(395.573064961076,-286.705041548744,13.01));
#5241=CARTESIAN_POINT('',(395.573064961075,-286.705041548744,4.01));
#5242=CARTESIAN_POINT('Origin',(390.225675672716,-277.167827207084,13.01));
#5243=CARTESIAN_POINT('',(390.225675672716,-277.167827207084,4.01));
#5244=CARTESIAN_POINT('',(390.225675672716,-277.167827207084,13.01));
#5245=CARTESIAN_POINT('',(390.225675672716,-277.167827207084,4.01));
#5246=CARTESIAN_POINT('Origin',(466.161217259018,-201.449995113347,13.01));
#5247=CARTESIAN_POINT('',(515.130024609854,-114.020005558152,13.01));
#5248=CARTESIAN_POINT('',(515.130024609854,-131.620006109122,13.01));
#5249=CARTESIAN_POINT('',(515.130024609854,-159.235000335749,13.01));
#5250=CARTESIAN_POINT('',(551.130026034778,-114.020005558152,13.01));
#5251=CARTESIAN_POINT('',(507.145621646898,-114.020005558152,13.01));
#5252=CARTESIAN_POINT('',(551.130026034778,-131.620006109122,13.01));
#5253=CARTESIAN_POINT('',(551.130026034778,-165.035000611234,13.01));
#5254=CARTESIAN_POINT('',(492.145620934436,-131.620006109122,13.01));
#5255=CARTESIAN_POINT('',(396.7815,-200.134,13.01));
#5256=CARTESIAN_POINT('Origin',(401.0315,-200.134,13.01));
#5257=CARTESIAN_POINT('',(494.15025,-128.6365,13.01));
#5258=CARTESIAN_POINT('',(475.10025,-128.6365,13.01));
#5259=CARTESIAN_POINT('',(494.15025,-128.6365,13.01));
#5260=CARTESIAN_POINT('',(494.173211,-128.641067,13.01));
#5261=CARTESIAN_POINT('',(494.173211,-128.641067,13.01));
#5262=CARTESIAN_POINT('',(494.205683,-128.673539,13.01));
#5263=CARTESIAN_POINT('',(494.205683,-128.673539,13.01));
#5264=CARTESIAN_POINT('',(494.21025,-128.6965,13.01));
#5265=CARTESIAN_POINT('',(494.21025,-128.6965,13.01));
#5266=CARTESIAN_POINT('',(494.21025,-133.399,13.01));
#5267=CARTESIAN_POINT('',(494.21025,-133.399,13.01));
#5268=CARTESIAN_POINT('',(513.20025,-133.399,13.01));
#5269=CARTESIAN_POINT('',(513.20025,-133.399,13.01));
#5270=CARTESIAN_POINT('',(513.223211,-133.403567,13.01));
#5271=CARTESIAN_POINT('',(513.223211,-133.403567,13.01));
#5272=CARTESIAN_POINT('',(513.255683,-133.436039,13.01));
#5273=CARTESIAN_POINT('',(513.255683,-133.436039,13.01));
#5274=CARTESIAN_POINT('',(513.26025,-133.459,13.01));
#5275=CARTESIAN_POINT('',(513.26025,-133.459,13.01));
#5276=CARTESIAN_POINT('',(513.26025,-138.1615,13.01));
#5277=CARTESIAN_POINT('',(513.26025,-138.1615,13.01));
#5278=CARTESIAN_POINT('',(560.82525,-138.1615,13.01));
#5279=CARTESIAN_POINT('',(532.25025,-138.1615,13.01));
#5280=CARTESIAN_POINT('',(560.848211,-138.166067,13.01));
#5281=CARTESIAN_POINT('',(560.848211,-138.166067,13.01));
#5282=CARTESIAN_POINT('',(560.880683,-138.198539,13.01));
#5283=CARTESIAN_POINT('',(560.880683,-138.198539,13.01));
#5284=CARTESIAN_POINT('',(560.88525,-138.2215,13.01));
#5285=CARTESIAN_POINT('',(560.88525,-138.2215,13.01));
#5286=CARTESIAN_POINT('',(560.88525,-214.4215,13.01));
#5287=CARTESIAN_POINT('',(560.88525,-157.2715,13.01));
#5288=CARTESIAN_POINT('',(560.880683,-214.444461,13.01));
#5289=CARTESIAN_POINT('',(560.880683,-214.444461,13.01));
#5290=CARTESIAN_POINT('',(560.848211,-214.476933,13.01));
#5291=CARTESIAN_POINT('',(560.848211,-214.476933,13.01));
#5292=CARTESIAN_POINT('',(560.82525,-214.4815,13.01));
#5293=CARTESIAN_POINT('',(560.82525,-214.4815,13.01));
#5294=CARTESIAN_POINT('',(551.36025,-214.4815,13.01));
#5295=CARTESIAN_POINT('',(551.36025,-214.4815,13.01));
#5296=CARTESIAN_POINT('',(551.36025,-233.4715,13.01));
#5297=CARTESIAN_POINT('',(551.36025,-233.4715,13.01));
#5298=CARTESIAN_POINT('',(551.355683,-233.494461,13.01));
#5299=CARTESIAN_POINT('',(551.355683,-233.494461,13.01));
#5300=CARTESIAN_POINT('',(551.323211,-233.526933,13.01));
#5301=CARTESIAN_POINT('',(551.323211,-233.526933,13.01));
#5302=CARTESIAN_POINT('',(551.30025,-233.5315,13.01));
#5303=CARTESIAN_POINT('',(551.30025,-233.5315,13.01));
#5304=CARTESIAN_POINT('',(513.20025,-233.5315,13.01));
#5305=CARTESIAN_POINT('',(532.25025,-233.5315,13.01));
#5306=CARTESIAN_POINT('',(513.177289,-233.526933,13.01));
#5307=CARTESIAN_POINT('',(513.177289,-233.526933,13.01));
#5308=CARTESIAN_POINT('',(513.144817,-233.494461,13.01));
#5309=CARTESIAN_POINT('',(513.144817,-233.494461,13.01));
#5310=CARTESIAN_POINT('',(513.14025,-233.4715,13.01));
#5311=CARTESIAN_POINT('',(513.14025,-233.4715,13.01));
#5312=CARTESIAN_POINT('',(513.14025,-228.769,13.01));
#5313=CARTESIAN_POINT('',(513.14025,-228.769,13.01));
#5314=CARTESIAN_POINT('',(494.15025,-228.769,13.01));
#5315=CARTESIAN_POINT('',(494.15025,-228.769,13.01));
#5316=CARTESIAN_POINT('',(494.127289,-228.764433,13.01));
#5317=CARTESIAN_POINT('',(494.127289,-228.764433,13.01));
#5318=CARTESIAN_POINT('',(494.094817,-228.731961,13.01));
#5319=CARTESIAN_POINT('',(494.094817,-228.731961,13.01));
#5320=CARTESIAN_POINT('',(494.09025,-228.709,13.01));
#5321=CARTESIAN_POINT('',(494.09025,-228.709,13.01));
#5322=CARTESIAN_POINT('',(494.09025,-224.0065,13.01));
#5323=CARTESIAN_POINT('',(494.09025,-224.0065,13.01));
#5324=CARTESIAN_POINT('',(475.16025,-224.0065,13.01));
#5325=CARTESIAN_POINT('',(475.16025,-224.0065,13.01));
#5326=CARTESIAN_POINT('',(475.16025,-228.709,13.01));
#5327=CARTESIAN_POINT('',(475.16025,-228.709,13.01));
#5328=CARTESIAN_POINT('',(475.155683,-228.731961,13.01));
#5329=CARTESIAN_POINT('',(475.155683,-228.731961,13.01));
#5330=CARTESIAN_POINT('',(475.123211,-228.764433,13.01));
#5331=CARTESIAN_POINT('',(475.123211,-228.764433,13.01));
#5332=CARTESIAN_POINT('',(475.10025,-228.769,13.01));
#5333=CARTESIAN_POINT('',(475.10025,-228.769,13.01));
#5334=CARTESIAN_POINT('',(456.05025,-228.769,13.01));
#5335=CARTESIAN_POINT('',(456.05025,-228.769,13.01));
#5336=CARTESIAN_POINT('',(456.027289,-228.764433,13.01));
#5337=CARTESIAN_POINT('',(456.027289,-228.764433,13.01));
#5338=CARTESIAN_POINT('',(455.994817,-228.731961,13.01));
#5339=CARTESIAN_POINT('',(455.994817,-228.731961,13.01));
#5340=CARTESIAN_POINT('',(455.99025,-228.709,13.01));
#5341=CARTESIAN_POINT('',(455.99025,-228.709,13.01));
#5342=CARTESIAN_POINT('',(455.99025,-214.4815,13.01));
#5343=CARTESIAN_POINT('',(455.99025,-214.4815,13.01));
#5344=CARTESIAN_POINT('',(417.95025,-214.4815,13.01));
#5345=CARTESIAN_POINT('',(437.00025,-214.4815,13.01));
#5346=CARTESIAN_POINT('',(417.927289,-214.476933,13.01));
#5347=CARTESIAN_POINT('',(417.927289,-214.476933,13.01));
#5348=CARTESIAN_POINT('',(417.894817,-214.444461,13.01));
#5349=CARTESIAN_POINT('',(417.894817,-214.444461,13.01));
#5350=CARTESIAN_POINT('',(417.89025,-214.4215,13.01));
#5351=CARTESIAN_POINT('',(417.89025,-214.4215,13.01));
#5352=CARTESIAN_POINT('',(417.89025,-138.2215,13.01));
#5353=CARTESIAN_POINT('',(417.89025,-185.8465,13.01));
#5354=CARTESIAN_POINT('',(417.894817,-138.198539,13.01));
#5355=CARTESIAN_POINT('',(417.894817,-138.198539,13.01));
#5356=CARTESIAN_POINT('',(417.927289,-138.166067,13.01));
#5357=CARTESIAN_POINT('',(417.927289,-138.166067,13.01));
#5358=CARTESIAN_POINT('',(417.95025,-138.1615,13.01));
#5359=CARTESIAN_POINT('',(417.95025,-138.1615,13.01));
#5360=CARTESIAN_POINT('',(455.99025,-138.1615,13.01));
#5361=CARTESIAN_POINT('',(437.00025,-138.1615,13.01));
#5362=CARTESIAN_POINT('',(455.99025,-133.459,13.01));
#5363=CARTESIAN_POINT('',(455.99025,-133.459,13.01));
#5364=CARTESIAN_POINT('',(455.994817,-133.436039,13.01));
#5365=CARTESIAN_POINT('',(455.994817,-133.436039,13.01));
#5366=CARTESIAN_POINT('',(456.027289,-133.403567,13.01));
#5367=CARTESIAN_POINT('',(456.027289,-133.403567,13.01));
#5368=CARTESIAN_POINT('',(456.05025,-133.399,13.01));
#5369=CARTESIAN_POINT('',(456.05025,-133.399,13.01));
#5370=CARTESIAN_POINT('',(475.04025,-133.399,13.01));
#5371=CARTESIAN_POINT('',(475.04025,-133.399,13.01));
#5372=CARTESIAN_POINT('',(475.04025,-128.6965,13.01));
#5373=CARTESIAN_POINT('',(475.04025,-128.6965,13.01));
#5374=CARTESIAN_POINT('',(475.044817,-128.673539,13.01));
#5375=CARTESIAN_POINT('',(475.044817,-128.673539,13.01));
#5376=CARTESIAN_POINT('',(475.077289,-128.641067,13.01));
#5377=CARTESIAN_POINT('',(475.077289,-128.641067,13.01));
#5378=CARTESIAN_POINT('',(475.10025,-128.6365,13.01));
#5379=CARTESIAN_POINT('',(410.923219,-210.104446,13.01));
#5380=CARTESIAN_POINT('',(410.878861,-210.09256,13.01));
#5381=CARTESIAN_POINT('',(410.923219,-210.104446,13.01));
#5382=CARTESIAN_POINT('',(410.938655,-210.122047,13.01));
#5383=CARTESIAN_POINT('',(410.938655,-210.122047,13.01));
#5384=CARTESIAN_POINT('',(420.433655,-226.567868,13.01));
#5385=CARTESIAN_POINT('',(420.433655,-226.567868,13.01));
#5386=CARTESIAN_POINT('',(436.879477,-217.072869,13.01));
#5387=CARTESIAN_POINT('',(436.879477,-217.072869,13.01));
#5388=CARTESIAN_POINT('',(436.901645,-217.065344,13.01));
#5389=CARTESIAN_POINT('',(436.901645,-217.065344,13.01));
#5390=CARTESIAN_POINT('',(436.946003,-217.07723,13.01));
#5391=CARTESIAN_POINT('',(436.946003,-217.07723,13.01));
#5392=CARTESIAN_POINT('',(436.961439,-217.094831,13.01));
#5393=CARTESIAN_POINT('',(436.961439,-217.094831,13.01));
#5394=CARTESIAN_POINT('',(456.011439,-250.090399,13.01));
#5395=CARTESIAN_POINT('',(456.011439,-250.090399,13.01));
#5396=CARTESIAN_POINT('',(456.018964,-250.112567,13.01));
#5397=CARTESIAN_POINT('',(456.018964,-250.112567,13.01));
#5398=CARTESIAN_POINT('',(456.007078,-250.156925,13.01));
#5399=CARTESIAN_POINT('',(456.007078,-250.156925,13.01));
#5400=CARTESIAN_POINT('',(455.989477,-250.172361,13.01));
#5401=CARTESIAN_POINT('',(455.989477,-250.172361,13.01));
#5402=CARTESIAN_POINT('',(422.993909,-269.222361,13.01));
#5403=CARTESIAN_POINT('',(439.491693,-259.697361,13.01));
#5404=CARTESIAN_POINT('',(406.496125,-278.74736,13.01));
#5405=CARTESIAN_POINT('',(406.496125,-278.74736,13.01));
#5406=CARTESIAN_POINT('',(406.473957,-278.754886,13.01));
#5407=CARTESIAN_POINT('',(406.473957,-278.754886,13.01));
#5408=CARTESIAN_POINT('',(406.429599,-278.743,13.01));
#5409=CARTESIAN_POINT('',(406.429599,-278.743,13.01));
#5410=CARTESIAN_POINT('',(406.414163,-278.725399,13.01));
#5411=CARTESIAN_POINT('',(406.414163,-278.725399,13.01));
#5412=CARTESIAN_POINT('',(387.364163,-245.729831,13.01));
#5413=CARTESIAN_POINT('',(396.889163,-262.227615,13.01));
#5414=CARTESIAN_POINT('',(377.839164,-229.232047,13.01));
#5415=CARTESIAN_POINT('',(377.839164,-229.232047,13.01));
#5416=CARTESIAN_POINT('',(377.831638,-229.209879,13.01));
#5417=CARTESIAN_POINT('',(377.831638,-229.209879,13.01));
#5418=CARTESIAN_POINT('',(377.843524,-229.165521,13.01));
#5419=CARTESIAN_POINT('',(377.843524,-229.165521,13.01));
#5420=CARTESIAN_POINT('',(377.861125,-229.150085,13.01));
#5421=CARTESIAN_POINT('',(377.861125,-229.150085,13.01));
#5422=CARTESIAN_POINT('',(410.856693,-210.100085,13.01));
#5423=CARTESIAN_POINT('',(394.358909,-219.625085,13.01));
#5424=CARTESIAN_POINT('',(410.878861,-210.09256,13.01));
#5425=CARTESIAN_POINT('Origin',(465.096086295091,-202.547475566733,4.01));
#5426=CARTESIAN_POINT('',(361.237550972189,-225.16298916925,4.01));
#5427=CARTESIAN_POINT('',(358.829672590182,-220.843243529797,4.01));
#5428=CARTESIAN_POINT('',(363.122775439715,-218.388177621221,4.01));
#5429=CARTESIAN_POINT('Origin',(365.604890863394,-222.728581176599,4.01));
#5430=CARTESIAN_POINT('',(377.53,-210.149221534019,4.01));
#5431=CARTESIAN_POINT('',(377.53,-210.149221534019,4.01));
#5432=CARTESIAN_POINT('',(377.53,-184.519834723371,4.01));
#5433=CARTESIAN_POINT('',(377.53,-184.519834723371,4.01));
#5434=CARTESIAN_POINT('',(377.530523435192,-175.018787785213,4.01));
#5435=CARTESIAN_POINT('',(377.530523435192,-175.018787785213,4.01));
#5436=CARTESIAN_POINT('',(377.549477568301,-120.705719361426,4.01));
#5437=CARTESIAN_POINT('',(377.549477568301,-120.705719361426,4.01));
#5438=CARTESIAN_POINT('',(377.559737511791,-111.187270199905,4.01));
#5439=CARTESIAN_POINT('',(377.559737511791,-111.187270199905,4.01));
#5440=CARTESIAN_POINT('',(377.57629974361,-108.638756778762,4.01));
#5441=CARTESIAN_POINT('',(377.608582484658,-103.67125,4.01));
#5442=CARTESIAN_POINT('Origin',(382.576194161553,-108.67125,4.01));
#5443=CARTESIAN_POINT('',(396.112794010258,-105.87125,4.01));
#5444=CARTESIAN_POINT('',(396.112794010258,-109.70051884981,4.01));
#5445=CARTESIAN_POINT('',(569.1625,-105.87125,4.01));
#5446=CARTESIAN_POINT('',(379.74947715452,-120.707288928872,4.01));
#5447=CARTESIAN_POINT('',(379.759729806343,-111.195604459942,4.01));
#5448=CARTESIAN_POINT('',(379.730523414043,-175.01923226396,4.01));
#5449=CARTESIAN_POINT('',(379.74947715452,-120.707288928872,4.01));
#5450=CARTESIAN_POINT('',(379.73,-184.519895325404,4.01));
#5451=CARTESIAN_POINT('',(379.730523414043,-175.01923226396,4.01));
#5452=CARTESIAN_POINT('',(379.73,-211.42544988404,4.01));
#5453=CARTESIAN_POINT('',(379.73,-184.519895325404,4.01));
#5454=CARTESIAN_POINT('',(379.73,-211.42544988404,4.01));
#5455=CARTESIAN_POINT('',(392.145969037959,-276.094290564482,4.01));
#5456=CARTESIAN_POINT('',(496.46270809301,-245.621648813562,4.01));
#5457=CARTESIAN_POINT('',(404.861688269507,-298.418882134316,4.01));
#5458=CARTESIAN_POINT('',(496.46270809301,-245.621648813562,4.01));
#5459=CARTESIAN_POINT('',(410.052554006418,-105.87125,4.01));
#5460=CARTESIAN_POINT('',(569.1625,-105.87125,4.01));
#5461=CARTESIAN_POINT('',(410.052554006418,-109.70051884981,4.01));
#5462=CARTESIAN_POINT('Origin',(382.576194161553,-108.67125,13.01));
#5463=CARTESIAN_POINT('',(377.57629974361,-108.638756778762,13.01));
#5464=CARTESIAN_POINT('Origin',(377.608582484658,-103.67125,13.01));
#5465=CARTESIAN_POINT('',(377.559737511791,-111.187270199905,13.01));
#5466=CARTESIAN_POINT('Origin',(365.604890863394,-222.728581176599,13.01));
#5467=CARTESIAN_POINT('',(363.122775439715,-218.388177621221,13.01));
#5468=CARTESIAN_POINT('',(361.237550972189,-225.16298916925,13.01));
#5469=CARTESIAN_POINT('Origin',(358.829672590182,-220.843243529797,13.01));
#5470=CARTESIAN_POINT('Origin',(516.630024609854,-159.235000335749,11.51));
#5471=CARTESIAN_POINT('',(518.130024609854,-128.620006109122,10.01));
#5472=CARTESIAN_POINT('',(518.130024609854,-117.020005558152,10.01));
#5473=CARTESIAN_POINT('',(518.130024609854,-159.235000335749,10.01));
#5474=CARTESIAN_POINT('',(518.130024609854,-117.020005558152,10.01));
#5475=CARTESIAN_POINT('',(515.130024609854,-131.620006109122,13.01));
#5476=CARTESIAN_POINT('Origin',(507.145621646898,-115.520005558152,11.51));
#5477=CARTESIAN_POINT('',(548.130026034778,-117.020005558152,10.01));
#5478=CARTESIAN_POINT('',(507.145621646898,-117.020005558152,10.01));
#5479=CARTESIAN_POINT('',(548.130026034778,-117.020005558152,10.01));
#5480=CARTESIAN_POINT('Origin',(549.630026034778,-165.035000611234,11.51));
#5481=CARTESIAN_POINT('',(548.130026034778,-128.620006109122,10.01));
#5482=CARTESIAN_POINT('',(548.130026034778,-165.035000611234,10.01));
#5483=CARTESIAN_POINT('',(548.130026034778,-128.620006109122,10.01));
#5484=CARTESIAN_POINT('Origin',(492.145620934436,-130.120006109122,11.51));
#5485=CARTESIAN_POINT('',(492.145620934436,-128.620006109122,10.01));
#5486=CARTESIAN_POINT('Origin',(548.130026034778,-117.020005558152,9.01));
#5487=CARTESIAN_POINT('',(518.130024609854,-117.020005558152,9.01));
#5488=CARTESIAN_POINT('',(548.130026034778,-117.020005558152,9.01));
#5489=CARTESIAN_POINT('Origin',(518.130024609854,-117.020005558152,9.01));
#5490=CARTESIAN_POINT('',(518.130024609854,-128.620006109122,9.01));
#5491=CARTESIAN_POINT('Origin',(548.130026034778,-128.620006109122,9.01));
#5492=CARTESIAN_POINT('',(548.130026034778,-128.620006109122,9.01));
#5493=CARTESIAN_POINT('Origin',(518.130024609854,-128.620006109122,9.01));
#5494=CARTESIAN_POINT('Origin',(396.112674008338,-109.70051884981,4.03999999999998));
#5495=CARTESIAN_POINT('',(396.112674008338,-105.87125,4.03999999999997));
#5496=CARTESIAN_POINT('',(396.112674008338,-105.87125,4.74999999999997));
#5497=CARTESIAN_POINT('',(396.112674008338,-105.87125,6.52499999999999));
#5498=CARTESIAN_POINT('',(396.112674008338,-109.70051884981,4.03999999999998));
#5499=CARTESIAN_POINT('',(396.112674008338,-109.70051884981,4.74999999999998));
#5500=CARTESIAN_POINT('Origin',(399.862674008338,-109.70051884981,4.74999999999998));
#5501=CARTESIAN_POINT('',(399.862674008338,-105.87125,8.49999999999998));
#5502=CARTESIAN_POINT('Origin',(399.862674008338,-105.87125,4.74999999999997));
#5503=CARTESIAN_POINT('',(399.862674008338,-109.70051884981,8.49999999999998));
#5504=CARTESIAN_POINT('Origin',(399.862674008338,-109.70051884981,8.49999999999998));
#5505=CARTESIAN_POINT('',(406.302674008338,-105.87125,8.49999999999998));
#5506=CARTESIAN_POINT('',(389.828502815415,-105.87125,8.49999999999997));
#5507=CARTESIAN_POINT('',(406.302674008338,-109.70051884981,8.49999999999998));
#5508=CARTESIAN_POINT('Origin',(406.302674008338,-109.70051884981,4.74999999999998));
#5509=CARTESIAN_POINT('',(410.052674008338,-105.87125,4.74999999999997));
#5510=CARTESIAN_POINT('Origin',(406.302674008338,-105.87125,4.74999999999997));
#5511=CARTESIAN_POINT('',(410.052674008338,-109.70051884981,4.74999999999998));
#5512=CARTESIAN_POINT('Origin',(406.302674008338,-109.70051884981,4.03999999999998));
#5513=CARTESIAN_POINT('',(410.052674008338,-105.87125,4.03999999999997));
#5514=CARTESIAN_POINT('Origin',(406.302674008338,-105.87125,4.03999999999997));
#5515=CARTESIAN_POINT('',(410.052674008338,-109.70051884981,4.03999999999998));
#5516=CARTESIAN_POINT('Origin',(410.052674008338,-109.70051884981,4.74999999999998));
#5517=CARTESIAN_POINT('',(410.052674008338,-105.87125,6.87999999999999));
#5518=CARTESIAN_POINT('Origin',(399.862674008338,-109.70051884981,4.03999999999998));
#5519=CARTESIAN_POINT('Origin',(399.862674008338,-105.87125,4.03999999999997));
#5520=CARTESIAN_POINT('Origin',(379.794331622492,-105.87125,9.01));
#5521=CARTESIAN_POINT('Origin',(401.0315,-200.134,13.01));
#5522=CARTESIAN_POINT('',(396.7815,-200.134,13.01));
#5523=CARTESIAN_POINT('Origin',(379.74947715452,-120.707288928872,9.01));
#5524=CARTESIAN_POINT('',(379.74947715452,-120.707288928872,9.01));
#5525=CARTESIAN_POINT('Origin',(379.730523414043,-175.01923226396,9.01));
#5526=CARTESIAN_POINT('',(379.730523414043,-175.01923226396,9.01));
#5527=CARTESIAN_POINT('Origin',(379.73,-184.519895325404,9.01));
#5528=CARTESIAN_POINT('',(379.73,-184.519895325404,9.01));
#5529=CARTESIAN_POINT('Origin',(379.73,-211.42544988404,9.01));
#5530=CARTESIAN_POINT('',(379.73,-211.42544988404,9.01));
#5531=CARTESIAN_POINT('Origin',(361.810768630395,-221.67279209439,9.01));
#5532=CARTESIAN_POINT('Origin',(397.485707611227,-285.617859647537,9.01));
#5533=CARTESIAN_POINT('Origin',(496.46270809301,-245.621648813562,9.01));
#5534=CARTESIAN_POINT('',(496.46270809301,-245.621648813562,9.01));
#5535=CARTESIAN_POINT('Origin',(569.1625,-245.706165028814,9.01));
#5536=CARTESIAN_POINT('Origin',(377.53,-210.149221534019,13.01));
#5537=CARTESIAN_POINT('',(377.53,-210.149221534019,13.01));
#5538=CARTESIAN_POINT('Origin',(377.53,-184.519834723371,13.01));
#5539=CARTESIAN_POINT('',(377.53,-184.519834723371,13.01));
#5540=CARTESIAN_POINT('Origin',(377.530523435192,-175.018787785213,13.01));
#5541=CARTESIAN_POINT('',(377.530523435192,-175.018787785213,13.01));
#5542=CARTESIAN_POINT('Origin',(377.549477568301,-120.705719361426,13.01));
#5543=CARTESIAN_POINT('',(377.549477568301,-120.705719361426,13.01));
#5544=CARTESIAN_POINT('Origin',(377.559737511791,-111.187270199905,13.01));
#5545=CARTESIAN_POINT('Origin',(410.856693,-210.100085,13.01));
#5546=CARTESIAN_POINT('',(410.856693,-210.100085,13.01));
#5547=CARTESIAN_POINT('',(410.878861,-210.09256,13.01));
#5548=CARTESIAN_POINT('Origin',(377.861125,-229.150085,13.01));
#5549=CARTESIAN_POINT('',(377.861125,-229.150085,13.01));
#5550=CARTESIAN_POINT('Origin',(377.843524,-229.165521,13.01));
#5551=CARTESIAN_POINT('',(377.843524,-229.165521,13.01));
#5552=CARTESIAN_POINT('Origin',(377.831638,-229.209879,13.01));
#5553=CARTESIAN_POINT('',(377.831638,-229.209879,13.01));
#5554=CARTESIAN_POINT('Origin',(377.839164,-229.232047,13.01));
#5555=CARTESIAN_POINT('',(377.839164,-229.232047,13.01));
#5556=CARTESIAN_POINT('Origin',(387.364163,-245.729831,13.01));
#5557=CARTESIAN_POINT('',(387.364163,-245.729831,13.01));
#5558=CARTESIAN_POINT('Origin',(406.414163,-278.725399,13.01));
#5559=CARTESIAN_POINT('',(406.414163,-278.725399,13.01));
#5560=CARTESIAN_POINT('Origin',(406.429599,-278.743,13.01));
#5561=CARTESIAN_POINT('',(406.429599,-278.743,13.01));
#5562=CARTESIAN_POINT('Origin',(406.473957,-278.754886,13.01));
#5563=CARTESIAN_POINT('',(406.473957,-278.754886,13.01));
#5564=CARTESIAN_POINT('Origin',(406.496125,-278.74736,13.01));
#5565=CARTESIAN_POINT('',(406.496125,-278.74736,13.01));
#5566=CARTESIAN_POINT('Origin',(422.993909,-269.222361,13.01));
#5567=CARTESIAN_POINT('',(422.993909,-269.222361,13.01));
#5568=CARTESIAN_POINT('Origin',(455.989477,-250.172361,13.01));
#5569=CARTESIAN_POINT('',(455.989477,-250.172361,13.01));
#5570=CARTESIAN_POINT('Origin',(456.007078,-250.156925,13.01));
#5571=CARTESIAN_POINT('',(456.007078,-250.156925,13.01));
#5572=CARTESIAN_POINT('Origin',(456.018964,-250.112567,13.01));
#5573=CARTESIAN_POINT('',(456.018964,-250.112567,13.01));
#5574=CARTESIAN_POINT('Origin',(456.011439,-250.090399,13.01));
#5575=CARTESIAN_POINT('',(456.011439,-250.090399,13.01));
#5576=CARTESIAN_POINT('Origin',(436.961439,-217.094831,13.01));
#5577=CARTESIAN_POINT('',(436.961439,-217.094831,13.01));
#5578=CARTESIAN_POINT('Origin',(436.946003,-217.07723,13.01));
#5579=CARTESIAN_POINT('',(436.946003,-217.07723,13.01));
#5580=CARTESIAN_POINT('Origin',(436.901645,-217.065344,13.01));
#5581=CARTESIAN_POINT('',(436.901645,-217.065344,13.01));
#5582=CARTESIAN_POINT('Origin',(436.879477,-217.072869,13.01));
#5583=CARTESIAN_POINT('',(436.879477,-217.072869,13.01));
#5584=CARTESIAN_POINT('Origin',(420.433655,-226.567868,13.01));
#5585=CARTESIAN_POINT('',(420.433655,-226.567868,13.01));
#5586=CARTESIAN_POINT('Origin',(410.938655,-210.122047,13.01));
#5587=CARTESIAN_POINT('',(410.938655,-210.122047,13.01));
#5588=CARTESIAN_POINT('Origin',(410.923219,-210.104446,13.01));
#5589=CARTESIAN_POINT('',(410.923219,-210.104446,13.01));
#5590=CARTESIAN_POINT('Origin',(410.878861,-210.09256,13.01));
#5591=CARTESIAN_POINT('Origin',(475.077289,-128.641067,13.01));
#5592=CARTESIAN_POINT('',(475.077289,-128.641067,13.01));
#5593=CARTESIAN_POINT('',(475.10025,-128.6365,13.01));
#5594=CARTESIAN_POINT('Origin',(475.044817,-128.673539,13.01));
#5595=CARTESIAN_POINT('',(475.044817,-128.673539,13.01));
#5596=CARTESIAN_POINT('Origin',(475.04025,-128.6965,13.01));
#5597=CARTESIAN_POINT('',(475.04025,-128.6965,13.01));
#5598=CARTESIAN_POINT('Origin',(475.04025,-133.399,13.01));
#5599=CARTESIAN_POINT('',(475.04025,-133.399,13.01));
#5600=CARTESIAN_POINT('Origin',(456.05025,-133.399,13.01));
#5601=CARTESIAN_POINT('',(456.05025,-133.399,13.01));
#5602=CARTESIAN_POINT('Origin',(456.027289,-133.403567,13.01));
#5603=CARTESIAN_POINT('',(456.027289,-133.403567,13.01));
#5604=CARTESIAN_POINT('Origin',(455.994817,-133.436039,13.01));
#5605=CARTESIAN_POINT('',(455.994817,-133.436039,13.01));
#5606=CARTESIAN_POINT('Origin',(455.99025,-133.459,13.01));
#5607=CARTESIAN_POINT('',(455.99025,-133.459,13.01));
#5608=CARTESIAN_POINT('Origin',(455.99025,-138.1615,13.01));
#5609=CARTESIAN_POINT('',(455.99025,-138.1615,13.01));
#5610=CARTESIAN_POINT('Origin',(417.95025,-138.1615,13.01));
#5611=CARTESIAN_POINT('',(417.95025,-138.1615,13.01));
#5612=CARTESIAN_POINT('Origin',(417.927289,-138.166067,13.01));
#5613=CARTESIAN_POINT('',(417.927289,-138.166067,13.01));
#5614=CARTESIAN_POINT('Origin',(417.894817,-138.198539,13.01));
#5615=CARTESIAN_POINT('',(417.894817,-138.198539,13.01));
#5616=CARTESIAN_POINT('Origin',(417.89025,-138.2215,13.01));
#5617=CARTESIAN_POINT('',(417.89025,-138.2215,13.01));
#5618=CARTESIAN_POINT('Origin',(417.89025,-214.4215,13.01));
#5619=CARTESIAN_POINT('',(417.89025,-214.4215,13.01));
#5620=CARTESIAN_POINT('Origin',(417.894817,-214.444461,13.01));
#5621=CARTESIAN_POINT('',(417.894817,-214.444461,13.01));
#5622=CARTESIAN_POINT('Origin',(417.927289,-214.476933,13.01));
#5623=CARTESIAN_POINT('',(417.927289,-214.476933,13.01));
#5624=CARTESIAN_POINT('Origin',(417.95025,-214.4815,13.01));
#5625=CARTESIAN_POINT('',(417.95025,-214.4815,13.01));
#5626=CARTESIAN_POINT('Origin',(455.99025,-214.4815,13.01));
#5627=CARTESIAN_POINT('',(455.99025,-214.4815,13.01));
#5628=CARTESIAN_POINT('Origin',(455.99025,-228.709,13.01));
#5629=CARTESIAN_POINT('',(455.99025,-228.709,13.01));
#5630=CARTESIAN_POINT('Origin',(455.994817,-228.731961,13.01));
#5631=CARTESIAN_POINT('',(455.994817,-228.731961,13.01));
#5632=CARTESIAN_POINT('Origin',(456.027289,-228.764433,13.01));
#5633=CARTESIAN_POINT('',(456.027289,-228.764433,13.01));
#5634=CARTESIAN_POINT('Origin',(456.05025,-228.769,13.01));
#5635=CARTESIAN_POINT('',(456.05025,-228.769,13.01));
#5636=CARTESIAN_POINT('Origin',(475.10025,-228.769,13.01));
#5637=CARTESIAN_POINT('',(475.10025,-228.769,13.01));
#5638=CARTESIAN_POINT('Origin',(475.123211,-228.764433,13.01));
#5639=CARTESIAN_POINT('',(475.123211,-228.764433,13.01));
#5640=CARTESIAN_POINT('Origin',(475.155683,-228.731961,13.01));
#5641=CARTESIAN_POINT('',(475.155683,-228.731961,13.01));
#5642=CARTESIAN_POINT('Origin',(475.16025,-228.709,13.01));
#5643=CARTESIAN_POINT('',(475.16025,-228.709,13.01));
#5644=CARTESIAN_POINT('Origin',(475.16025,-224.0065,13.01));
#5645=CARTESIAN_POINT('',(475.16025,-224.0065,13.01));
#5646=CARTESIAN_POINT('Origin',(494.09025,-224.0065,13.01));
#5647=CARTESIAN_POINT('',(494.09025,-224.0065,13.01));
#5648=CARTESIAN_POINT('Origin',(494.09025,-228.709,13.01));
#5649=CARTESIAN_POINT('',(494.09025,-228.709,13.01));
#5650=CARTESIAN_POINT('Origin',(494.094817,-228.731961,13.01));
#5651=CARTESIAN_POINT('',(494.094817,-228.731961,13.01));
#5652=CARTESIAN_POINT('Origin',(494.127289,-228.764433,13.01));
#5653=CARTESIAN_POINT('',(494.127289,-228.764433,13.01));
#5654=CARTESIAN_POINT('Origin',(494.15025,-228.769,13.01));
#5655=CARTESIAN_POINT('',(494.15025,-228.769,13.01));
#5656=CARTESIAN_POINT('Origin',(513.14025,-228.769,13.01));
#5657=CARTESIAN_POINT('',(513.14025,-228.769,13.01));
#5658=CARTESIAN_POINT('Origin',(513.14025,-233.4715,13.01));
#5659=CARTESIAN_POINT('',(513.14025,-233.4715,13.01));
#5660=CARTESIAN_POINT('Origin',(513.144817,-233.494461,13.01));
#5661=CARTESIAN_POINT('',(513.144817,-233.494461,13.01));
#5662=CARTESIAN_POINT('Origin',(513.177289,-233.526933,13.01));
#5663=CARTESIAN_POINT('',(513.177289,-233.526933,13.01));
#5664=CARTESIAN_POINT('Origin',(513.20025,-233.5315,13.01));
#5665=CARTESIAN_POINT('',(513.20025,-233.5315,13.01));
#5666=CARTESIAN_POINT('Origin',(551.30025,-233.5315,13.01));
#5667=CARTESIAN_POINT('',(551.30025,-233.5315,13.01));
#5668=CARTESIAN_POINT('Origin',(551.323211,-233.526933,13.01));
#5669=CARTESIAN_POINT('',(551.323211,-233.526933,13.01));
#5670=CARTESIAN_POINT('Origin',(551.355683,-233.494461,13.01));
#5671=CARTESIAN_POINT('',(551.355683,-233.494461,13.01));
#5672=CARTESIAN_POINT('Origin',(551.36025,-233.4715,13.01));
#5673=CARTESIAN_POINT('',(551.36025,-233.4715,13.01));
#5674=CARTESIAN_POINT('Origin',(551.36025,-214.4815,13.01));
#5675=CARTESIAN_POINT('',(551.36025,-214.4815,13.01));
#5676=CARTESIAN_POINT('Origin',(560.82525,-214.4815,13.01));
#5677=CARTESIAN_POINT('',(560.82525,-214.4815,13.01));
#5678=CARTESIAN_POINT('Origin',(560.848211,-214.476933,13.01));
#5679=CARTESIAN_POINT('',(560.848211,-214.476933,13.01));
#5680=CARTESIAN_POINT('Origin',(560.880683,-214.444461,13.01));
#5681=CARTESIAN_POINT('',(560.880683,-214.444461,13.01));
#5682=CARTESIAN_POINT('Origin',(560.88525,-214.4215,13.01));
#5683=CARTESIAN_POINT('',(560.88525,-214.4215,13.01));
#5684=CARTESIAN_POINT('Origin',(560.88525,-138.2215,13.01));
#5685=CARTESIAN_POINT('',(560.88525,-138.2215,13.01));
#5686=CARTESIAN_POINT('Origin',(560.880683,-138.198539,13.01));
#5687=CARTESIAN_POINT('',(560.880683,-138.198539,13.01));
#5688=CARTESIAN_POINT('Origin',(560.848211,-138.166067,13.01));
#5689=CARTESIAN_POINT('',(560.848211,-138.166067,13.01));
#5690=CARTESIAN_POINT('Origin',(560.82525,-138.1615,13.01));
#5691=CARTESIAN_POINT('',(560.82525,-138.1615,13.01));
#5692=CARTESIAN_POINT('Origin',(513.26025,-138.1615,13.01));
#5693=CARTESIAN_POINT('',(513.26025,-138.1615,13.01));
#5694=CARTESIAN_POINT('Origin',(513.26025,-133.459,13.01));
#5695=CARTESIAN_POINT('',(513.26025,-133.459,13.01));
#5696=CARTESIAN_POINT('Origin',(513.255683,-133.436039,13.01));
#5697=CARTESIAN_POINT('',(513.255683,-133.436039,13.01));
#5698=CARTESIAN_POINT('Origin',(513.223211,-133.403567,13.01));
#5699=CARTESIAN_POINT('',(513.223211,-133.403567,13.01));
#5700=CARTESIAN_POINT('Origin',(513.20025,-133.399,13.01));
#5701=CARTESIAN_POINT('',(513.20025,-133.399,13.01));
#5702=CARTESIAN_POINT('Origin',(494.21025,-133.399,13.01));
#5703=CARTESIAN_POINT('',(494.21025,-133.399,13.01));
#5704=CARTESIAN_POINT('Origin',(494.21025,-128.6965,13.01));
#5705=CARTESIAN_POINT('',(494.21025,-128.6965,13.01));
#5706=CARTESIAN_POINT('Origin',(494.205683,-128.673539,13.01));
#5707=CARTESIAN_POINT('',(494.205683,-128.673539,13.01));
#5708=CARTESIAN_POINT('Origin',(494.173211,-128.641067,13.01));
#5709=CARTESIAN_POINT('',(494.173211,-128.641067,13.01));
#5710=CARTESIAN_POINT('Origin',(494.15025,-128.6365,13.01));
#5711=CARTESIAN_POINT('',(494.15025,-128.6365,13.01));
#5712=CARTESIAN_POINT('Origin',(475.10025,-128.6365,13.01));
#5713=UNCERTAINTY_MEASURE_WITH_UNIT(LENGTH_MEASURE(0.01),#5717,
'DISTANCE_ACCURACY_VALUE',
'Maximum model space distance between geometric entities at asserted c
onnectivities');
#5714=UNCERTAINTY_MEASURE_WITH_UNIT(LENGTH_MEASURE(0.01),#5717,
'DISTANCE_ACCURACY_VALUE',
'Maximum model space distance between geometric entities at asserted c
onnectivities');
#5715=(
GEOMETRIC_REPRESENTATION_CONTEXT(3)
GLOBAL_UNCERTAINTY_ASSIGNED_CONTEXT((#5713))
GLOBAL_UNIT_ASSIGNED_CONTEXT((#5717,#5718,#5719))
REPRESENTATION_CONTEXT('','3D')
);
#5716=(
GEOMETRIC_REPRESENTATION_CONTEXT(3)
GLOBAL_UNCERTAINTY_ASSIGNED_CONTEXT((#5714))
GLOBAL_UNIT_ASSIGNED_CONTEXT((#5717,#5718,#5719))
REPRESENTATION_CONTEXT('','3D')
);
#5717=(
LENGTH_UNIT()
NAMED_UNIT(*)
SI_UNIT(.MILLI.,.METRE.)
);
#5718=(
NAMED_UNIT(*)
PLANE_ANGLE_UNIT()
SI_UNIT($,.RADIAN.)
);
#5719=(
NAMED_UNIT(*)
SI_UNIT($,.STERADIAN.)
SOLID_ANGLE_UNIT()
);
#5720=SHAPE_DEFINITION_REPRESENTATION(#5721,#5722);
#5721=PRODUCT_DEFINITION_SHAPE('',$,#5724);
#5722=SHAPE_REPRESENTATION('',(#3410),#5715);
#5723=PRODUCT_DEFINITION_CONTEXT('part definition',#5728,'design');
#5724=PRODUCT_DEFINITION('TwinPanda 1','TwinPanda v14',#5725,#5723);
#5725=PRODUCT_DEFINITION_FORMATION('',$,#5730);
#5726=PRODUCT_RELATED_PRODUCT_CATEGORY('TwinPanda v14','TwinPanda v14',
(#5730));
#5727=APPLICATION_PROTOCOL_DEFINITION('international standard',
'automotive_design',2009,#5728);
#5728=APPLICATION_CONTEXT(
'Core Data for Automotive Mechanical Design Process');
#5729=PRODUCT_CONTEXT('part definition',#5728,'mechanical');
#5730=PRODUCT('TwinPanda 1','TwinPanda v14','KiCad electronic assembly',
(#5729));
#5731=PRESENTATION_STYLE_ASSIGNMENT((#5732));
#5732=SURFACE_STYLE_USAGE(.BOTH.,#5733);
#5733=SURFACE_SIDE_STYLE('',(#5734));
#5734=SURFACE_STYLE_FILL_AREA(#5735);
#5735=FILL_AREA_STYLE('Acciaio - Satinato',(#5736));
#5736=FILL_AREA_STYLE_COLOUR('Acciaio - Satinato',#5737);
#5737=COLOUR_RGB('Acciaio - Satinato',0.627450980392157,0.627450980392157,
0.627450980392157);
ENDSEC;
END-ISO-10303-21;
